date,close,rolling_return_20,state,regime,bear,sideways,bull,signal,eligible,momentum,filtered_momentum
2020-01-01,7200.17431640625,-0.005931128609872216,1,Sideways,0.11180124223602485,0.76604554865424435,0.12215320910973085,0.010351966873706001,True,0,0
2020-01-02,6985.47021484375,-0.039095830461394088,1,Sideways,0.1115702479338843,0.76652892561983466,0.12190082644628099,0.010330578512396688,True,0,0
2020-01-03,7344.88427734375,0.030908144643682967,1,Sideways,0.11134020618556702,0.76701030927835057,0.12164948453608247,0.010309278350515455,True,1,1
2020-01-04,7410.65673828125,0.036121935177937381,1,Sideways,0.1111111111111111,0.76748971193415638,0.12139917695473251,0.010288065843621408,True,1,1
2020-01-05,7411.3173828125,0.069071512890802156,2,Bull,0.0024844720496894411,0.081987577639751549,0.915527950310559,0.91304347826086951,True,1,1
2020-01-06,7769.21923828125,0.1699723708664298,2,Bull,0.0024844720496894411,0.081987577639751549,0.915527950310559,0.91304347826086951,True,1,1
2020-01-07,8163.6923828125,0.12187902858049293,2,Bull,0.0024813895781637717,0.081885856079404462,0.91563275434243174,0.91315136476426795,True,1,1
2020-01-08,8079.86279296875,0.12176003335271002,2,Bull,0.0024783147459727386,0.081784386617100371,0.91573729863692688,0.91325898389095417,True,1,1
2020-01-09,7879.0712890625,0.091463038489364656,2,Bull,0.0024752475247524753,0.081683168316831686,0.91584158415841588,0.9133663366336634,True,1,1
2020-01-10,8166.55419921875,0.13563815647374611,2,Bull,0.002472187886279357,0.081582200247218795,0.91594561186650181,0.91347342398022247,True,1,1
2020-01-11,8037.53759765625,0.070018306348770709,2,Bull,0.0024691358024691358,0.081481481481481488,0.91604938271604941,0.91358024691358031,True,1,1
2020-01-12,8192.494140625,0.11377215855709988,2,Bull,0.0024660912453760789,0.08138101109741061,0.91615289765721331,0.91368680641183719,True,1,1
2020-01-13,8144.1943359375,0.11221010491349137,2,Bull,0.0024630541871921183,0.081280788177339899,0.91625615763546797,0.9137931034482758,True,1,1
2020-01-14,8827.7646484375,0.21341245982504531,2,Bull,0.0024600246002460025,0.081180811808118078,0.91635916359163594,0.91389913899138997,True,1,1
2020-01-15,8807.0107421875,0.21661156754986233,2,Bull,0.0024570024570024569,0.081081081081081086,0.91646191646191644,0.91400491400491402,True,1,1
2020-01-16,8723.7861328125,0.19666397434283933,2,Bull,0.0024539877300613498,0.080981595092024544,0.91656441717791415,0.91411042944785281,True,1,1
2020-01-17,8929.0380859375,0.22014894799871154,2,Bull,0.0024509803921568627,0.080882352941176475,0.91666666666666663,0.91421568627450978,True,1,1
2020-01-18,8942.80859375,0.20479952331311591,2,Bull,0.0024479804161566705,0.080783353733170138,0.91676866585067318,0.9143206854345165,True,1,1
2020-01-19,8706.2451171875,0.1937818382284906,2,Bull,0.0024449877750611247,0.080684596577017112,0.91687041564792171,0.91442542787286063,True,1,1
2020-01-20,8657.642578125,0.20352030080995798,2,Bull,0.002442002442002442,0.080586080586080591,0.91697191697191693,0.9145299145299145,True,1,1
2020-01-21,8745.89453125,0.21467816568297327,2,Bull,0.0024390243902439024,0.080487804878048783,0.91707317073170735,0.91463414634146345,True,1,1
2020-01-22,8680.8759765625,0.24270460106122904,2,Bull,0.0024360535931790498,0.080389768574908649,0.91717417783191235,0.91473812423873335,True,1,1
2020-01-23,8406.515625,0.14454024155710532,2,Bull,0.0024330900243309003,0.080291970802919707,0.91727493917274938,0.91484184914841848,True,1,1
2020-01-24,8445.4345703125,0.13963375562733793,2,Bull,0.0024301336573511541,0.080194410692588092,0.91737545565006073,0.91494532199270961,True,1,1
2020-01-25,8367.84765625,0.12906346119460199,2,Bull,0.0024271844660194173,0.080097087378640783,0.91747572815533984,0.91504854368932043,True,1,1
2020-01-26,8596.830078125,0.10652432560608727,2,Bull,0.0024242424242424242,0.080000000000000002,0.9175757575757576,0.91515151515151516,True,1,1
2020-01-27,8909.8193359375,0.091395770214941496,2,Bull,0.0024213075060532689,0.07990314769975787,0.91767554479418889,0.9152542372881356,True,1,1
2020-01-28,9358.58984375,0.15826098580461334,2,Bull,0.0024183796856106408,0.079806529625151154,0.91777509068923824,0.91535671100362759,True,1,1
2020-01-29,9316.6298828125,0.18245279691092242,2,Bull,0.0024154589371980675,0.079710144927536225,0.91787439613526567,0.91545893719806759,True,1,1
2020-01-30,9508.9931640625,0.16438254520764395,2,Bull,0.0024125452352231603,0.079613992762364291,0.91797346200241259,0.91556091676718943,True,1,1
2020-01-31,9350.529296875,0.16335745659237966,2,Bull,0.0024096385542168677,0.079518072289156624,0.91807228915662653,0.9156626506024097,True,1,1
2020-02-01,9392.875,0.14652202842874718,2,Bull,0.0024067388688327317,0.079422382671480149,0.91817087845968715,0.91576413959085445,True,1,1
2020-02-02,9344.365234375,0.14736520875264025,2,Bull,0.002403846153846154,0.079326923076923073,0.91826923076923073,0.91586538461538458,True,1,1
2020-02-03,9293.521484375,0.052760450067043774,2,Bull,0.0024009603841536613,0.079231692677070822,0.91836734693877553,0.91596638655462181,True,1,1
2020-02-04,9180.962890625,0.042460734905907183,1,Sideways,0.11065573770491803,0.76639344262295084,0.12295081967213115,0.012295081967213115,True,1,1
2020-02-05,9613.423828125,0.10197839352873794,2,Bull,0.0023952095808383233,0.080239520958083829,0.91736526946107788,0.91497005988023961,True,1,1
2020-02-06,9729.8017578125,0.089680844024636608,2,Bull,0.0023952095808383233,0.080239520958083829,0.91736526946107788,0.91497005988023961,True,1,1
2020-02-07,9795.943359375,0.095398974123324543,2,Bull,0.0023923444976076554,0.080143540669856461,0.91746411483253587,0.91507177033492826,True,1,1
2020-02-08,9865.119140625,0.13310836162304929,2,Bull,0.0023894862604540022,0.080047789725209081,0.91756272401433692,0.91517323775388293,True,1,1
2020-02-09,10116.673828125,0.16852523499716754,2,Bull,0.0023866348448687352,0.07995226730310262,0.91766109785202865,0.91527446300715987,True,1,1
2020-02-10,9856.611328125,0.12699864981292563,2,Bull,0.0023837902264600714,0.079856972586412389,0.91775923718712749,0.91537544696066742,True,1,1
2020-02-11,10208.236328125,0.17594541791476126,2,Bull,0.0023809523809523812,0.079761904761904756,0.91785714285714282,0.91547619047619044,True,1,1
2020-02-12,10326.0546875,0.22833943908835597,2,Bull,0.0023781212841854932,0.079667063020214035,0.91795481569560045,0.91557669441141498,True,1,1
2020-02-13,10214.3798828125,0.20945580689455801,2,Bull,0.0023752969121140144,0.079572446555819479,0.91805225653206646,0.91567695961995244,True,1,1
2020-02-14,10312.1162109375,0.23234989863078037,2,Bull,0.0023724792408066431,0.079478054567022532,0.91814946619217086,0.91577698695136422,True,1,1
2020-02-15,9889.4248046875,0.15035713336379208,2,Bull,0.0023696682464454978,0.079383886255924171,0.91824644549763035,0.91587677725118488,True,1,1
2020-02-16,9934.43359375,0.11499832030036217,2,Bull,0.0023668639053254438,0.079289940828402364,0.91834319526627217,0.91597633136094669,True,1,1
2020-02-17,9690.142578125,0.035427638128240346,1,Sideways,0.11042944785276074,0.76482617586912061,0.12474437627811862,0.014314928425357878,True,1,1
2020-02-18,10141.99609375,0.088590640748770211,2,Bull,0.0023612750885478157,0.080283353010625738,0.9173553719008265,0.91499409681227872,True,1,1
2020-02-19,9633.38671875,0.013081674635925022,1,Sideways,0.11020408163265306,0.76326530612244903,0.12653061224489795,0.016326530612244886,True,1,1
2020-02-20,9608.4755859375,0.027586276762825213,1,Sideways,0.11020408163265306,0.76326530612244903,0.12653061224489795,0.016326530612244886,True,1,1
2020-02-21,9686.44140625,0.03125415873734072,1,Sideways,0.10997963340122199,0.76374745417515277,0.12627291242362526,0.016293279022403268,True,1,1
2020-02-22,9663.181640625,0.034118572878248932,1,Sideways,0.10975609756097561,0.76422764227642281,0.12601626016260162,0.016260162601626008,True,1,1
2020-02-23,9924.515625,0.067896129759411172,2,Bull,0.0023584905660377358,0.081367924528301883,0.91627358490566035,0.91391509433962259,True,1,1
2020-02-24,9650.1748046875,0.051107048318606019,2,Bull,0.0023584905660377358,0.081367924528301883,0.91627358490566035,0.91391509433962259,True,1,1
2020-02-25,9341.705078125,-0.028264513752640386,1,Sideways,0.10931174089068826,0.76315789473684215,0.12753036437246965,0.018218623481781382,True,0,0
2020-02-26,8820.5224609375,-0.093453013690119491,0,Bear,0.88974854932301739,0.092843326885880081,0.017408123791102514,-0.87234042553191493,True,0,0
2020-02-27,8784.494140625,-0.10325184432411139,0,Bear,0.88974854932301739,0.092843326885880081,0.017408123791102514,-0.87234042553191493,True,0,0
2020-02-28,8672.455078125,-0.12089707640615877,0,Bear,0.88996138996138996,0.092664092664092659,0.017374517374517374,-0.87258687258687262,True,0,0
2020-02-29,8599.5087890625,-0.1499667840278377,0,Bear,0.89017341040462428,0.092485549132947972,0.017341040462427744,-0.87283236994219648,True,0,0
2020-03-01,8562.4541015625,-0.13129839287359668,0,Bear,0.89038461538461533,0.092307692307692313,0.017307692307692309,-0.87307692307692297,True,0,0
2020-03-02,8869.669921875,-0.1311261184816106,0,Bear,0.89059500959692894,0.092130518234165071,0.017274472168905951,-0.87332053742802296,True,0,0
2020-03-03,8787.7861328125,-0.148969630826149,0,Bear,0.89080459770114939,0.091954022988505746,0.017241379310344827,-0.87356321839080453,True,0,0
2020-03-04,8755.24609375,-0.14285094208389004,0,Bear,0.89101338432122368,0.091778202676864248,0.017208413001912046,-0.87380497131931167,True,0,0
2020-03-05,9078.7626953125,-0.11960236777751299,0,Bear,0.89122137404580148,0.091603053435114504,0.01717557251908397,-0.87404580152671751,True,0,0
2020-03-06,9122.5458984375,-0.077545349845473899,0,Bear,0.89142857142857146,0.091428571428571428,0.017142857142857144,-0.87428571428571433,True,0,0
2020-03-07,8909.9541015625,-0.10312409686164947,0,Bear,0.89163498098859317,0.09125475285171103,0.017110266159695818,-0.87452471482889738,True,0,0
2020-03-08,8108.1162109375,-0.16326141276381667,0,Bear,0.89184060721062619,0.091081593927893736,0.017077798861480076,-0.8747628083491461,True,0,0
2020-03-09,7923.64453125,-0.21872928583230855,0,Bear,0.89204545454545459,0.090909090909090912,0.017045454545454544,-0.875,True,0,0
2020-03-10,7909.7294921875,-0.17892536414090487,0,Bear,0.89224952741020791,0.090737240075614373,0.017013232514177693,-0.87523629489603016,True,0,0
2020-03-11,7911.43017578125,-0.17661963076015552,0,Bear,0.89245283018867927,0.09056603773584905,0.016981132075471698,-0.87547169811320757,True,0,0
2020-03-12,4970.7880859375,-0.4868303149255423,0,Bear,0.89265536723163841,0.0903954802259887,0.016949152542372881,-0.87570621468926557,True,0,0
2020-03-13,5563.70703125,-0.42423652600509865,0,Bear,0.8928571428571429,0.090225563909774431,0.016917293233082706,-0.87593984962406024,True,0,0
2020-03-14,5200.3662109375,-0.4760080584852221,0,Bear,0.89305816135084426,0.090056285178236398,0.016885553470919325,-0.8761726078799249,True,0,0
2020-03-15,5392.31494140625,-0.44122100888918891,0,Bear,0.8932584269662921,0.0898876404494382,0.016853932584269662,-0.87640449438202239,True,0,0
2020-03-16,5014.47998046875,-0.46321576858480529,0,Bear,0.8934579439252337,0.089719626168224292,0.016822429906542057,-0.87663551401869166,True,0,0
2020-03-17,5225.62939453125,-0.4075601056883611,0,Bear,0.89365671641791045,0.089552238805970144,0.016791044776119403,-0.87686567164179108,True,0,0
2020-03-18,5238.4384765625,-0.40367215314804739,0,Bear,0.8938547486033519,0.089385474860335198,0.016759776536312849,-0.87709497206703901,True,0,0
2020-03-19,6191.19287109375,-0.2861083954519259,0,Bear,0.89405204460966547,0.089219330855018583,0.016728624535315983,-0.87732342007434949,True,0,0
2020-03-20,6198.7783203125,-0.27917065121247731,0,Bear,0.89424860853432286,0.089053803339517623,0.016697588126159554,-0.87755102040816335,True,0,0
2020-03-21,6185.06640625,-0.27765260603016462,0,Bear,0.89444444444444449,0.088888888888888892,0.016666666666666666,-0.87777777777777777,True,0,0
2020-03-22,5830.2548828125,-0.34267510130974344,0,Bear,0.89463955637707948,0.088724584103512014,0.016635859519408502,-0.87800369685767099,True,0,0
2020-03-23,6416.31494140625,-0.26985991187831393,0,Bear,0.89483394833948338,0.088560885608856083,0.016605166051660517,-0.87822878228782286,True,0,0
2020-03-24,6734.8037109375,-0.2307693423094993,0,Bear,0.89502762430939231,0.088397790055248615,0.016574585635359115,-0.87845303867403324,True,0,0
2020-03-25,6681.06298828125,-0.26409983248810087,0,Bear,0.89522058823529416,0.088235294117647065,0.016544117647058824,-0.87867647058823528,True,0,0
2020-03-26,6716.4404296875,-0.26375372571840006,0,Bear,0.8954128440366973,0.088073394495412849,0.016513761467889909,-0.87889908256880744,True,0,0
2020-03-27,6469.79833984375,-0.27386849964702176,0,Bear,0.89560439560439564,0.087912087912087919,0.016483516483516484,-0.87912087912087911,True,0,0
2020-03-28,6242.19384765625,-0.23013019482431707,0,Bear,0.8957952468007313,0.087751371115173671,0.016453382084095063,-0.87934186471663622,True,0,0
2020-03-29,5922.04296875,-0.2526112263877941,0,Bear,0.89598540145985406,0.087591240875912413,0.016423357664233577,-0.87956204379562053,True,0,0
2020-03-30,6429.841796875,-0.18709713104274883,0,Bear,0.89617486338797814,0.087431693989071038,0.016393442622950821,-0.8797814207650273,True,0,0
2020-03-31,6438.64453125,-0.1861592167039271,0,Bear,0.89636363636363636,0.08727272727272728,0.016363636363636365,-0.88,True,0,0
2020-04-01,6606.7763671875,0.3291205042271379,2,Bull,0.002352941176470588,0.082352941176470587,0.91529411764705881,0.91294117647058826,True,1,1
2020-04-02,6793.62451171875,0.22106079158384873,2,Bull,0.002352941176470588,0.082352941176470587,0.91529411764705881,0.91294117647058826,True,1,1
2020-04-03,6733.38720703125,0.29479096931086768,2,Bull,0.0023501762632197414,0.082256169212690952,0.91539365452408927,0.91304347826086951,True,1,1
2020-04-04,6867.52734375,0.27357682523621896,2,Bull,0.0023474178403755869,0.082159624413145546,0.91549295774647887,0.91314553990610325,True,1,1
2020-04-05,6791.12939453125,0.35430382033281549,2,Bull,0.0023446658851113715,0.082063305978898007,0.91559202813599061,0.91324736225087921,True,1,1
2020-04-06,7271.78125,0.39156084386889334,2,Bull,0.00234192037470726,0.081967213114754092,0.91569086651053866,0.9133489461358314,True,1,1
2020-04-07,7176.41455078125,0.36995300849471158,2,Bull,0.0023391812865497076,0.081871345029239762,0.91578947368421049,0.91345029239766073,True,1,1
2020-04-08,7334.0986328125,0.18460186679935253,2,Bull,0.0023364485981308409,0.081775700934579434,0.91588785046728971,0.91355140186915884,True,1,1
2020-04-09,7302.08935546875,0.17798846452386585,2,Bull,0.0023337222870478411,0.08168028004667445,0.91598599766627775,0.91365227537922988,True,1,1
2020-04-10,6865.4931640625,0.11001122916399564,2,Bull,0.002331002331002331,0.081585081585081584,0.91608391608391604,0.91375291375291368,True,1,1
2020-04-11,6859.0830078125,0.17646366165447924,2,Bull,0.0023282887077997671,0.081490104772991845,0.91618160651920844,0.91385331781140866,True,1,1
2020-04-12,6971.091796875,0.086463470159268807,2,Bull,0.0023255813953488372,0.081395348837209308,0.91627906976744189,0.913953488372093,True,1,1
2020-04-13,6845.03759765625,0.0163677950316099,1,Sideways,0.1111111111111111,0.76161616161616164,0.12727272727272726,0.016161616161616155,True,1,1
2020-04-14,6842.427734375,0.024152555720068358,1,Sideways,0.1111111111111111,0.76161616161616164,0.12727272727272726,0.016161616161616155,True,1,1
2020-04-15,6642.10986328125,-0.011066958336695687,1,Sideways,0.11088709677419355,0.76209677419354838,0.12701612903225806,0.016129032258064516,True,0,0
2020-04-16,7116.80419921875,0.10000402259688146,2,Bull,0.0023201856148491878,0.082366589327146175,0.91531322505800461,0.91299303944315546,True,1,1
2020-04-17,7096.1845703125,0.13680938841348178,2,Bull,0.0023201856148491878,0.082366589327146175,0.91531322505800461,0.91299303944315546,True,1,1
2020-04-18,7257.6650390625,0.22553400530196033,2,Bull,0.0023174971031286211,0.082271147161066052,0.91541135573580534,0.91309385863267667,True,1,1
2020-04-19,7189.4248046875,0.11813401197237372,2,Bull,0.0023148148148148147,0.08217592592592593,0.9155092592592593,0.91319444444444453,True,1,1
2020-04-20,6881.95849609375,0.068852063923100948,2,Bull,0.0023121387283236996,0.08208092485549133,0.91560693641618496,0.91329479768786126,True,1,1
2020-04-21,6880.3232421875,0.041403985816527378,1,Sideways,0.11044176706827309,0.76104417670682734,0.12851405622489959,0.018072289156626495,True,1,1
2020-04-22,7117.20751953125,0.047630393356937972,1,Sideways,0.11044176706827309,0.76104417670682734,0.12851405622489959,0.018072289156626495,True,1,1
2020-04-23,7429.724609375,0.10341561845969727,2,Bull,0.002306805074971165,0.083044982698961933,0.91464821222606685,0.91234140715109568,True,1,1
2020-04-24,7550.90087890625,0.099507945283708876,2,Bull,0.002306805074971165,0.083044982698961933,0.91464821222606685,0.91234140715109568,True,1,1
2020-04-25,7569.93603515625,0.11467998846438654,2,Bull,0.002304147465437788,0.08294930875576037,0.91474654377880182,0.91244239631336399,True,1,1
2020-04-26,7679.8671875,0.056119116275671788,2,Bull,0.0023014959723820483,0.082853855005753735,0.91484464902186424,0.91254315304948219,True,1,1
2020-04-27,7795.60107421875,0.086280763054594312,2,Bull,0.0022988505747126436,0.082758620689655171,0.9149425287356322,0.91264367816091951,True,1,1
2020-04-28,7807.05859375,0.064487810243169408,2,Bull,0.0022962112514351321,0.082663605051664757,0.9150401836969001,0.91274397244546501,True,1,1
2020-04-29,8801.0380859375,0.20527668965679569,2,Bull,0.0022935779816513763,0.082568807339449546,0.91513761467889909,0.91284403669724767,True,1,1
2020-04-30,8658.5537109375,0.26116995589782177,2,Bull,0.0022909507445589921,0.08247422680412371,0.91523482245131726,0.91294387170675828,True,1,1
2020-05-01,8864.7666015625,0.29241278921184155,2,Bull,0.0022883295194508009,0.082379862700228831,0.91533180778032042,0.91304347826086962,True,1,1
2020-05-02,8988.5966796875,0.28941017298278959,2,Bull,0.0022857142857142859,0.082285714285714281,0.91542857142857148,0.91314285714285715,True,1,1
2020-05-03,8897.46875,0.29984220291887143,2,Bull,0.0022831050228310501,0.082191780821917804,0.91552511415525117,0.91324200913242015,True,1,1
2020-05-04,8912.654296875,0.30255731486933968,2,Bull,0.0022805017103762829,0.082098061573546183,0.91562143671607754,0.91334093500570124,True,1,1
2020-05-05,9003.0703125,0.35545338722422426,2,Bull,0.0022779043280182231,0.082004555808656038,0.91571753986332571,0.91343963553530749,True,1,1
2020-05-06,9268.76171875,0.30237694606906307,2,Bull,0.0022753128555176336,0.08191126279863481,0.91581342434584756,0.91353811149032993,True,1,1
2020-05-07,9951.5185546875,0.40237594669120313,2,Bull,0.0022727272727272726,0.081818181818181818,0.91590909090909089,0.91363636363636358,True,1,1
2020-05-08,9842.666015625,0.35617529365841527,2,Bull,0.0022701475595913734,0.081725312145289442,0.91600454029511913,0.9137343927355277,True,1,1
2020-05-09,9593.896484375,0.33444562604226502,2,Bull,0.0022675736961451248,0.081632653061224483,0.91609977324263037,0.9138321995464852,True,1,1
2020-05-10,8756.4306640625,0.27237481438353828,2,Bull,0.0022650056625141564,0.081540203850509627,0.91619479048697616,0.91392978482446197,True,1,1
2020-05-11,8601.7958984375,0.25020229365018642,2,Bull,0.0022624434389140274,0.081447963800904979,0.91628959276018096,0.91402714932126694,True,1,1
2020-05-12,8804.4775390625,0.23706910539013992,2,Bull,0.0022598870056497176,0.081355932203389825,0.9163841807909604,0.91412429378531068,True,1,1
2020-05-13,9269.9873046875,0.24768922026940454,2,Bull,0.002257336343115124,0.081264108352144468,0.91647855530474043,0.91422121896162534,True,1,1
2020-05-14,9733.7216796875,0.28908084423132197,2,Bull,0.0022547914317925591,0.081172491544532127,0.91657271702367527,0.91431792559188274,True,1,1
2020-05-15,9328.197265625,0.23226896796789887,2,Bull,0.0022522522522522522,0.081081081081081086,0.91666666666666663,0.9144144144144144,True,1,1
2020-05-16,9377.013671875,0.22098643673647511,2,Bull,0.0022497187851518562,0.080989876265466818,0.91676040494938138,0.91451068616422948,True,1,1
2020-05-17,9670.7392578125,0.24053798619776989,2,Bull,0.0022471910112359553,0.080898876404494377,0.91685393258426962,0.91460674157303368,True,1,1
2020-05-18,9726.5751953125,0.24586937301830725,2,Bull,0.0022446689113355782,0.080808080808080815,0.91694725028058366,0.91470258136924809,True,1,1
2020-05-19,9729.0380859375,0.10544210704902857,2,Bull,0.002242152466367713,0.080717488789237665,0.9170403587443946,0.91479820627802688,True,1,1
2020-05-20,9522.9814453125,0.099835118338880813,2,Bull,0.0022396416573348264,0.08062709966405375,0.9171332586786114,0.91489361702127658,True,1,1
2020-05-21,9081.76171875,0.024478379064063915,1,Sideways,0.11,0.76000000000000001,0.13,0.020000000000000004,True,1,1
2020-05-22,9182.5771484375,0.021580728968333629,1,Sideways,0.11,0.76000000000000001,0.13,0.020000000000000004,True,1,1
2020-05-23,9209.287109375,0.0350457380785969,1,Sideways,0.10978043912175649,0.76047904191616766,0.12974051896207583,0.019960079840319347,True,1,1
2020-05-24,8790.3681640625,-0.013720506679517075,1,Sideways,0.10956175298804781,0.76095617529880477,0.12948207171314741,0.019920318725099598,True,0,0
2020-05-25,8906.9345703125,-0.010678106340458515,1,Sideways,0.10934393638170974,0.76143141153081506,0.12922465208747516,0.019880715705765425,True,0,0
2020-05-26,8835.052734375,-0.046792548728234129,1,Sideways,0.10912698412698413,0.76190476190476186,0.12896825396825398,0.019841269841269854,True,0,0
2020-05-27,9181.017578125,-0.077425467513153379,0,Bear,0.89492753623188404,0.086956521739130432,0.018115942028985508,-0.87681159420289856,True,0,0
2020-05-28,9525.7509765625,-0.032198089273719588,1,Sideways,0.11067193675889328,0.76086956521739135,0.12845849802371542,0.017786561264822143,True,0,0
2020-05-29,9439.1240234375,-0.016132388043749279,1,Sideways,0.11067193675889328,0.76086956521739135,0.12845849802371542,0.017786561264822143,True,0,0
2020-05-30,9700.4140625,0.10780458781130164,2,Bull,0.0022346368715083797,0.081564245810055863,0.91620111731843579,0.91396648044692741,True,1,1
2020-05-31,9461.05859375,0.099893406616237357,2,Bull,0.0022346368715083797,0.081564245810055863,0.91620111731843579,0.91396648044692741,True,1,1
2020-06-01,10167.2685546875,0.15478385964172836,2,Bull,0.002232142857142857,0.081473214285714288,0.9162946428571429,0.9140625,True,1,1
2020-06-02,9529.8037109375,0.028027698173720195,1,Sideways,0.11023622047244094,0.75984251968503935,0.12992125984251968,0.019685039370078733,True,1,1
2020-06-03,9656.7177734375,-0.0079110445915762106,1,Sideways,0.11023622047244094,0.75984251968503935,0.12992125984251968,0.019685039370078733,True,0,0
2020-06-04,9800.63671875,0.050646383183379884,2,Bull,0.0022271714922048997,0.082405345211581285,0.91536748329621376,0.9131403118040089,True,1,1
2020-06-05,9665.533203125,0.0307688077831616,1,Sideways,0.10980392156862745,0.75882352941176467,0.13137254901960785,0.021568627450980399,True,1,1
2020-06-06,9653.6796875,-0.0017640399412814922,1,Sideways,0.10980392156862745,0.75882352941176467,0.13137254901960785,0.021568627450980399,True,0,0
2020-06-07,9758.8525390625,0.0033184695642465289,1,Sideways,0.1095890410958904,0.75929549902152638,0.13111545988258316,0.021526418786692758,True,1,1
2020-06-08,9771.4892578125,0.0043633472805866269,1,Sideways,0.109375,0.759765625,0.130859375,0.021484375,True,1,1
2020-06-09,9795.7001953125,0.028637958770174832,1,Sideways,0.10916179337231968,0.76023391812865493,0.13060428849902533,0.021442495126705652,True,1,1
2020-06-10,9870.0947265625,0.086803973967399362,2,Bull,0.0022246941045606229,0.083426028921023354,0.91434927697441604,0.91212458286985543,True,1,1
2020-06-11,9321.78125,0.015159589656830397,1,Sideways,0.1087378640776699,0.75922330097087376,0.13203883495145632,0.023300970873786422,True,1,1
2020-06-12,9480.84375,0.02948725969771937,1,Sideways,0.1087378640776699,0.75922330097087376,0.13203883495145632,0.023300970873786422,True,1,1
2020-06-13,9475.27734375,0.077915869609147981,2,Bull,0.0022222222222222222,0.084444444444444447,0.91333333333333333,0.91111111111111109,True,1,1
2020-06-14,9386.7880859375,0.053874148489244433,2,Bull,0.0022222222222222222,0.084444444444444447,0.91333333333333333,0.91111111111111109,True,1,1
2020-06-15,9450.7021484375,0.069682596422674603,2,Bull,0.0022197558268590455,0.084350721420643732,0.91342952275249722,0.91120976692563815,True,1,1
2020-06-16,9538.0244140625,0.038885323211679257,1,Sideways,0.10831721470019343,0.75822050290135401,0.13346228239845262,0.025145067698259194,True,1,1
2020-06-17,9480.2548828125,-0.0047761162203315832,1,Sideways,0.10831721470019343,0.75822050290135401,0.13346228239845262,0.025145067698259194,True,0,0
2020-06-18,9411.8408203125,-0.0028904380382390737,1,Sideways,0.10810810810810811,0.75868725868725873,0.13320463320463322,0.025096525096525102,True,0,0
2020-06-19,9288.0185546875,-0.042513186051175378,1,Sideways,0.10789980732177264,0.75915221579961467,0.13294797687861271,0.025048169556840069,True,0,0
2020-06-20,9332.3408203125,-0.013605007532934144,1,Sideways,0.1076923076923077,0.75961538461538458,0.13269230769230769,0.024999999999999994,True,0,0
2020-06-21,9303.6298828125,-0.084943037279843425,0,Bear,0.89330922242314648,0.088607594936708861,0.018083182640144666,-0.87522603978300184,True,0,0
2020-06-22,9648.7177734375,0.012478122961076421,1,Sideways,0.10919540229885058,0.75862068965517238,0.13218390804597702,0.022988505747126436,True,1,1
2020-06-23,9629.658203125,-0.0028021498554023916,1,Sideways,0.10919540229885058,0.75862068965517238,0.13218390804597702,0.022988505747126436,True,0,0
2020-06-24,9313.6103515625,-0.049693339439441764,1,Sideways,0.10898661567877629,0.75908221797323139,0.13193116634799235,0.022944550669216052,True,0,0
2020-06-25,9264.8134765625,-0.041458626041752322,1,Sideways,0.10877862595419847,0.75954198473282442,0.1316793893129771,0.022900763358778622,True,0,0
2020-06-26,9162.91796875,-0.050836751853851059,0,Bear,0.89169675090252709,0.090252707581227443,0.018050541516245487,-0.87364620938628157,True,0,0
2020-06-27,9045.390625,-0.073109201231053689,0,Bear,0.89169675090252709,0.090252707581227443,0.018050541516245487,-0.87364620938628157,True,0,0
2020-06-28,9143.58203125,-0.064259112403001972,0,Bear,0.89189189189189189,0.090090090090090086,0.018018018018018018,-0.87387387387387383,True,0,0
2020-06-29,9190.8544921875,-0.061746040718399509,0,Bear,0.8920863309352518,0.089928057553956831,0.017985611510791366,-0.87410071942446044,True,0,0
2020-06-30,9137.9931640625,-0.074173711882395743,0,Bear,0.8922800718132855,0.089766606822262118,0.017953321364452424,-0.87432675044883312,True,0,0
2020-07-01,9228.3251953125,-0.010025557581873068,1,Sideways,0.11026615969581749,0.7585551330798479,0.13117870722433461,0.020912547528517123,True,0,0
2020-07-02,9123.41015625,-0.03770061011183734,1,Sideways,0.11026615969581749,0.7585551330798479,0.13117870722433461,0.020912547528517123,True,0,0
2020-07-03,9087.3037109375,-0.040945886725776037,1,Sideways,0.11005692599620494,0.75901328273244784,0.13092979127134724,0.020872865275142302,True,0,0
2020-07-04,9132.48828125,-0.027091248077547481,1,Sideways,0.10984848484848485,0.75946969696969702,0.13068181818181818,0.020833333333333329,True,0,0
2020-07-05,9073.9423828125,-0.039865796181851931,1,Sideways,0.10964083175803403,0.75992438563327036,0.13043478260869565,0.020793950850661616,True,0,0
2020-07-06,9375.474609375,-0.017042292788414626,1,Sideways,0.10943396226415095,0.76037735849056609,0.13018867924528302,0.020754716981132071,True,0,0
2020-07-07,9252.27734375,-0.024047617060994675,1,Sideways,0.10922787193973635,0.76082862523540484,0.12994350282485875,0.020715630885122405,True,0,0
2020-07-08,9428.3330078125,0.00175228075090339,1,Sideways,0.10902255639097744,0.76127819548872178,0.12969924812030076,0.020676691729323321,True,1,1
2020-07-09,9277.9677734375,-0.0010821232958161398,1,Sideways,0.10881801125703565,0.76172607879924958,0.12945590994371481,0.02063789868667916,True,0,0
2020-07-10,9278.8076171875,-0.0057363103379680647,1,Sideways,0.10861423220973783,0.76217228464419473,0.12921348314606743,0.020599250936329597,True,0,0
2020-07-11,9240.3466796875,-0.0068019906124929808,1,Sideways,0.10841121495327102,0.76261682242990658,0.12897196261682242,0.020560747663551399,True,0,0
2020-07-12,9276.5,-0.038576915832505665,1,Sideways,0.10820895522388059,0.76305970149253732,0.1287313432835821,0.02052238805970151,True,0,0
2020-07-13,9243.6142578125,-0.040089059982131192,1,Sideways,0.10800744878957169,0.76350093109869643,0.12849162011173185,0.020484171322160155,True,0,0
2020-07-14,9243.2138671875,-0.0075584528145081764,1,Sideways,0.10780669144981413,0.76394052044609662,0.12825278810408922,0.020446096654275089,True,0,0
2020-07-15,9192.8369140625,-0.0077688085876830293,1,Sideways,0.10760667903525047,0.76437847866419295,0.1280148423005566,0.020408163265306131,True,0,0
2020-07-16,9132.2275390625,-0.0033494166151185611,1,Sideways,0.10740740740740741,0.76481481481481484,0.12777777777777777,0.020370370370370358,True,0,0
2020-07-17,9151.392578125,0.011718891700710721,1,Sideways,0.10720887245841035,0.76524953789279115,0.12754158964879853,0.020332717190388178,True,1,1
2020-07-18,9159.0400390625,0.0016905855669768766,1,Sideways,0.1070110701107011,0.76568265682656822,0.12730627306273062,0.020295202952029523,True,1,1
2020-07-19,9185.8173828125,-0.00054805669911128785,1,Sideways,0.10681399631675875,0.7661141804788214,0.1270718232044199,0.020257826887661146,True,0,0
2020-07-20,9164.2314453125,0.0028713395577038003,1,Sideways,0.10661764705882353,0.76654411764705888,0.12683823529411764,0.020220588235294115,True,1,1
2020-07-21,9374.8876953125,0.015881809201353958,1,Sideways,0.10642201834862386,0.76697247706422023,0.12660550458715597,0.020183486238532111,True,1,1
2020-07-22,9525.36328125,0.044057333619342165,1,Sideways,0.10622710622710622,0.76739926739926745,0.12637362637362637,0.020146520146520144,True,1,1
2020-07-23,9581.072265625,0.054336090263297665,2,Bull,0.0022148394241417496,0.085271317829457363,0.9125138427464009,0.9102990033222591,True,1,1
2020-07-24,9536.892578125,0.044281939863562325,1,Sideways,0.10583941605839416,0.76642335766423353,0.12773722627737227,0.021897810218978117,True,1,1
2020-07-25,9677.11328125,0.066472859644778337,2,Bull,0.0022123893805309734,0.08628318584070796,0.91150442477876104,0.90929203539823011,True,1,1
2020-07-26,9905.1669921875,0.056497660639263536,2,Bull,0.0022123893805309734,0.08628318584070796,0.91150442477876104,0.90929203539823011,True,1,1
2020-07-27,10990.873046875,0.18791002890757902,2,Bull,0.0022099447513812156,0.086187845303867403,0.91160220994475138,0.90939226519337013,True,1,1
2020-07-28,10912.8232421875,0.15744991539277642,2,Bull,0.0022075055187637969,0.086092715231788075,0.91169977924944812,0.90949227373068431,True,1,1
2020-07-29,11100.4677734375,0.19643310307864548,2,Bull,0.002205071664829107,0.085997794928335175,0.91179713340683577,0.90959206174200669,True,1,1
2020-07-30,11111.2138671875,0.19748294453327842,2,Bull,0.0022026431718061676,0.08590308370044053,0.91189427312775329,0.9096916299559471,True,1,1
2020-07-31,11323.466796875,0.22543744184043413,2,Bull,0.0022002200220022001,0.085808580858085806,0.911991199119912,0.90979097909790985,True,1,1
2020-08-01,11759.5927734375,0.26767560754999198,2,Bull,0.0021978021978021978,0.085714285714285715,0.91208791208791207,0.90989010989010988,True,1,1
2020-08-02,11053.6142578125,0.19581085379782337,2,Bull,0.0021953896816684962,0.085620197585071348,0.91218441273326012,0.90998902305159157,True,1,1
2020-08-03,11246.3486328125,0.2167140990576808,2,Bull,0.0021929824561403508,0.085526315789473686,0.91228070175438591,0.91008771929824561,True,1,1
2020-08-04,11205.892578125,0.21898089598251014,2,Bull,0.0021905805038335158,0.085432639649507119,0.91237677984665932,0.91018619934282585,True,1,1
2020-08-05,11747.0224609375,0.28632608097973766,2,Bull,0.0021881838074398249,0.085339168490153175,0.91247264770240699,0.9102844638949672,True,1,1
2020-08-06,11779.7734375,0.28721102683953714,2,Bull,0.002185792349726776,0.085245901639344257,0.91256830601092898,0.91038251366120215,True,1,1
2020-08-07,11601.47265625,0.26666906212558739,2,Bull,0.0021834061135371178,0.085152838427947602,0.9126637554585153,0.91048034934497823,True,1,1
2020-08-08,11754.0458984375,0.27958628052310175,2,Bull,0.0021810250817884407,0.085059978189749183,0.91275899672846239,0.91057797164667398,True,1,1
2020-08-09,11675.7392578125,0.27405547617248738,2,Bull,0.0021786492374727671,0.084967320261437912,0.91285403050108938,0.91067538126361658,True,1,1
2020-08-10,11878.111328125,0.26701371943518071,2,Bull,0.002176278563656148,0.084874863982589768,0.91294885745375409,0.91077257889009799,True,1,1
2020-08-11,11410.525390625,0.19790973359365815,2,Bull,0.0021739130434782609,0.08478260869565217,0.91304347826086951,0.91086956521739126,True,1,1
2020-08-12,11584.9345703125,0.20914802113297526,2,Bull,0.0021715526601520088,0.084690553745928335,0.91313789359391961,0.9109663409337676,True,1,1
2020-08-13,11784.1376953125,0.23563703782740086,2,Bull,0.0021691973969631237,0.084598698481561818,0.91323210412147504,0.91106290672451196,True,1,1
2020-08-14,11768.87109375,0.2161551437609921,2,Bull,0.0021668472372697724,0.084507042253521125,0.91332611050920909,0.9111592632719393,True,1,1
2020-08-15,11865.6982421875,0.19793015620497156,2,Bull,0.0021645021645021645,0.084415584415584416,0.91341991341991347,0.91125541125541132,True,1,1
2020-08-16,11892.8037109375,0.082061785284558653,2,Bull,0.0021621621621621622,0.084324324324324323,0.91351351351351351,0.91135135135135137,True,1,1
2020-08-17,12254.40234375,0.12293602414232607,2,Bull,0.0021598272138228943,0.084233261339092869,0.91360691144708428,0.91144708423326137,True,1,1
2020-08-18,11991.2333984375,0.080245773707980916,2,Bull,0.0021574973031283709,0.084142394822006472,0.91370010787486511,0.91154261057173669,True,1,1
2020-08-19,11758.283203125,0.058235701667876283,2,Bull,0.0021551724137931034,0.084051724137931036,0.91379310344827591,0.91163793103448276,True,1,1
2020-08-20,11878.3720703125,0.049004892529083133,1,Sideways,0.10564663023679417,0.76502732240437155,0.12932604735883424,0.023679417122040067,True,1,1
2020-08-21,11592.4892578125,-0.014209974685726601,1,Sideways,0.10564663023679417,0.76502732240437155,0.12932604735883424,0.023679417122040067,True,0,0
2020-08-22,11681.8251953125,0.056833079465930414,2,Bull,0.0021505376344086021,0.084946236559139784,0.91290322580645167,0.91075268817204302,True,1,1
2020-08-23,11664.84765625,0.037211990940462458,1,Sideways,0.10526315789473684,0.76406533575317603,0.1306715063520871,0.025408348457350266,True,1,1
2020-08-24,11774.595703125,0.050750363796112419,2,Bull,0.0021482277121374865,0.085929108485499464,0.91192266380236309,0.90977443609022557,True,1,1
2020-08-25,11366.134765625,-0.032424190604816716,1,Sideways,0.10507246376811594,0.7626811594202898,0.13224637681159421,0.027173913043478271,True,0,0
2020-08-26,11488.36328125,-0.024738180050417502,1,Sideways,0.10507246376811594,0.7626811594202898,0.13224637681159421,0.027173913043478271,True,0,0
2020-08-27,11323.3974609375,-0.023968956661953977,1,Sideways,0.10488245931283906,0.7631103074141049,0.13200723327305605,0.027124773960216994,True,0,0
2020-08-28,11542.5,-0.017997709066766676,1,Sideways,0.10469314079422383,0.76353790613718409,0.13176895306859207,0.027075812274368241,True,0,0
2020-08-29,11506.865234375,-0.014463668613060365,1,Sideways,0.10450450450450451,0.76396396396396393,0.13153153153153152,0.027027027027027015,True,0,0
2020-08-30,11711.505859375,-0.014026259238327898,1,Sideways,0.10431654676258993,0.76438848920863312,0.13129496402877697,0.026978417266187035,True,0,0
2020-08-31,11680.8203125,0.02368821001853938,1,Sideways,0.10412926391382406,0.76481149012567329,0.1310592459605027,0.026929982046678638,True,1,1
2020-09-01,11970.478515625,0.033279768907844565,1,Sideways,0.1039426523297491,0.76523297491039421,0.13082437275985664,0.026881720430107545,True,1,1
2020-09-02,11414.0341796875,-0.031406923883129823,1,Sideways,0.1037567084078712,0.76565295169946335,0.13059033989266547,0.026833631484794271,True,0,0
2020-09-03,10245.296875,-0.12945797490798516,0,Bear,0.8908765652951699,0.091234347048300538,0.017889087656529516,-0.87298747763864037,True,0,0
2020-09-04,10511.8134765625,-0.11410072445727426,0,Bear,0.8908765652951699,0.091234347048300538,0.017889087656529516,-0.87298747763864037,True,0,0
2020-09-05,10169.5673828125,-0.14489739930208256,0,Bear,0.89107142857142863,0.091071428571428567,0.017857142857142856,-0.87321428571428572,True,0,0
2020-09-06,10280.3515625,-0.16108911115170021,0,Bear,0.89126559714795006,0.090909090909090912,0.017825311942959002,-0.87344028520499106,True,0,0
2020-09-07,10369.5634765625,-0.1352379582642691,0,Bear,0.89145907473309605,0.090747330960854092,0.017793594306049824,-0.87366548042704617,True,0,0
2020-09-08,10131.5166015625,-0.13835069061188743,0,Bear,0.89165186500888094,0.090586145648312605,0.017761989342806393,-0.87388987566607457,True,0,0
2020-09-09,10242.34765625,-0.1377313662493701,0,Bear,0.89184397163120566,0.090425531914893623,0.017730496453900711,-0.87411347517730498,True,0,0
2020-09-10,10363.138671875,-0.10604716196816888,0,Bear,0.89203539823008848,0.090265486725663716,0.017699115044247787,-0.87433628318584067,True,0,0
2020-09-11,10400.9150390625,-0.10964983081273838,0,Bear,0.892226148409894,0.090106007067137811,0.017667844522968199,-0.87455830388692579,True,0,0
2020-09-12,10442.1708984375,-0.10481720754898949,0,Bear,0.89241622574955903,0.089947089947089942,0.017636684303350969,-0.87477954144620806,True,0,0
2020-09-13,10323.755859375,-0.1232178055476626,0,Bear,0.89260563380281688,0.089788732394366202,0.017605633802816902,-0.875,True,0,0
2020-09-14,10680.837890625,-0.060292869047494313,0,Bear,0.89279437609841827,0.089630931458699478,0.017574692442882251,-0.87521968365553604,True,0,0
2020-09-15,10796.951171875,-0.060183691309922627,0,Bear,0.89298245614035088,0.089473684210526316,0.017543859649122806,-0.87543859649122813,True,0,0
2020-09-16,10974.9052734375,-0.030776292071544642,1,Sideways,0.10516934046345811,0.76470588235294112,0.13012477718360071,0.02495543672014261,True,0,0
2020-09-17,10948.990234375,-0.051419516190166825,0,Bear,0.89160839160839156,0.090909090909090912,0.017482517482517484,-0.87412587412587406,True,0,0
2020-09-18,10944.5859375,-0.04886468081639439,1,Sideways,0.10676156583629894,0.76334519572953741,0.1298932384341637,0.023131672597864764,True,0,0
2020-09-19,11094.3466796875,-0.052696825420914362,0,Bear,0.89005235602094246,0.092495636998254804,0.017452006980802792,-0.87260034904013972,True,0,0
2020-09-20,10938.271484375,-0.063569921311979805,0,Bear,0.89005235602094246,0.092495636998254804,0.017452006980802792,-0.87260034904013972,True,0,0
2020-09-21,10462.259765625,-0.12599485877121208,0,Bear,0.8902439024390244,0.092334494773519168,0.017421602787456445,-0.87282229965156799,True,0,0
2020-09-22,10538.4599609375,-0.076710320379816177,0,Bear,0.89043478260869569,0.092173913043478259,0.017391304347826087,-0.87304347826086959,True,0,0
2020-09-23,10246.1865234375,8.683481292481865e-05,1,Sideways,0.10834813499111901,0.7619893428063943,0.12966252220248667,0.021314387211367664,True,1,1
2020-09-24,10760.06640625,0.02361656532823897,1,Sideways,0.10834813499111901,0.7619893428063943,0.12966252220248667,0.021314387211367664,True,1,1
2020-09-25,10692.716796875,0.051442641989537297,2,Bull,0.0021459227467811159,0.086909871244635187,0.91094420600858372,0.90879828326180256,True,1,1
2020-09-26,10750.7236328125,0.045754473225243952,1,Sideways,0.1079646017699115,0.76106194690265483,0.13097345132743363,0.023008849557522124,True,1,1
2020-09-27,10775.26953125,0.039124699473076729,1,Sideways,0.1079646017699115,0.76106194690265483,0.13097345132743363,0.023008849557522124,True,1,1
2020-09-28,10709.65234375,0.057063099723721367,2,Bull,0.0021436227224008574,0.087888531618435156,0.909967845659164,0.90782422293676313,True,1,1
2020-09-29,10844.640625,0.058804191086256896,2,Bull,0.0021436227224008574,0.087888531618435156,0.909967845659164,0.90782422293676313,True,1,1
2020-09-30,10784.4912109375,0.040658776496548032,1,Sideways,0.10758377425044091,0.76014109347442682,0.13227513227513227,0.024691358024691357,True,1,1
2020-10-01,10619.4521484375,0.021011334921422264,1,Sideways,0.10758377425044091,0.76014109347442682,0.13227513227513227,0.024691358024691357,True,1,1
2020-10-02,10575.974609375,0.012813782903852156,1,Sideways,0.10739436619718309,0.76056338028169013,0.13204225352112675,0.024647887323943657,True,1,1
2020-10-03,10549.3291015625,0.021849920248032229,1,Sideways,0.10720562390158173,0.76098418277680135,0.13181019332161686,0.024604569420035138,True,1,1
2020-10-04,10669.5830078125,-0.0010537453079761949,1,Sideways,0.10701754385964912,0.76140350877192986,0.13157894736842105,0.024561403508771923,True,0,0
2020-10-05,10793.33984375,-0.00033447665618857592,1,Sideways,0.10683012259194395,0.76182136602451844,0.13134851138353765,0.024518388791593695,True,0,0
2020-10-06,10604.40625,-0.033758744536430463,1,Sideways,0.10664335664335664,0.76223776223776218,0.13111888111888112,0.024475524475524479,True,0,0
2020-10-07,10668.96875,-0.025575096733199798,1,Sideways,0.10645724258289703,0.76265270506108207,0.13089005235602094,0.024432809773123912,True,0,0
2020-10-08,10915.685546875,-0.0026406106900743742,1,Sideways,0.10627177700348432,0.76306620209059228,0.13066202090592335,0.024390243902439032,True,0,0
2020-10-09,11064.4580078125,-0.0026940452410526561,1,Sideways,0.10608695652173913,0.76347826086956527,0.13043478260869565,0.024347826086956514,True,0,0
2020-10-10,11296.361328125,0.032737333705926019,1,Sideways,0.10590277777777778,0.76388888888888884,0.13020833333333334,0.024305555555555566,True,1,1
2020-10-11,11384.181640625,0.088118809478338944,2,Bull,0.0021390374331550803,0.088770053475935834,0.90909090909090906,0.90695187165775393,True,1,1
2020-10-12,11555.36328125,0.096494490094550356,2,Bull,0.0021390374331550803,0.088770053475935834,0.90909090909090906,0.90695187165775393,True,1,1
2020-10-13,11425.8994140625,0.11513677678290168,2,Bull,0.002136752136752137,0.088675213675213679,0.90918803418803418,0.90705128205128205,True,1,1
2020-10-14,11429.5068359375,0.062215269349885638,2,Bull,0.0021344717182497333,0.088580576307363934,0.9092849519743863,0.90715048025613654,True,1,1
2020-10-15,11495.349609375,0.075063506099270594,2,Bull,0.0021321961620469083,0.088486140724946691,0.90938166311300639,0.90724946695095943,True,1,1
2020-10-16,11322.123046875,0.053149856100711323,2,Bull,0.0021299254526091589,0.088391906283280086,0.90947816826411076,0.90734824281150162,True,1,1
2020-10-17,11358.1015625,0.054089786762149483,2,Bull,0.0021276595744680851,0.088297872340425534,0.90957446808510634,0.9074468085106383,True,1,1
2020-10-18,11483.359375,0.072243897973170323,2,Bull,0.0021253985122210413,0.088204038257173226,0.90967056323060569,0.90754516471838464,True,1,1
2020-10-19,11742.037109375,0.082750228007209881,2,Bull,0.0021231422505307855,0.088110403397027595,0.90976645435244163,0.90764331210191085,True,1,1
2020-10-20,11916.3349609375,0.10495105683354788,2,Bull,0.0021208907741251328,0.088016967126193002,0.90986214209968186,0.90774125132555672,True,1,1
2020-10-21,12823.689453125,0.20756600942091175,2,Bull,0.0021186440677966102,0.087923728813559324,0.90995762711864403,0.90783898305084743,True,1,1
2020-10-22,12965.8916015625,0.22597605236958263,2,Bull,0.0021164021164021165,0.087830687830687829,0.91005291005291,0.90793650793650793,True,1,1
2020-10-23,12931.5390625,0.22581625219983525,2,Bull,0.0021141649048625794,0.087737843551797035,0.91014799154334036,0.90803382663847776,True,1,1
2020-10-24,13108.0625,0.22854496660291157,2,Bull,0.0021119324181626186,0.087645195353748678,0.91024287222808875,0.9081309398099261,True,1,1
2020-10-25,13031.173828125,0.20733470980910895,2,Bull,0.0021097046413502108,0.087552742616033755,0.91033755274261607,0.90822784810126589,True,1,1
2020-10-26,13075.248046875,0.23300142776734911,2,Bull,0.0021074815595363539,0.087460484720758694,0.91043203371970494,0.90832455216016861,True,1,1
2020-10-27,13654.21875,0.27980679950909026,2,Bull,0.0021052631578947368,0.087368421052631581,0.91052631578947374,0.90842105263157902,True,1,1
2020-10-28,13271.28515625,0.2157995115615412,2,Bull,0.002103049421661409,0.087276550998948474,0.91062039957939012,0.90851735015772872,True,1,1
2020-10-29,13437.8828125,0.21450890798371236,2,Bull,0.0021008403361344537,0.087184873949579828,0.9107142857142857,0.90861344537815125,True,1,1
2020-10-30,13546.5224609375,0.19919344534511163,2,Bull,0.0020986358866736622,0.08709338929695698,0.91080797481636933,0.90870933892969563,True,1,1
2020-10-31,13780.9951171875,0.21053893483299291,2,Bull,0.0020964360587002098,0.087002096436058704,0.91090146750524104,0.90880503144654079,True,1,1
2020-11-01,13737.109375,0.18880809202166327,2,Bull,0.0020942408376963353,0.086910994764397911,0.91099476439790572,0.90890052356020934,True,1,1
2020-11-02,13550.4892578125,0.18594508552518385,2,Bull,0.0020920502092050207,0.086820083682008373,0.91108786610878656,0.90899581589958156,True,1,1
2020-11-03,13950.30078125,0.22055141849046667,2,Bull,0.0020898641588296763,0.086729362591431561,0.91118077324973878,0.90909090909090906,True,1,1
2020-11-04,14133.70703125,0.22951519627757078,2,Bull,0.0020876826722338203,0.08663883089770355,0.91127348643006267,0.90918580375782887,True,1,1
2020-11-05,15579.8486328125,0.37605364014416609,2,Bull,0.0020855057351407717,0.086548488008342028,0.9113660062565172,0.90928050052137643,True,1,1
2020-11-06,15565.880859375,0.37046501774270424,2,Bull,0.0020833333333333333,0.086458333333333331,0.91145833333333337,0.90937500000000004,True,1,1
2020-11-07,14833.75390625,0.29176083599229874,2,Bull,0.0020811654526534861,0.086368366285119666,0.91155046826222685,0.90946930280957339,True,1,1
2020-11-08,15479.5673828125,0.31830339477069147,2,Bull,0.0020790020790020791,0.086278586278586283,0.91164241164241167,0.90956340956340953,True,1,1
2020-11-09,15332.3154296875,0.28666368308274315,2,Bull,0.0020768431983385254,0.086188992731048811,0.9117341640706127,0.90965732087227413,True,1,1
2020-11-10,15290.90234375,0.19239493436296251,2,Bull,0.0020746887966804979,0.086099585062240663,0.91182572614107882,0.90975103734439833,True,1,1
2020-11-11,15701.33984375,0.21097262928357785,2,Bull,0.0020725388601036268,0.086010362694300513,0.91191709844559588,0.90984455958549226,True,1,1
2020-11-12,16276.34375,0.2586548029073783,2,Bull,0.002070393374741201,0.085921325051759839,0.912008281573499,0.90993788819875776,True,1,1
2020-11-13,16317.80859375,0.2448680797600713,2,Bull,0.0020682523267838678,0.08583247156153051,0.91209927611168562,0.91003102378490175,True,1,1
2020-11-14,16068.138671875,0.23305382030860189,2,Bull,0.0020661157024793389,0.085743801652892568,0.91219008264462809,0.9101239669421487,True,1,1
2020-11-15,15955.587890625,0.22028949916849982,2,Bull,0.0020639834881320948,0.085655314757481935,0.91228070175438591,0.91021671826625383,True,1,1
2020-11-16,16716.111328125,0.22424516804559036,2,Bull,0.0020618556701030928,0.085567010309278352,0.91237113402061853,0.91030927835051545,True,1,1
2020-11-17,17645.40625,0.32959287983425201,2,Bull,0.0020597322348094747,0.085478887744593196,0.91246138002059729,0.9104016477857878,True,1,1
2020-11-18,17804.005859375,0.32491152868319451,2,Bull,0.00205761316872428,0.085390946502057613,0.91255144032921809,0.91049382716049376,True,1,1
2020-11-19,17817.08984375,0.31525193237799809,2,Bull,0.0020554984583761563,0.085303186022610486,0.9126413155190134,0.91058581706063724,True,1,1
2020-11-20,18621.314453125,0.35123148181808062,2,Bull,0.0020533880903490761,0.085215605749486653,0.91273100616016423,0.91067761806981518,True,1,1
2020-11-21,18642.232421875,0.35707097563056278,2,Bull,0.0020512820512820513,0.085128205128205126,0.9128205128205128,0.91076923076923078,True,1,1
2020-11-22,18370.001953125,0.35567075133717574,2,Bull,0.0020491803278688526,0.085040983606557374,0.91290983606557374,0.91086065573770492,True,1,1
2020-11-23,18364.12109375,0.31639606784911956,2,Bull,0.0020470829068577278,0.084953940634595701,0.91299897645854655,0.91095189355168882,True,1,1
2020-11-24,19107.46484375,0.3519075216079468,2,Bull,0.0020449897750511249,0.084867075664621677,0.91308793456032722,0.91104294478527614,True,1,1
2020-11-25,18732.12109375,0.20233010828478415,2,Bull,0.0020429009193054137,0.084780388151174668,0.91317671092951991,0.91113381001021454,True,1,1
2020-11-26,17150.623046875,0.10180870596510716,2,Bull,0.0020408163265306124,0.084693877551020411,0.91326530612244894,0.9112244897959183,True,1,1
2020-11-27,17108.40234375,0.15334273791218878,2,Bull,0.0020387359836901123,0.084607543323139647,0.91335372069317022,0.91131498470948014,True,1,1
2020-11-28,17717.4140625,0.14456777921146946,2,Bull,0.0020366598778004071,0.0845213849287169,0.9134419551934827,0.91140529531568226,True,1,1
2020-11-29,18177.484375,0.185566815290239,2,Bull,0.0020345879959308239,0.0844354018311292,0.91353001017294,0.91149542217700918,True,1,1
2020-11-30,19625.8359375,0.28349756582690233,2,Bull,0.0020325203252032522,0.08434959349593496,0.91361788617886175,0.91158536585365846,True,1,1
2020-12-01,18802.998046875,0.19754098911244378,2,Bull,0.0020304568527918783,0.084263959390862939,0.91370558375634514,0.91167512690355323,True,1,1
2020-12-02,19201.091796875,0.17969318489448827,2,Bull,0.0020283975659229209,0.084178498985801223,0.91379310344827591,0.91176470588235303,True,1,1
2020-12-03,19445.3984375,0.19166727111555404,2,Bull,0.0020263424518743669,0.084093211752786223,0.91388044579533945,0.91185410334346506,True,1,1
2020-12-04,18699.765625,0.16377920348243502,2,Bull,0.0020242914979757085,0.084008097165991905,0.91396761133603244,0.91194331983805677,True,1,1
2020-12-05,19154.23046875,0.20047162160689935,2,Bull,0.0020222446916076846,0.083923154701718905,0.91405460060667343,0.91203235591506571,True,1,1
2020-12-06,19345.12109375,0.15727400434344263,2,Bull,0.0020202020202020202,0.083838383838383837,0.91414141414141414,0.91212121212121211,True,1,1
2020-12-07,19191.630859375,0.087627600490920887,2,Bull,0.0020181634712411706,0.083753784056508573,0.91422805247225025,0.91220988900100908,True,1,1
2020-12-08,18321.14453125,0.029046197578209254,1,Sideways,0.10553633217993079,0.76297577854671284,0.13148788927335639,0.025951557093425601,True,1,1
2020-12-09,18553.916015625,0.041355023650704092,1,Sideways,0.10553633217993079,0.76297577854671284,0.13148788927335639,0.025951557093425601,True,1,1
2020-12-10,18264.9921875,-0.019135183314903048,1,Sideways,0.10535405872193437,0.76338514680483593,0.13126079447322972,0.025906735751295346,True,0,0
2020-12-11,18058.904296875,-0.031290679774784724,1,Sideways,0.10517241379310345,0.76379310344827589,0.1310344827586207,0.025862068965517251,True,0,0
2020-12-12,18803.65625,0.023606654913895131,1,Sideways,0.10499139414802065,0.76419965576592086,0.13080895008605853,0.025817555938037876,True,1,1
2020-12-13,19142.3828125,0.042379469988077512,1,Sideways,0.10481099656357389,0.76460481099656352,0.13058419243986255,0.025773195876288665,True,1,1
2020-12-14,19246.64453125,0.0072840478126288133,1,Sideways,0.10463121783876501,0.76500857632933106,0.13036020583190394,0.025728987993138927,True,1,1
2020-12-15,19417.076171875,0.036565804518183365,1,Sideways,0.10445205479452055,0.7654109589041096,0.13013698630136986,0.025684931506849307,True,1,1
2020-12-16,21310.59765625,0.24255530530903857,2,Bull,0.002014098690835851,0.084592145015105744,0.91339375629405839,0.91137965760322259,True,1,1
2020-12-17,22805.162109375,0.33298023106793062,2,Bull,0.002014098690835851,0.084592145015105744,0.91339375629405839,0.91137965760322259,True,1,1
2020-12-18,23137.9609375,0.3059445840052315,2,Bull,0.002012072434607646,0.084507042253521125,0.91348088531187122,0.91146881287726356,True,1,1
2020-12-19,23869.83203125,0.31315376422927055,2,Bull,0.0020100502512562816,0.084422110552763815,0.91356783919597995,0.91155778894472361,True,1,1
2020-12-20,23477.294921875,0.19624432796851399,2,Bull,0.002008032128514056,0.084337349397590355,0.91365461847389562,0.91164658634538154,True,1,1
2020-12-21,22803.08203125,0.21273649948816553,2,Bull,0.0020060180541624875,0.08425275827482448,0.91374122367101307,0.91173520561685062,True,1,1
2020-12-22,23783.029296875,0.23862900862469272,2,Bull,0.002004008016032064,0.084168336673346694,0.91382765531062127,0.9118236472945892,True,1,1
2020-12-23,23241.345703125,0.19521056757081423,2,Bull,0.002002002002002002,0.08408408408408409,0.91391391391391397,0.91191191191191201,True,1,1
2020-12-24,23735.94921875,0.26931800615816548,2,Bull,0.002,0.084000000000000005,0.91400000000000003,0.91200000000000003,True,1,1
2020-12-25,24664.791015625,0.28769417575221534,2,Bull,0.001998001998001998,0.083916083916083919,0.91408591408591411,0.91208791208791207,True,1,1
2020-12-26,26437.037109375,0.3665997220310111,2,Bull,0.001996007984031936,0.083832335329341312,0.9141716566866267,0.91217564870259471,True,1,1
2020-12-27,26272.294921875,0.36894540721332891,2,Bull,0.0019940179461615153,0.083748753738783654,0.91425722831505485,0.91226321036889335,True,1,1
2020-12-28,27084.80859375,0.4783360585116283,2,Bull,0.0019920318725099601,0.083665338645418322,0.91434262948207168,0.91235059760956172,True,1,1
2020-12-29,27362.4375,0.47475268708541041,2,Bull,0.001990049751243781,0.083582089552238809,0.91442786069651738,0.91243781094527365,True,1,1
2020-12-30,28840.953125,0.57902904249462872,2,Bull,0.0019880715705765406,0.083499005964214709,0.91451292246520877,0.9125248508946322,True,1,1
2020-12-31,29001.720703125,0.60595129285576843,2,Bull,0.0019860973187686196,0.083416087388282031,0.91459781529294937,0.91261171797418073,True,1,1
2021-01-01,29374.15234375,0.56215110259474144,2,Bull,0.001984126984126984,0.083333333333333329,0.91468253968253965,0.91269841269841268,True,1,1
2021-01-02,32127.267578125,0.6783316838249549,2,Bull,0.0019821605550049554,0.083250743310208125,0.91476709613478691,0.91278493557978191,True,1,1
2021-01-03,32782.0234375,0.70325915170684183,2,Bull,0.0019801980198019802,0.083168316831683173,0.91485148514851489,0.9128712871287129,True,1,1
2021-01-04,31971.9140625,0.64658745629325343,2,Bull,0.0019782393669634025,0.083086053412462904,0.91493570722057371,0.91295746785361032,True,1,1
2021-01-05,33992.4296875,0.59509509004927685,2,Bull,0.001976284584980237,0.083003952569169967,0.91501976284584985,0.91304347826086962,True,1,1
2021-01-06,36824.36328125,0.61473806257714925,2,Bull,0.0019743336623889436,0.082922013820335636,0.91510365251727543,0.91312931885488646,True,1,1
2021-01-07,39371.04296875,0.70157789941380821,2,Bull,0.0019723865877712033,0.082840236686390539,0.91518737672583828,0.91321499013806706,True,1,1
2021-01-08,40797.609375,0.70917035870166267,2,Bull,0.0019704433497536944,0.082758620689655171,0.91527093596059117,0.91330049261083746,True,1,1
2021-01-09,40254.546875,0.71461605815126394,2,Bull,0.001968503937007874,0.082677165354330714,0.91535433070866146,0.91338582677165359,True,1,1
2021-01-10,38356.44140625,0.68207268445928615,2,Bull,0.0019665683382497543,0.082595870206489674,0.91543756145526056,0.91347099311701085,True,1,1
2021-01-11,35566.65625,0.49546366890584981,2,Bull,0.0019646365422396855,0.082514734774066803,0.91552062868369355,0.91355599214145389,True,1,1
2021-01-12,33922.9609375,0.45959538534546929,2,Bull,0.0019627085377821392,0.082433758586849856,0.915603532875368,0.91364082433758587,True,1,1
2021-01-13,37316.359375,0.57214523131530282,2,Bull,0.0019607843137254902,0.082352941176470587,0.91568627450980389,0.9137254901960784,True,1,1
2021-01-14,39187.328125,0.58879627644828036,2,Bull,0.0019588638589618022,0.082272282076395684,0.91576885406464248,0.91380999020568066,True,1,1
2021-01-15,36825.3671875,0.39294607921252767,2,Bull,0.0019569471624266144,0.082191780821917804,0.91585127201565553,0.91389432485322897,True,1,1
2021-01-16,36178.140625,0.37704531456356083,2,Bull,0.0019550342130987292,0.082111436950146624,0.91593352883675461,0.91397849462365588,True,1,1
2021-01-17,35791.27734375,0.32145210551752168,2,Bull,0.001953125,0.08203125,0.916015625,0.9140625,True,1,1
2021-01-18,36630.07421875,0.33869923754965181,2,Bull,0.0019512195121951219,0.081951219512195125,0.91609756097560979,0.91414634146341467,True,1,1
2021-01-19,36069.8046875,0.25064537677272059,2,Bull,0.0019493177387914229,0.081871345029239762,0.91617933723196876,0.91423001949317739,True,1,1
2021-01-20,35547.75,0.22571175565350687,2,Bull,0.0019474196689386564,0.081791626095423564,0.9162609542356378,0.91431353456669917,True,1,1
2021-01-21,30825.69921875,0.049415787663021682,1,Sideways,0.10409556313993173,0.76450511945392496,0.13139931740614336,0.027303754266211622,True,1,1
2021-01-22,33005.76171875,0.027344190989437189,1,Sideways,0.10409556313993173,0.76450511945392496,0.13139931740614336,0.027303754266211622,True,1,1
2021-01-23,32067.642578125,-0.021791847618466531,1,Sideways,0.10391822827938671,0.76490630323679731,0.131175468483816,0.027257240204429295,True,0,0
2021-01-24,32289.37890625,0.0099294913382228511,1,Sideways,0.10374149659863946,0.76530612244897955,0.13095238095238096,0.027210884353741499,True,1,1
2021-01-25,32366.392578125,-0.047835271686181957,1,Sideways,0.1035653650254669,0.76570458404074704,0.13073005093378609,0.027164685908319192,True,0,0
2021-01-26,32569.849609375,-0.11553529491822301,0,Bear,0.8890814558058926,0.093587521663778164,0.017331022530329289,-0.87175043327556334,True,0,0
2021-01-27,30432.546875,-0.22703224044241743,0,Bear,0.8890814558058926,0.093587521663778164,0.017331022530329289,-0.87175043327556334,True,0,0
2021-01-28,33466.09765625,-0.1797044442325243,0,Bear,0.88927335640138405,0.093425605536332182,0.017301038062283738,-0.87197231833910027,True,0,0
2021-01-29,34316.38671875,-0.14751526516220415,0,Bear,0.88946459412780654,0.093264248704663211,0.017271157167530225,-0.87219343696027629,True,0,0
2021-01-30,34269.5234375,-0.1065510203478901,0,Bear,0.8896551724137931,0.093103448275862075,0.017241379310344827,-0.87241379310344824,True,0,0
2021-01-31,33114.359375,-0.068949323145888974,0,Bear,0.88984509466437178,0.092943201376936319,0.017211703958691909,-0.87263339070567991,True,0,0
2021-02-01,33537.17578125,-0.01137239042785132,1,Sideways,0.10490693739424704,0.76480541455160744,0.13028764805414553,0.025380710659898484,True,0,0
2021-02-02,35510.2890625,-0.04839888838968498,1,Sideways,0.10490693739424704,0.76480541455160744,0.13028764805414553,0.025380710659898484,True,0,0
2021-02-03,37472.08984375,-0.043770227859851074,1,Sideways,0.10472972972972973,0.76520270270270274,0.13006756756756757,0.025337837837837843,True,0,0
2021-02-04,36926.06640625,0.0027345068478823453,1,Sideways,0.1045531197301855,0.76559865092748736,0.12984822934232715,0.025295109612141653,True,1,1
2021-02-05,38144.30859375,0.054346849638572392,2,Bull,0.0019436345966958211,0.082604470359572399,0.91545189504373181,0.91350826044703604,True,1,1
2021-02-06,39266.01171875,0.097083273715761198,2,Bull,0.0019436345966958211,0.082604470359572399,0.91545189504373181,0.91350826044703604,True,1,1
2021-02-07,38903.44140625,0.062062860531588049,2,Bull,0.0019417475728155339,0.082524271844660199,0.91553398058252422,0.91359223300970871,True,1,1
2021-02-08,46196.46484375,0.28075173248053087,2,Bull,0.0019398642095053346,0.082444228903976721,0.91561590688651795,0.91367604267701263,True,1,1
2021-02-09,46481.10546875,0.30756814337756966,2,Bull,0.001937984496124031,0.082364341085271311,0.91569767441860461,0.91375968992248058,True,1,1
2021-02-10,44918.18359375,0.45716673853834666,2,Bull,0.0019361084220716361,0.082284607938044527,0.91577928363988381,0.91384317521781222,True,1,1
2021-02-11,47909.33203125,0.45154450424434645,2,Bull,0.0019342359767891683,0.082205029013539654,0.91586073500967113,0.91392649903288192,True,1,1
2021-02-12,47504.8515625,0.4813951928884701,2,Bull,0.0019323671497584541,0.082125603864734303,0.91594202898550725,0.91400966183574883,True,1,1
2021-02-13,47105.515625,0.45885480676997958,2,Bull,0.0019305019305019305,0.082046332046332049,0.91602316602316602,0.9140926640926641,True,1,1
2021-02-14,48717.2890625,0.5051813063475552,2,Bull,0.0019286403085824494,0.081967213114754092,0.9161041465766635,0.91417550626808108,True,1,1
2021-02-15,47945.05859375,0.47206877430436012,2,Bull,0.0019267822736030828,0.081888246628131017,0.91618497109826591,0.91425818882466281,True,1,1
2021-02-16,49199.87109375,0.61668595454188391,2,Bull,0.0019249278152069298,0.08180943214629452,0.91626564003849853,0.91434071222329161,True,1,1
2021-02-17,52149.0078125,0.55826377930744053,2,Bull,0.0019230769230769232,0.081730769230769232,0.91634615384615381,0.91442307692307689,True,1,1
2021-02-18,51679.796875,0.50598014000007963,2,Bull,0.0019212295869356388,0.081652257444764648,0.91642651296829969,0.91450528338136405,True,1,1
2021-02-19,55888.1328125,0.63084067726904758,2,Bull,0.0019193857965451055,0.081573896353166989,0.91650671785028792,0.91458733205374276,True,1,1
2021-02-20,56099.51953125,0.69411459530160391,2,Bull,0.0019175455417066154,0.081495685522531155,0.91658676893576219,0.91466922339405554,True,1,1
2021-02-21,57539.9453125,0.71570634593117699,2,Bull,0.0019157088122605363,0.08141762452107279,0.91666666666666663,0.91475095785440608,True,1,1
2021-02-22,54207.3203125,0.52652433262630538,2,Bull,0.0019138755980861245,0.081339712918660281,0.91674641148325364,0.91483253588516755,True,1,1
2021-02-23,48824.42578125,0.30295443848572723,2,Bull,0.0019120458891013384,0.081261950286806883,0.91682600382409174,0.91491395793499042,True,1,1
2021-02-24,49705.33203125,0.3460770904868713,2,Bull,0.0019102196752626551,0.081184336198662846,0.91690544412607455,0.91499522445081194,True,1,1
2021-02-25,47093.8515625,0.23462328453939763,2,Bull,0.0019083969465648854,0.08110687022900763,0.9169847328244275,0.91507633587786263,True,1,1
2021-02-26,46339.76171875,0.180149439435485,2,Bull,0.0019065776930409914,0.081029551954242135,0.91706387035271686,0.91515729265967583,True,1,1
2021-02-27,46188.453125,0.18725879910407195,2,Bull,0.0019047619047619048,0.080952380952380956,0.91714285714285715,0.91523809523809529,True,1,1
2021-02-28,45137.76953125,-0.022917236547879138,1,Sideways,0.10420168067226891,0.76470588235294112,0.13109243697478992,0.02689075630252101,True,0,0
2021-03-01,49631.2421875,0.067772413908440354,2,Bull,0.0019011406844106464,0.0817490494296578,0.91634980988593151,0.9144486692015209,True,1,1
2021-03-02,48378.98828125,0.077046852980527492,2,Bull,0.0019011406844106464,0.0817490494296578,0.91634980988593151,0.9144486692015209,True,1,1
2021-03-03,50538.2421875,0.054872611342926536,2,Bull,0.0018993352326685661,0.081671415004748338,0.91642924976258311,0.9145299145299145,True,1,1
2021-03-04,48561.16796875,0.022235968990667265,1,Sideways,0.1040268456375839,0.76342281879194629,0.1325503355704698,0.028523489932885907,True,1,1
2021-03-05,48927.3046875,0.038674644324095508,1,Sideways,0.1040268456375839,0.76342281879194629,0.1325503355704698,0.028523489932885907,True,1,1
2021-03-06,48912.3828125,0.0040046101446595816,1,Sideways,0.10385259631490787,0.76381909547738691,0.13232830820770519,0.028475711892797323,True,1,1
2021-03-07,51206.69140625,0.068028549931216098,2,Bull,0.0018957345971563982,0.082464454976303322,0.9156398104265403,0.91374407582938388,True,1,1
2021-03-08,52246.5234375,0.061923990368686566,2,Bull,0.0018957345971563982,0.082464454976303322,0.9156398104265403,0.91374407582938388,True,1,1
2021-03-09,54824.1171875,0.051297416522635864,2,Bull,0.001893939393939394,0.082386363636363633,0.91571969696969702,0.91382575757575757,True,1,1
2021-03-10,56008.55078125,0.08376104721773836,2,Bull,0.0018921475875118259,0.082308420056764434,0.9157994323557237,0.91390728476821192,True,1,1
2021-03-11,57805.12109375,0.034300453151321575,1,Sideways,0.10350584307178631,0.76293823038397324,0.13355592654424039,0.030050083472454081,True,1,1
2021-03-12,57332.08984375,0.021971138483876107,1,Sideways,0.10350584307178631,0.76293823038397324,0.13355592654424039,0.030050083472454081,True,1,1
2021-03-13,61243.0859375,0.064357736262838028,2,Bull,0.0018885741265344666,0.083097261567516525,0.91501416430594906,0.91312559017941464,True,1,1
2021-03-14,59302.31640625,0.093990923446830354,2,Bull,0.0018885741265344666,0.083097261567516525,0.91501416430594906,0.91312559017941464,True,1,1
2021-03-15,55907.19921875,0.14506619021457068,2,Bull,0.0018867924528301887,0.083018867924528297,0.91509433962264153,0.91320754716981134,True,1,1
2021-03-16,56804.90234375,0.14283317347194191,2,Bull,0.001885014137606032,0.082940622054665417,0.91517436380772854,0.91328934967012254,True,1,1
2021-03-17,58870.89453125,0.25007602007494012,2,Bull,0.0018832391713747645,0.082862523540489647,0.9152542372881356,0.91337099811676081,True,1,1
2021-03-18,57858.921875,0.24858047881565004,2,Bull,0.0018814675446848542,0.082784571966133591,0.91533396048918159,0.91345249294449671,True,1,1
2021-03-19,58346.65234375,0.26323027501800533,2,Bull,0.0018796992481203006,0.082706766917293228,0.91541353383458646,0.9135338345864662,True,1,1
2021-03-20,58313.64453125,0.29190354633890392,2,Bull,0.0018779342723004694,0.082629107981220654,0.91549295774647887,0.91361502347417844,True,1,1
2021-03-21,57523.421875,0.15901636428289323,2,Bull,0.001876172607879925,0.082551594746716694,0.91557223264540333,0.91369606003752335,True,1,1
2021-03-22,54529.14453125,0.12712453212634833,2,Bull,0.0018744142455482662,0.08247422680412371,0.91565135895032801,0.91377694470477977,True,1,1
2021-03-23,54738.9453125,0.083119296263117537,2,Bull,0.0018726591760299626,0.082397003745318345,0.9157303370786517,0.91385767790262173,True,1,1
2021-03-24,52774.265625,0.086758573413250772,2,Bull,0.0018709073900841909,0.082319925163704399,0.91580916744621144,0.91393826005612722,True,1,1
2021-03-25,51704.16015625,0.056754719813115528,2,Bull,0.001869158878504673,0.082242990654205608,0.91588785046728971,0.91401869158878501,True,1,1
2021-03-26,55137.3125,0.12726694815426498,2,Bull,0.0018674136321195146,0.082166199813258636,0.91596638655462181,0.91409897292250231,True,1,1
2021-03-27,55973.51171875,0.09308979318117383,2,Bull,0.0018656716417910447,0.082089552238805971,0.91604477611940294,0.91417910447761186,True,1,1
2021-03-28,55950.74609375,0.070898930924680137,2,Bull,0.001863932898415657,0.082013047530288916,0.91612301957129538,0.9142590866728797,True,1,1
2021-03-29,57750.19921875,0.05337216869799688,2,Bull,0.0018621973929236499,0.081936685288640593,0.91620111731843579,0.91433891992551208,True,1,1
2021-03-30,58917.69140625,0.051941008728508153,2,Bull,0.0018604651162790699,0.081860465116279063,0.91627906976744189,0.91441860465116287,True,1,1
2021-03-31,58918.83203125,0.01926664829044733,1,Sideways,0.10316139767054909,0.76206322795341097,0.13477537437603992,0.031613976705490834,True,1,1
2021-04-01,59095.80859375,0.030763203553310969,1,Sideways,0.10316139767054909,0.76206322795341097,0.13477537437603992,0.031613976705490834,True,1,1
2021-04-02,59384.3125,-0.03035074750147182,1,Sideways,0.10299003322259136,0.7624584717607974,0.13455149501661129,0.031561461794019932,True,0,0
2021-04-03,57603.890625,-0.028640125448303744,1,Sideways,0.10281923714759536,0.76285240464344939,0.13432835820895522,0.031509121061359863,True,0,0
2021-04-04,58758.5546875,0.051001579556747334,2,Bull,0.0018570102135561746,0.082636954503249774,0.91550603528319408,0.91364902506963785,True,1,1
2021-04-05,59057.87890625,0.039661657172937348,1,Sideways,0.10247933884297521,0.76198347107438014,0.13553719008264462,0.033057851239669409,True,1,1
2021-04-06,58192.359375,-0.011525816987370874,1,Sideways,0.10247933884297521,0.76198347107438014,0.13553719008264462,0.033057851239669409,True,0,0
2021-04-07,56048.9375,-0.031282718660232578,1,Sideways,0.10231023102310231,0.76237623762376239,0.13531353135313531,0.033003300330033,True,0,0
2021-04-08,58323.953125,-0.0003890406362351273,1,Sideways,0.10214168039538715,0.76276771004942334,0.13509060955518945,0.032948929159802298,True,0,0
2021-04-09,58245.00390625,-0.0011770937239776735,1,Sideways,0.10197368421052631,0.76315789473684215,0.13486842105263158,0.032894736842105268,True,0,0
2021-04-10,59793.234375,0.039458926920800552,1,Sideways,0.10180623973727422,0.76354679802955661,0.13464696223316913,0.032840722495894911,True,1,1
2021-04-11,60204.96484375,0.10408782975216591,2,Bull,0.0018552875695732839,0.083487940630797772,0.9146567717996289,0.91280148423005558,True,1,1
2021-04-12,59893.453125,0.094165274523894338,2,Bull,0.0018552875695732839,0.083487940630797772,0.9146567717996289,0.91280148423005558,True,1,1
2021-04-13,63503.45703125,0.20330347147772376,2,Bull,0.0018535681186283596,0.083410565338276177,0.91473586654309547,0.91288229842446711,True,1,1
2021-04-14,63109.6953125,0.22059221389115424,2,Bull,0.0018518518518518519,0.083333333333333329,0.91481481481481486,0.91296296296296298,True,1,1
2021-04-15,63314.01171875,0.14829702152693791,2,Bull,0.0018501387604070306,0.083256244218316372,0.91489361702127658,0.91304347826086951,True,1,1
2021-04-16,61572.7890625,0.10003441220348441,2,Bull,0.0018484288354898336,0.083179297597042512,0.91497227356746769,0.91312384473197783,True,1,1
2021-04-17,60683.8203125,0.084593585415632333,2,Bull,0.0018467220683287165,0.083102493074792241,0.91505078485687907,0.91320406278855037,True,1,1
2021-04-18,56216.18359375,-0.026562949491989674,1,Sideways,0.10147299509001637,0.76268412438625199,0.13584288052373159,0.034369885433715219,True,0,0
2021-04-19,55724.265625,-0.054201475058325843,0,Bear,0.888507718696398,0.094339622641509441,0.017152658662092625,-0.87135506003430541,True,0,0
2021-04-20,56473.03125,-0.041511358880175542,1,Sideways,0.10294117647058823,0.76143790849673199,0.13562091503267973,0.032679738562091498,True,0,0
2021-04-21,53906.08984375,-0.087818728155094061,0,Bear,0.88698630136986301,0.095890410958904104,0.017123287671232876,-0.86986301369863017,True,0,0
2021-04-22,51762.2734375,-0.12835105336110442,0,Bear,0.88698630136986301,0.095890410958904104,0.017123287671232876,-0.86986301369863017,True,0,0
2021-04-23,51093.65234375,-0.11301733633985767,0,Bear,0.88717948717948714,0.095726495726495733,0.017094017094017096,-0.87008547008546999,True,0,0
2021-04-24,50050.8671875,-0.14819437861109319,0,Bear,0.88737201365187712,0.09556313993174062,0.017064846416382253,-0.87030716723549484,True,0,0
2021-04-25,49004.25390625,-0.17023342500937744,0,Bear,0.88756388415672915,0.09540034071550256,0.017035775127768313,-0.87052810902896083,True,0,0
2021-04-26,54021.75390625,-0.071669296683332884,0,Bear,0.88775510204081631,0.095238095238095233,0.017006802721088437,-0.87074829931972786,True,0,0
2021-04-27,55033.1171875,-0.018123810330927359,1,Sideways,0.10440456769983687,0.76019575856443722,0.13539967373572595,0.030995106035889078,True,0,0
2021-04-28,54824.703125,-0.059996790555338353,0,Bear,0.88644067796610171,0.096610169491525427,0.016949152542372881,-0.86949152542372887,True,0,0
2021-04-29,53555.109375,-0.080520117035252636,0,Bear,0.88644067796610171,0.096610169491525427,0.016949152542372881,-0.86949152542372887,True,0,0
2021-04-30,57750.17578125,-0.034168725192832539,1,Sideways,0.10586319218241043,0.75895765472312704,0.13517915309446255,0.029315960912052116,True,0,0
2021-05-01,57828.05078125,-0.03948036625665019,1,Sideways,0.10586319218241043,0.75895765472312704,0.13517915309446255,0.029315960912052116,True,0,0
2021-05-02,56631.078125,-0.054469642837110976,0,Bear,0.88513513513513509,0.097972972972972971,0.016891891891891893,-0.8682432432432432,True,0,0
2021-05-03,57200.29296875,-0.099257022486165081,0,Bear,0.88513513513513509,0.097972972972972971,0.016891891891891893,-0.8682432432432432,True,0,0
2021-05-04,53333.5390625,-0.15490735934615829,0,Bear,0.88532883642495785,0.097807757166947729,0.016863406408094434,-0.86846543001686338,True,0,0
2021-05-05,57424.0078125,-0.093028442620477936,0,Bear,0.88552188552188549,0.097643097643097643,0.016835016835016835,-0.86868686868686862,True,0,0
2021-05-06,56396.515625,-0.084067548608944387,0,Bear,0.88571428571428568,0.097478991596638656,0.01680672268907563,-0.86890756302520999,True,0,0
2021-05-07,57356.40234375,-0.054832045042895849,0,Bear,0.88590604026845643,0.097315436241610737,0.016778523489932886,-0.86912751677852351,True,0,0
2021-05-08,58803.77734375,0.046029338610024118,1,Sideways,0.10714285714285714,0.75811688311688308,0.13474025974025974,0.027597402597402607,True,1,1
2021-05-09,58232.31640625,0.04500823390169173,1,Sideways,0.10714285714285714,0.75811688311688308,0.13474025974025974,0.027597402597402607,True,1,1
2021-05-10,55859.796875,-0.010858888949758616,1,Sideways,0.10696920583468396,0.75850891410048626,0.13452188006482982,0.02755267423014586,True,0,0
2021-05-11,56704.57421875,0.051914067280924625,2,Bull,0.0018433179723502304,0.08387096774193549,0.91428571428571426,0.91244239631336399,True,1,1
2021-05-12,49150.53515625,-0.05045640594599321,0,Bear,0.88461538461538458,0.098662207357859535,0.016722408026755852,-0.86789297658862874,True,0,0
2021-05-13,49716.19140625,-0.026959531650480928,1,Sideways,0.10662358642972536,0.7576736672051696,0.13570274636510501,0.029079159935379656,True,0,0
2021-05-14,49880.53515625,-0.0034031784227015471,1,Sideways,0.10662358642972536,0.7576736672051696,0.13570274636510501,0.029079159935379656,True,0,0
2021-05-15,46760.1875,-0.045793298078634637,1,Sideways,0.1064516129032258,0.75806451612903225,0.13548387096774195,0.029032258064516148,True,0,0
2021-05-16,46456.05859375,-0.14004904997400858,0,Bear,0.88313856427378967,0.1001669449081803,0.016694490818030049,-0.86644407345575958,True,0,0
2021-05-17,43537.51171875,-0.20888523231537148,0,Bear,0.88313856427378967,0.1001669449081803,0.016694490818030049,-0.86644407345575958,True,0,0
2021-05-18,42909.40234375,-0.21733452444025436,0,Bear,0.8833333333333333,0.10000000000000001,0.016666666666666666,-0.86666666666666659,True,0,0
2021-05-19,37002.44140625,-0.30907728808554968,0,Bear,0.88352745424292845,0.099833610648918464,0.016638935108153077,-0.86688851913477538,True,0,0
2021-05-20,40782.73828125,-0.29380754725787162,0,Bear,0.88372093023255816,0.099667774086378738,0.016611295681063124,-0.86710963455149503,True,0,0
2021-05-21,37304.69140625,-0.35490318448801039,0,Bear,0.88391376451077941,0.09950248756218906,0.01658374792703151,-0.86733001658374786,True,0,0
2021-05-22,37536.6328125,-0.33717255515343414,0,Bear,0.88410596026490063,0.099337748344370855,0.016556291390728478,-0.86754966887417218,True,0,0
2021-05-23,34770.58203125,-0.39212580519043727,0,Bear,0.88429752066115708,0.099173553719008267,0.016528925619834711,-0.86776859504132231,True,0,0
2021-05-24,38705.98046875,-0.27426566567443411,0,Bear,0.88448844884488453,0.099009900990099015,0.0165016501650165,-0.86798679867986805,True,0,0
2021-05-25,38402.22265625,-0.33125143787176337,0,Bear,0.8846787479406919,0.098846787479406922,0.016474464579901153,-0.8682042833607907,True,0,0
2021-05-26,39294.19921875,-0.30325129516811355,0,Bear,0.88486842105263153,0.098684210526315791,0.016447368421052631,-0.86842105263157887,True,0,0
2021-05-27,38436.96875,-0.32985739726772823,0,Bear,0.88505747126436785,0.098522167487684734,0.016420361247947456,-0.86863711001642041,True,0,0
2021-05-28,35697.60546875,-0.39293686424135565,0,Bear,0.88524590163934425,0.098360655737704916,0.016393442622950821,-0.86885245901639341,True,0,0
2021-05-29,34616.06640625,-0.40555230252639063,0,Bear,0.88543371522094927,0.098199672667757767,0.016366612111292964,-0.86906710310965629,True,0,0
2021-05-30,35678.12890625,-0.36129146716933891,0,Bear,0.8856209150326797,0.098039215686274508,0.016339869281045753,-0.8692810457516339,True,0,0
2021-05-31,37332.85546875,-0.34162532770759302,0,Bear,0.88580750407830344,0.097879282218597069,0.016313213703099509,-0.86949429037520398,True,0,0
2021-06-01,36684.92578125,-0.25362103048057794,0,Bear,0.88599348534201949,0.097719869706840393,0.016286644951140065,-0.86970684039087942,True,0,0
2021-06-02,37575.1796875,-0.24420639182798931,0,Bear,0.88617886178861793,0.097560975609756101,0.016260162601626018,-0.86991869918699194,True,0,0
2021-06-03,39208.765625,-0.21394657250209625,0,Bear,0.88636363636363635,0.097402597402597407,0.016233766233766232,-0.87012987012987009,True,0,0
2021-06-04,36894.40625,-0.21098677694566559,0,Bear,0.88654781199351707,0.097244732576985418,0.016207455429497569,-0.87034035656401953,True,0,0
2021-06-05,35551.95703125,-0.23471861136250138,0,Bear,0.88673139158576053,0.097087378640776698,0.016181229773462782,-0.87055016181229772,True,0,0
2021-06-06,35862.37890625,-0.17628781502445401,0,Bear,0.88691437802907913,0.096930533117932149,0.016155088852988692,-0.87075928917609047,True,0,0
2021-06-07,33560.70703125,-0.21787055521321408,0,Bear,0.88709677419354838,0.096774193548387094,0.016129032258064516,-0.87096774193548387,True,0,0
2021-06-08,33472.6328125,-0.095393937794433947,0,Bear,0.8872785829307569,0.096618357487922704,0.01610305958132045,-0.87117552334943649,True,0,0
2021-06-09,37345.12109375,-0.084290985166154409,0,Bear,0.887459807073955,0.096463022508038579,0.01607717041800643,-0.87138263665594862,True,0,0
2021-06-10,36702.59765625,-0.016139893597916899,1,Sideways,0.10771704180064309,0.75723472668810288,0.13504823151125403,0.027331189710610937,True,0,0
2021-06-11,37334.3984375,-0.0053876536025536659,1,Sideways,0.10771704180064309,0.75723472668810288,0.13504823151125403,0.027331189710610937,True,0,0
2021-06-12,35552.515625,0.022488366546387972,1,Sideways,0.10754414125200643,0.7576243980738363,0.1348314606741573,0.027287319422150874,True,1,1
2021-06-13,39097.859375,0.010124505347859358,1,Sideways,0.10737179487179487,0.75801282051282048,0.13461538461538461,0.027243589743589744,True,1,1
2021-06-14,40218.4765625,0.047295541263531637,1,Sideways,0.1072,0.75839999999999996,0.13439999999999999,0.027199999999999988,True,1,1
2021-06-15,40406.26953125,0.028301131836511839,1,Sideways,0.10702875399361023,0.75878594249201281,0.13418530351437699,0.027156549520766765,True,1,1
2021-06-16,38347.0625,-0.0023390567186700739,1,Sideways,0.10685805422647528,0.75917065390749605,0.13397129186602871,0.027113237639553436,True,0,0
2021-06-17,38053.50390625,0.065995979465972132,2,Bull,0.0027624309392265192,0.083793738489871081,0.91344383057090239,0.91068139963167583,True,1,1
2021-06-18,35787.24609375,0.033833413472090568,1,Sideways,0.10651828298887123,0.75834658187599369,0.13513513513513514,0.028616852146263916,True,1,1
2021-06-19,35615.87109375,-0.0017449853568159979,1,Sideways,0.10651828298887123,0.75834658187599369,0.13513513513513514,0.028616852146263916,True,0,0
2021-06-20,35698.296875,-0.043783379900265929,1,Sideways,0.10634920634920635,0.7587301587301587,0.13492063492063491,0.028571428571428567,True,0,0
2021-06-21,31676.693359375,-0.13652017321062027,0,Bear,0.88621794871794868,0.097756410256410256,0.016025641025641024,-0.87019230769230771,True,0,0
2021-06-22,32505.66015625,-0.13491670760889163,0,Bear,0.88621794871794868,0.097756410256410256,0.016025641025641024,-0.87019230769230771,True,0,0
2021-06-23,33723.02734375,-0.13991101718724408,0,Bear,0.88639999999999997,0.097600000000000006,0.016,-0.87039999999999995,True,0,0
2021-06-24,34662.4375,-0.060496128732251964,0,Bear,0.88658146964856233,0.097444089456869012,0.015974440894568689,-0.87060702875399365,True,0,0
2021-06-25,31637.779296875,-0.11009739157072163,0,Bear,0.88676236044657097,0.097288676236044661,0.015948963317384369,-0.87081339712918659,True,0,0
2021-06-26,32186.27734375,-0.10250579227077816,0,Bear,0.88694267515923564,0.097133757961783446,0.015923566878980892,-0.87101910828025475,True,0,0
2021-06-27,34649.64453125,0.032446798542892452,1,Sideways,0.10759493670886076,0.75791139240506333,0.13449367088607594,0.026898734177215181,True,1,1
2021-06-28,34434.3359375,0.028731027236102546,1,Sideways,0.10759493670886076,0.75791139240506333,0.13449367088607594,0.026898734177215181,True,1,1
2021-06-29,35867.77734375,-0.039559217020379234,1,Sideways,0.10742496050552923,0.75829383886255919,0.13428120063191154,0.026856240126382311,True,0,0
2021-06-30,35040.8359375,-0.045276406163775262,1,Sideways,0.10725552050473186,0.75867507886435326,0.13406940063091483,0.026813880126182965,True,0,0
2021-07-01,33572.1171875,-0.10077251562786749,0,Bear,0.88571428571428568,0.09841269841269841,0.015873015873015872,-0.86984126984126986,True,0,0
2021-07-02,33897.046875,-0.046564039728201334,1,Sideways,0.10849056603773585,0.75786163522012584,0.13364779874213836,0.02515723270440251,True,0,0
2021-07-03,34668.546875,-0.11328785183651757,0,Bear,0.88431061806656097,0.099841521394611721,0.015847860538827259,-0.86846275752773372,True,0,0
2021-07-04,35287.78125,-0.1225977643593148,0,Bear,0.88431061806656097,0.099841521394611721,0.015847860538827259,-0.86846275752773372,True,0,0
2021-07-05,33746.00390625,-0.16483248026272224,0,Bear,0.884493670886076,0.099683544303797472,0.015822784810126583,-0.86867088607594944,True,0,0
2021-07-06,34235.1953125,-0.10722769671079757,0,Bear,0.88467614533965244,0.099526066350710901,0.01579778830963665,-0.86887835703001581,True,0,0
2021-07-07,33855.328125,-0.11032297555549098,0,Bear,0.8848580441640379,0.099369085173501584,0.015772870662460567,-0.86908517350157732,True,0,0
2021-07-08,32877.37109375,-0.081310391762952405,0,Bear,0.88503937007874012,0.099212598425196849,0.015748031496062992,-0.86929133858267715,True,0,0
2021-07-09,33798.01171875,-0.051040710761079855,0,Bear,0.88522012578616349,0.099056603773584911,0.015723270440251572,-0.86949685534591192,True,0,0
2021-07-10,33520.51953125,-0.061005076835335736,0,Bear,0.88540031397174257,0.098901098901098897,0.015698587127158554,-0.86970172684458402,True,0,0
2021-07-11,34240.1875,0.080926822491916184,2,Bull,0.0027598896044158236,0.084636614535418583,0.91260349586016565,0.90984360625574978,True,1,1
2021-07-12,33155.84765625,0.020002285659624919,1,Sideways,0.10989010989010989,0.75667189952904235,0.13343799058084774,0.023547880690737849,True,1,1
2021-07-13,32702.025390625,-0.030276106077831932,1,Sideways,0.10989010989010989,0.75667189952904235,0.13343799058084774,0.023547880690737849,True,0,0
2021-07-14,32822.34765625,-0.053085990959233609,0,Bear,0.88419405320813771,0.098591549295774641,0.017214397496087636,-0.86697965571205005,True,0,0
2021-07-15,31780.73046875,0.0045183693372916611,1,Sideways,0.1111111111111111,0.755868544600939,0.13302034428794993,0.021909233176838822,True,1,1
2021-07-16,31421.5390625,-0.023759761748231467,1,Sideways,0.1111111111111111,0.755868544600939,0.13302034428794993,0.021909233176838822,True,0,0
2021-07-17,31533.068359375,-0.089945401000123049,0,Bear,0.8828125,0.10000000000000001,0.017187500000000001,-0.86562499999999998,True,0,0
2021-07-18,31796.810546875,-0.076595796573868502,0,Bear,0.8828125,0.10000000000000001,0.017187500000000001,-0.86562499999999998,True,0,0
2021-07-19,30817.83203125,-0.14079337183629415,0,Bear,0.88299531981279256,0.099843993759750393,0.017160686427457099,-0.86583463338533551,True,0,0
2021-07-20,29807.34765625,-0.14935397918544591,0,Bear,0.88317757009345799,0.099688473520249218,0.017133956386292833,-0.86604361370716521,True,0,0
2021-07-21,32110.693359375,-0.043530880699687802,1,Sideways,0.11232449297971919,0.75507020280811232,0.13260530421216848,0.020280811232449292,True,0,0
2021-07-22,32313.10546875,-0.046728005896531366,1,Sideways,0.11232449297971919,0.75507020280811232,0.13260530421216848,0.020280811232449292,True,0,0
2021-07-23,33581.55078125,-0.031353956012902584,1,Sideways,0.11214953271028037,0.75545171339563866,0.13239875389408098,0.020249221183800611,True,0,0
2021-07-24,34292.4453125,-0.028206248798938072,1,Sideways,0.1119751166407465,0.7558320373250389,0.13219284603421461,0.020217729393468109,True,0,0
2021-07-25,35350.1875,0.047536994252907583,1,Sideways,0.11180124223602485,0.75621118012422361,0.13198757763975155,0.020186335403726705,True,1,1
2021-07-26,37337.53515625,0.090618435660487329,2,Bull,0.0027573529411764708,0.08547794117647059,0.91176470588235292,0.90900735294117641,True,1,1
2021-07-27,39406.94140625,0.16398048959243394,2,Bull,0.0027573529411764708,0.08547794117647059,0.91176470588235292,0.90900735294117641,True,1,1
2021-07-28,39995.90625,0.21651777254183302,2,Bull,0.0027548209366391185,0.085399449035812675,0.91184573002754821,0.90909090909090906,True,1,1
2021-07-29,40008.421875,0.1837507545689343,2,Bull,0.0027522935779816515,0.085321100917431197,0.91192660550458715,0.90917431192660547,True,1,1
2021-07-30,42235.546875,0.25999081952251024,2,Bull,0.0027497708524289641,0.085242896425297893,0.91200733272227319,0.90925756186984419,True,1,1
2021-07-31,41626.1953125,0.2157116637430796,2,Bull,0.0027472527472527475,0.085164835164835168,0.91208791208791207,0.90934065934065933,True,1,1
2021-08-01,39974.89453125,0.20566649194729858,2,Bull,0.0027447392497712718,0.085086916742909427,0.91216834400731928,0.90942360475754802,True,1,1
2021-08-02,39201.9453125,0.19876199850723597,2,Bull,0.0027422303473491772,0.085009140767824495,0.91224862888482627,0.90950639853747706,True,1,1
2021-08-03,38152.98046875,0.16240863902631131,2,Bull,0.0027397260273972603,0.084931506849315067,0.9123287671232877,0.90958904109589045,True,1,1
2021-08-04,39747.50390625,0.25067936828367521,2,Bull,0.0027372262773722629,0.08485401459854014,0.91240875912408759,0.90967153284671531,True,1,1
2021-08-05,40869.5546875,0.30068595959628608,2,Bull,0.0027347310847766638,0.084776663628076579,0.91248860528714681,0.90975387420237019,True,1,1
2021-08-06,42816.5,0.35782853454127483,2,Bull,0.0027322404371584699,0.084699453551912565,0.91256830601092898,0.9098360655737705,True,1,1
2021-08-07,44555.80078125,0.40126635391828502,2,Bull,0.0027297543221110102,0.084622383985441307,0.91264786169244771,0.90991810737033674,True,1,1
2021-08-08,43798.1171875,0.42119397441999462,2,Bull,0.0027272727272727275,0.084545454545454549,0.91272727272727272,0.91000000000000003,True,1,1
2021-08-09,46365.40234375,0.55550245122289876,2,Bull,0.0027247956403269754,0.084468664850136238,0.91280653950953683,0.91008174386920981,True,1,1
2021-08-10,45585.03125,0.41962151797295433,2,Bull,0.0027223230490018148,0.084392014519056258,0.91288566243194191,0.91016333938294014,True,1,1
2021-08-11,45593.63671875,0.41099520016247282,2,Bull,0.0027198549410698096,0.084315503173164094,0.91296464188576609,0.91024478694469624,True,1,1
2021-08-12,44428.2890625,0.32299694412284841,2,Bull,0.002717391304347826,0.084239130434782608,0.91304347826086951,0.91032608695652173,True,1,1
2021-08-13,47793.3203125,0.39369822936128651,2,Bull,0.0027149321266968325,0.084162895927601816,0.91312217194570133,0.91040723981900451,True,1,1
2021-08-14,47096.9453125,0.33229690259775846,2,Bull,0.0027124773960216998,0.084086799276672688,0.91320072332730562,0.91048824593128397,True,1,1
2021-08-15,47047.00390625,0.26004578795487832,2,Bull,0.0027100271002710027,0.084010840108401083,0.91327913279132789,0.91056910569105687,True,1,1
2021-08-16,46004.484375,0.16742083331805135,2,Bull,0.002707581227436823,0.083935018050541516,0.91335740072202165,0.91064981949458479,True,1,1
2021-08-17,44695.359375,0.11749835334710035,2,Bull,0.0027051397655545538,0.083859332732191164,0.91343552750225432,0.91073038773669979,True,1,1
2021-08-18,44801.1875,0.1197939183898391,2,Bull,0.0027027027027027029,0.083783783783783788,0.91351351351351351,0.91081081081081083,True,1,1
2021-08-19,46717.578125,0.10611988198625633,2,Bull,0.0027002700270027003,0.083708370837083712,0.91359135913591361,0.91089108910891092,True,1,1
2021-08-20,49339.17578125,0.1852915072070942,2,Bull,0.0026978417266187052,0.08363309352517985,0.91366906474820142,0.91097122302158273,True,1,1
2021-08-21,48905.4921875,0.22340515868700006,2,Bull,0.0026954177897574125,0.083557951482479784,0.91374663072776285,0.91105121293800539,True,1,1
2021-08-22,49321.65234375,0.25814298118576295,2,Bull,0.0026929982046678637,0.083482944344703769,0.91382405745062834,0.9111310592459605,True,1,1
2021-08-23,49546.1484375,0.29861803268769038,2,Bull,0.0026905829596412557,0.083408071748878918,0.91390134529147982,0.91121076233183851,True,1,1
2021-08-24,47706.1171875,0.20022925967933713,2,Bull,0.0026881720430107529,0.083333333333333329,0.91397849462365588,0.91129032258064513,True,1,1
2021-08-25,48960.7890625,0.19797706231124446,2,Bull,0.0026857654431512983,0.083258728737690246,0.91405550581915851,0.91136974037600726,True,1,1
2021-08-26,46942.21875,0.096358150479371352,2,Bull,0.0026833631484794273,0.083184257602862258,0.91413237924865831,0.91144901610017892,True,1,1
2021-08-27,49058.66796875,0.10106130085299458,2,Bull,0.0026809651474530832,0.083109919571045576,0.91420911528150139,0.91152815013404831,True,1,1
2021-08-28,48902.40234375,0.11654120049038919,2,Bull,0.0026785714285714286,0.083035714285714282,0.91428571428571426,0.91160714285714284,True,1,1
2021-08-29,48829.83203125,0.053152341248521529,2,Bull,0.0026761819803746653,0.082961641391614632,0.91436217662801067,0.911685994647636,True,1,1
2021-08-30,47054.984375,0.032246399414281424,1,Sideways,0.11145510835913312,0.7554179566563467,0.13312693498452013,0.021671826625387011,True,1,1
2021-08-31,47166.6875,0.034501542198828394,1,Sideways,0.11145510835913312,0.7554179566563467,0.13312693498452013,0.021671826625387011,True,1,1
2021-09-01,48847.02734375,0.09945776383677285,2,Bull,0.0026714158504007124,0.083704363312555652,0.91362422083704364,0.91095280498664288,True,1,1
2021-09-02,49327.72265625,0.032104953866297636,1,Sideways,0.1111111111111111,0.75462962962962965,0.13425925925925927,0.023148148148148168,True,1,1
2021-09-03,50025.375,0.062178760598360139,2,Bull,0.0026690391459074734,0.08451957295373666,0.91281138790035588,0.91014234875444844,True,1,1
2021-09-04,49944.625,0.061589917596539312,2,Bull,0.0026690391459074734,0.08451957295373666,0.91281138790035588,0.91014234875444844,True,1,1
2021-09-05,51753.41015625,0.12496446508101955,2,Bull,0.0026666666666666666,0.084444444444444447,0.91288888888888886,0.91022222222222215,True,1,1
2021-09-06,52633.53515625,0.17760626365363019,2,Bull,0.0026642984014209592,0.084369449378330366,0.91296625222024863,0.91030195381882772,True,1,1
2021-09-07,46811.12890625,0.044863574347220103,1,Sideways,0.11093990755007704,0.75346687211093988,0.13559322033898305,0.024653312788906007,True,1,1
2021-09-08,46091.390625,-0.013403680694331843,1,Sideways,0.11093990755007704,0.75346687211093988,0.13559322033898305,0.024653312788906007,True,0,0
2021-09-09,46391.421875,-0.059744692925539522,0,Bear,0.88198757763975155,0.10093167701863354,0.017080745341614908,-0.8649068322981367,True,0,0
2021-09-10,44883.91015625,-0.082231705507257891,0,Bear,0.88198757763975155,0.10093167701863354,0.017080745341614908,-0.8649068322981367,True,0,0
2021-09-11,45201.45703125,-0.083537252235267201,0,Bear,0.88217054263565886,0.10077519379844961,0.017054263565891473,-0.8651162790697674,True,0,0
2021-09-12,46063.26953125,-0.070295653972850758,0,Bear,0.88235294117647056,0.10061919504643962,0.017027863777089782,-0.8653250773993808,True,0,0
2021-09-13,44963.07421875,-0.057498768092338781,0,Bear,0.8825347758887172,0.10046367851622875,0.017001545595054096,-0.86553323029366314,True,0,0
2021-09-14,47092.4921875,-0.038159043405429194,1,Sideways,0.11213517665130568,0.75268817204301075,0.13517665130568357,0.023041474654377891,True,0,0
2021-09-15,48176.34765625,0.026290382924220035,1,Sideways,0.11213517665130568,0.75268817204301075,0.13517665130568357,0.023041474654377891,True,1,1
2021-09-16,47783.359375,-0.025995581342778462,1,Sideways,0.11196319018404909,0.75306748466257667,0.13496932515337423,0.023006134969325145,True,0,0
2021-09-17,47267.51953125,-0.033431543935365515,1,Sideways,0.11179173047473201,0.75344563552833077,0.13476263399693722,0.02297090352220521,True,0,0
2021-09-18,48278.36328125,-0.01129368517276641,1,Sideways,0.11162079510703364,0.75382262996941896,0.13455657492354739,0.022935779816513749,True,0,0
2021-09-19,47260.21875,0.0043615862958195084,1,Sideways,0.11145038167938931,0.75419847328244272,0.13435114503816795,0.022900763358778636,True,1,1
2021-09-20,42843.80078125,-0.091651268042726164,0,Bear,0.88135593220338981,0.10169491525423729,0.016949152542372881,-0.86440677966101698,True,0,0
2021-09-21,40693.67578125,-0.1669160234689947,0,Bear,0.88135593220338981,0.10169491525423729,0.016949152542372881,-0.86440677966101698,True,0,0
2021-09-22,43574.5078125,-0.11663248441129981,0,Bear,0.88153846153846149,0.10153846153846154,0.016923076923076923,-0.86461538461538456,True,0,0
2021-09-23,44895.09765625,-0.10255350097325611,0,Bear,0.88172043010752688,0.10138248847926268,0.016897081413210446,-0.86482334869431643,True,0,0
2021-09-24,42839.75,-0.14225504746506756,0,Bear,0.88190184049079756,0.10122699386503067,0.016871165644171779,-0.86503067484662577,True,0,0
2021-09-25,42716.59375,-0.17461296519334135,0,Bear,0.8820826952526799,0.10107197549770292,0.016845329249617153,-0.86523736600306278,True,0,0
2021-09-26,43208.5390625,-0.17906827017737992,0,Bear,0.88226299694189603,0.10091743119266056,0.016819571865443424,-0.86544342507645255,True,0,0
2021-09-27,42235.73046875,-0.097741681185755658,0,Bear,0.88244274809160306,0.10076335877862595,0.016793893129770993,-0.86564885496183208,True,0,0
2021-09-28,41034.54296875,-0.1097134971993482,0,Bear,0.88262195121951215,0.10060975609756098,0.01676829268292683,-0.86585365853658536,True,0,0
2021-09-29,41564.36328125,-0.10405067140982083,0,Bear,0.88280060882800604,0.1004566210045662,0.016742770167427701,-0.86605783866057839,True,0,0
2021-09-30,43790.89453125,-0.024352058927018416,1,Sideways,0.11263318112633181,0.75342465753424659,0.13394216133942161,0.021308980213089801,True,0,0
2021-10-01,48116.94140625,0.06449978753968888,2,Bull,0.0026595744680851063,0.085106382978723402,0.91223404255319152,0.90957446808510645,True,1,1
2021-10-02,47711.48828125,0.035781627460938825,1,Sideways,0.11246200607902736,0.75227963525835861,0.13525835866261399,0.022796352583586629,True,1,1
2021-10-03,48199.953125,0.07198971517165953,2,Bull,0.0026572187776793621,0.085916740478299378,0.91142604074402123,0.9087688219663419,True,1,1
2021-10-04,49112.90234375,0.042903020468861186,1,Sideways,0.11229135053110774,0.75113808801213966,0.13657056145675264,0.024279210925644903,True,1,1
2021-10-05,51514.8125,0.06929676088297021,2,Bull,0.0026548672566371681,0.086725663716814158,0.91061946902654867,0.90796460176991145,True,1,1
2021-10-06,55361.44921875,0.15859265532751166,2,Bull,0.0026548672566371681,0.086725663716814158,0.91061946902654867,0.90796460176991145,True,1,1
2021-10-07,53805.984375,0.13832891822104654,2,Bull,0.0026525198938992041,0.086648983200707339,0.91069849690539351,0.90804597701149425,True,1,1
2021-10-08,53967.84765625,0.11784749913445469,2,Bull,0.0026501766784452299,0.086572438162544174,0.91077738515901063,0.90812720848056538,True,1,1
2021-10-09,54968.22265625,0.16309708482358642,2,Bull,0.0026478375992939102,0.086496028243601059,0.91085613415710498,0.9082082965578111,True,1,1
2021-10-10,54771.578125,0.27840147527177428,2,Bull,0.0026455026455026454,0.086419753086419748,0.91093474426807763,0.90828924162257496,True,1,1
2021-10-11,57484.7890625,0.41262218167538123,2,Bull,0.0026431718061674008,0.086343612334801756,0.91101321585903083,0.90837004405286348,True,1,1
2021-10-12,56041.05859375,0.28609734009832666,2,Bull,0.0026408450704225352,0.086267605633802813,0.91109154929577463,0.90845070422535212,True,1,1
2021-10-13,57401.09765625,0.27856048105196618,2,Bull,0.0026385224274406332,0.086191732629727347,0.91116974494283198,0.90853122251539131,True,1,1
2021-10-14,57321.5234375,0.33804523690030863,2,Bull,0.0026362038664323375,0.086115992970123026,0.91124780316344467,0.9086115992970123,True,1,1
2021-10-15,61593.94921875,0.44192089798241452,2,Bull,0.0026338893766461808,0.086040386303775238,0.91132572431957859,0.90869183494293237,True,1,1
2021-10-16,60892.1796875,0.40926263670755181,2,Bull,0.002631578947368421,0.085964912280701758,0.91140350877192977,0.90877192982456134,True,1,1
2021-10-17,61553.6171875,0.45738256458102944,2,Bull,0.0026292725679228747,0.085889570552147243,0.91148115687992992,0.90885188431200703,True,1,1
2021-10-18,62026.078125,0.51155766916268997,2,Bull,0.0026269702276707531,0.085814360770577927,0.91155866900175131,0.90893169877408053,True,1,1
2021-10-19,64261.9921875,0.54608388326951873,2,Bull,0.0026246719160104987,0.085739282589676294,0.91163604549431321,0.90901137357830275,True,1,1
2021-10-20,65992.8359375,0.50699903813123259,2,Bull,0.0026223776223776225,0.085664335664335664,0.91171328671328666,0.90909090909090906,True,1,1
2021-10-21,62210.171875,0.29289539311655832,2,Bull,0.0026200873362445414,0.085589519650655019,0.91179039301310039,0.90917030567685586,True,1,1
2021-10-22,60692.265625,0.27206817081938062,2,Bull,0.002617801047120419,0.085514834205933685,0.91186736474694585,0.90924956369982546,True,1,1
2021-10-23,61393.6171875,0.27372773637941172,2,Bull,0.0026155187445510027,0.085440278988666088,0.91194420226678297,0.90932868352223195,True,1,1
2021-10-24,60930.8359375,0.2406278804505213,2,Bull,0.0026132404181184671,0.085365853658536592,0.91202090592334495,0.90940766550522645,True,1,1
2021-10-25,63039.82421875,0.22372228800696892,2,Bull,0.0026109660574412533,0.085291557876414278,0.91209747606614444,0.90948651000870318,True,1,1
2021-10-26,60363.79296875,0.090357890203238922,2,Bull,0.0026086956521739132,0.085217391304347828,0.91217391304347828,0.90956521739130436,True,1,1
2021-10-27,58482.38671875,0.086912309068780891,2,Bull,0.0026064291920069507,0.085143353605560385,0.91225021720243271,0.90964378801042578,True,1,1
2021-10-28,60622.13671875,0.12330099033937225,2,Bull,0.0026041666666666665,0.085069444444444448,0.91232638888888884,0.90972222222222221,True,1,1
2021-10-29,62227.96484375,0.13207161950459301,2,Bull,0.0026019080659150044,0.084995663486556808,0.91240242844752817,0.90980052038161319,True,1,1
2021-10-30,61888.83203125,0.12994429136233698,2,Bull,0.0025996533795493936,0.084922010398613523,0.91247833622183705,0.90987868284228768,True,1,1
2021-10-31,61318.95703125,0.066698826442266768,2,Bull,0.0025974025974025974,0.084848484848484854,0.91255411255411256,0.90995670995670996,True,1,1
2021-11-01,61004.40625,0.088566272315268924,2,Bull,0.0025951557093425604,0.084775086505190306,0.91262975778546718,0.91003460207612463,True,1,1
2021-11-02,63226.40234375,0.10148420370608924,2,Bull,0.0025929127052722557,0.084701815038893694,0.91270527225583409,0.9101123595505618,True,1,1
2021-11-03,62970.046875,0.098541055763439633,2,Bull,0.0025906735751295338,0.0846286701208981,0.91278065630397232,0.91018998272884277,True,1,1
2021-11-04,61452.23046875,-0.0023008550644590953,1,Sideways,0.11212121212121212,0.75,0.13787878787878788,0.025757575757575757,True,0,0
2021-11-05,61125.67578125,0.0038345826171490849,1,Sideways,0.11212121212121212,0.75,0.13787878787878788,0.025757575757575757,True,1,1
2021-11-06,61527.48046875,-0.00042461710528540753,1,Sideways,0.11195158850226929,0.75037821482602118,0.13767019667170954,0.025718608169440257,True,0,0
2021-11-07,63326.98828125,0.020973600065899767,1,Sideways,0.11178247734138973,0.75075528700906347,0.13746223564954682,0.025679758308157094,True,1,1
2021-11-08,67566.828125,0.051427536324385015,2,Bull,0.0025862068965517241,0.085344827586206901,0.91206896551724137,0.90948275862068961,True,1,1
2021-11-09,66971.828125,0.014834825229016912,1,Sideways,0.11144578313253012,0.75,0.13855421686746988,0.027108433734939763,True,1,1
2021-11-10,64995.23046875,0.044768540414034996,1,Sideways,0.11144578313253012,0.75,0.13855421686746988,0.027108433734939763,True,1,1
2021-11-11,64949.9609375,0.07015218938780543,2,Bull,0.0025839793281653748,0.086132644272179162,0.91128337639965551,0.90869939707149017,True,1,1
2021-11-12,64155.94140625,0.044993671089841314,1,Sideways,0.1111111111111111,0.74924924924924929,0.13963963963963963,0.028528528528528524,True,1,1
2021-11-13,64469.52734375,0.058077184594674369,2,Bull,0.0025817555938037868,0.086919104991394144,0.91049913941480209,0.90791738382099829,True,1,1
2021-11-14,65466.83984375,0.038499720693671025,1,Sideways,0.11094452773613193,0.74812593703148422,0.1409295352323838,0.029985007496251867,True,1,1
2021-11-15,63557.87109375,0.052913807564305193,2,Bull,0.0025795356835769563,0.087704213241616508,0.90971625107480658,0.90713671539122964,True,1,1
2021-11-16,60161.24609375,0.028707094036258596,1,Sideways,0.11077844311377245,0.74700598802395213,0.14221556886227546,0.031437125748503006,True,1,1
2021-11-17,60368.01171875,-0.0041919505605515495,1,Sideways,0.11077844311377245,0.74700598802395213,0.14221556886227546,0.031437125748503006,True,0,0
2021-11-18,56942.13671875,-0.084942969584050232,0,Bear,0.88163884673748105,0.10166919575113809,0.016691957511380879,-0.86494688922610019,True,0,0
2021-11-19,58119.578125,-0.060903619967278777,0,Bear,0.88163884673748105,0.10166919575113809,0.016691957511380879,-0.86494688922610019,True,0,0
2021-11-20,59697.1953125,-0.026447966457151306,1,Sideways,0.11194029850746269,0.74626865671641796,0.1417910447761194,0.029850746268656705,True,0,0
2021-11-21,58730.4765625,-0.037274843364285659,1,Sideways,0.11194029850746269,0.74626865671641796,0.1417910447761194,0.029850746268656705,True,0,0
2021-11-22,56289.2890625,-0.10971861475739564,0,Bear,0.88048411497730716,0.10287443267776097,0.016641452344931921,-0.86384266263237519,True,0,0
2021-11-23,57569.07421875,-0.085770503982176005,0,Bear,0.88048411497730716,0.10287443267776097,0.016641452344931921,-0.86384266263237519,True,0,0
2021-11-24,56280.42578125,-0.084159755440121775,0,Bear,0.88066465256797588,0.1027190332326284,0.016616314199395771,-0.86404833836858008,True,0,0
2021-11-25,57274.6796875,-0.063001284558906634,0,Bear,0.88084464555052788,0.10256410256410256,0.016591251885369532,-0.8642533936651583,True,0,0
2021-11-26,53569.765625,-0.12933594522518677,0,Bear,0.88102409638554213,0.10240963855421686,0.016566265060240965,-0.86445783132530118,True,0,0
2021-11-27,54815.078125,-0.1344120474898729,0,Bear,0.88120300751879699,0.10225563909774436,0.016541353383458645,-0.86466165413533835,True,0,0
2021-11-28,57248.45703125,-0.15271356344655995,0,Bear,0.88138138138138133,0.1021021021021021,0.016516516516516516,-0.8648648648648648,True,0,0
2021-11-29,57806.56640625,-0.13685249418073875,0,Bear,0.88155922038980505,0.10194902548725637,0.016491754122938532,-0.86506746626686648,True,0,0
2021-11-30,57005.42578125,-0.12292909233303717,0,Bear,0.88173652694610782,0.10179640718562874,0.016467065868263474,-0.8652694610778443,True,0,0
2021-12-01,57229.828125,-0.11886277837686343,0,Bear,0.88191330343796714,0.10164424514200299,0.016442451420029897,-0.86547085201793728,True,0,0
2021-12-02,56477.81640625,-0.11967909490066353,0,Bear,0.88208955223880592,0.10149253731343283,0.016417910447761194,-0.86567164179104472,True,0,0
2021-12-03,53598.24609375,-0.1686266628268358,0,Bear,0.8822652757078987,0.10134128166915052,0.016393442622950821,-0.86587183308494786,True,0,0
2021-12-04,49200.703125,-0.24846375291021316,0,Bear,0.88244047619047616,0.10119047619047619,0.01636904761904762,-0.86607142857142849,True,0,0
2021-12-05,49368.84765625,-0.22324573169813555,0,Bear,0.88261515601783058,0.10104011887072809,0.016344725111441308,-0.86627043090638922,True,0,0
2021-12-06,50582.625,-0.15921580279144354,0,Bear,0.8827893175074184,0.10089020771513353,0.016320474777448073,-0.86646884272997038,True,0,0
2021-12-07,50700.0859375,-0.16014981288918595,0,Bear,0.88296296296296295,0.10074074074074074,0.016296296296296295,-0.8666666666666667,True,0,0
2021-12-08,50504.796875,-0.11305054946472182,0,Bear,0.88313609467455623,0.10059171597633136,0.016272189349112426,-0.86686390532544377,True,0,0
2021-12-09,47672.12109375,-0.17975796398212418,0,Bear,0.88330871491875929,0.10044313146233383,0.016248153618906941,-0.86706056129985232,True,0,0
2021-12-10,47243.3046875,-0.2086176839599746,0,Bear,0.88348082595870203,0.10029498525073746,0.016224188790560472,-0.86725663716814161,True,0,0
2021-12-11,49362.5078125,-0.15950779387990766,0,Bear,0.88365243004418259,0.10014727540500737,0.016200294550810016,-0.86745213549337252,True,0,0
2021-12-12,50098.3359375,-0.10998456772346088,0,Bear,0.88382352941176467,0.10000000000000001,0.016176470588235296,-0.86764705882352933,True,0,0
2021-12-13,46737.48046875,-0.18814952119678519,0,Bear,0.88399412628487517,0.099853157121879588,0.016152716593245228,-0.86784140969162993,True,0,0
2021-12-14,46612.6328125,-0.17177895928375964,0,Bear,0.88416422287390029,0.099706744868035185,0.016129032258064516,-0.86803519061583578,True,0,0
2021-12-15,48896.72265625,-0.14627680289023881,0,Bear,0.88433382137628114,0.099560761346998539,0.016105417276720352,-0.86822840409956081,True,0,0
2021-12-16,47665.42578125,-0.11021776509312475,0,Bear,0.88450292397660824,0.099415204678362568,0.016081871345029239,-0.86842105263157898,True,0,0
2021-12-17,46202.14453125,-0.15712708780801354,0,Bear,0.88467153284671529,0.099270072992700728,0.016058394160583942,-0.86861313868613133,True,0,0
2021-12-18,46848.77734375,-0.18165868962762033,0,Bear,0.88483965014577259,0.099125364431486881,0.016034985422740525,-0.86880466472303208,True,0,0
2021-12-19,46707.015625,-0.19201193690082108,0,Bear,0.88500727802037849,0.098981077147016011,0.016011644832605532,-0.86899563318777295,True,0,0
2021-12-20,46880.27734375,-0.1776172758774538,0,Bear,0.88517441860465118,0.098837209302325577,0.015988372093023256,-0.8691860465116279,True,0,0
2021-12-21,48936.61328125,-0.14491070680198725,0,Bear,0.88534107402031925,0.098693759071117562,0.015965166908563134,-0.86937590711175616,True,0,0
2021-12-22,48628.51171875,-0.13898031451923087,0,Bear,0.88550724637681155,0.098550724637681164,0.015942028985507246,-0.86956521739130432,True,0,0
2021-12-23,50784.5390625,-0.052496251954373241,0,Bear,0.88567293777134593,0.098408104196816212,0.015918958031837915,-0.86975397973950797,True,0,0
2021-12-24,50822.1953125,0.032956687293277387,1,Sideways,0.1130952380952381,0.7455357142857143,0.14136904761904762,0.028273809523809521,True,1,1
2021-12-25,50429.859375,0.021491522875674685,1,Sideways,0.1130952380952381,0.7455357142857143,0.14136904761904762,0.028273809523809521,True,1,1
2021-12-26,50809.515625,0.0044855446904941143,1,Sideways,0.11292719167904904,0.74591381872213969,0.14115898959881129,0.028231797919762255,True,1,1
2021-12-27,50640.41796875,-0.0011768810179839662,1,Sideways,0.11275964391691394,0.74629080118694358,0.14094955489614244,0.028189910979228502,True,0,0
2021-12-28,47588.85546875,-0.057735929786372431,0,Bear,0.88455988455988455,0.099567099567099568,0.015873015873015872,-0.86868686868686873,True,0,0
2021-12-29,46444.7109375,-0.025746917235678013,1,Sideways,0.11390532544378698,0.74556213017751483,0.14053254437869822,0.02662721893491124,True,0,0
2021-12-30,47178.125,-0.0013796597831405855,1,Sideways,0.11390532544378698,0.74556213017751483,0.14053254437869822,0.02662721893491124,True,0,0
2021-12-31,46306.4453125,-0.061910600482622091,0,Bear,0.88328530259365989,0.10086455331412104,0.015850144092219021,-0.86743515850144082,True,0,0
2022-01-01,47686.8125,-0.048135799171223681,1,Sideways,0.11504424778761062,0.74483775811209441,0.14011799410029499,0.025073746312684372,True,0,0
2022-01-02,47345.21875,0.013003231563934126,1,Sideways,0.11504424778761062,0.74483775811209441,0.14011799410029499,0.025073746312684372,True,1,1
2022-01-03,46458.1171875,-0.0033148873100891096,1,Sideways,0.11487481590574374,0.74521354933726069,0.13991163475699558,0.025036818851251849,True,0,0
2022-01-04,45897.57421875,-0.061336389732792207,0,Bear,0.88201438848920866,0.10215827338129496,0.015827338129496403,-0.86618705035971222,True,0,0
2022-01-05,43569.00390625,-0.085941157722992489,0,Bear,0.88201438848920866,0.10215827338129496,0.015827338129496403,-0.86618705035971222,True,0,0
2022-01-06,43160.9296875,-0.065824105668796373,0,Bear,0.88218390804597702,0.10201149425287356,0.015804597701149427,-0.86637931034482762,True,0,0
2022-01-07,41557.90234375,-0.11293517782072593,0,Bear,0.88235294117647056,0.10186513629842181,0.015781922525107604,-0.86657101865136299,True,0,0
2022-01-08,41733.94140625,-0.10647381666766464,0,Bear,0.88252148997134672,0.10171919770773639,0.015759312320916905,-0.86676217765042984,True,0,0
2022-01-09,41911.6015625,-0.10598648435496971,0,Bear,0.88268955650929903,0.10157367668097282,0.015736766809728183,-0.8669527896995709,True,0,0
2022-01-10,41821.26171875,-0.14539934591726722,0,Bear,0.8828571428571429,0.10142857142857142,0.015714285714285715,-0.86714285714285722,True,0,0
2022-01-11,42735.85546875,-0.12117698119327658,0,Bear,0.88302425106990012,0.10128388017118402,0.015691868758915834,-0.86733238231098431,True,0,0
2022-01-12,43949.1015625,-0.13459682072899581,0,Bear,0.88319088319088324,0.10113960113960115,0.015669515669515671,-0.86752136752136755,True,0,0
2022-01-13,42591.5703125,-0.16194941893774573,0,Bear,0.88335704125177805,0.10099573257467995,0.015647226173541962,-0.86770981507823608,True,0,0
2022-01-14,43099.69921875,-0.14535357121943193,0,Bear,0.88352272727272729,0.10085227272727272,0.015625,-0.86789772727272729,True,0,0
2022-01-15,43177.3984375,-0.15021039058567098,0,Bear,0.8836879432624114,0.10070921985815603,0.015602836879432624,-0.86808510638297876,True,0,0
2022-01-16,43113.87890625,-0.14862711178933397,0,Bear,0.88385269121813026,0.10056657223796034,0.015580736543909348,-0.86827195467422091,True,0,0
2022-01-17,42250.55078125,-0.11217552166190436,0,Bear,0.88401697312588401,0.10042432814710042,0.015558698727015558,-0.86845827439886847,True,0,0
2022-01-18,42375.6328125,-0.08761122726063908,0,Bear,0.88418079096045199,0.10028248587570622,0.015536723163841809,-0.86864406779661019,True,0,0
2022-01-19,41744.328125,-0.11517619394581702,0,Bear,0.88434414668547245,0.1001410437235543,0.015514809590973202,-0.86882933709449928,True,0,0
2022-01-20,40680.41796875,-0.12149555652096888,0,Bear,0.88450704225352117,0.10000000000000001,0.015492957746478873,-0.86901408450704232,True,0,0
2022-01-21,36457.31640625,-0.23548430907916107,0,Bear,0.88466947960618847,0.099859353023909983,0.015471167369901548,-0.86919831223628696,True,0,0
2022-01-22,35030.25,-0.26011008239348354,0,Bear,0.8848314606741573,0.099719101123595499,0.015449438202247191,-0.8693820224719101,True,0,0
2022-01-23,36276.8046875,-0.21915034694387869,0,Bear,0.88499298737727905,0.09957924263674614,0.015427769985974754,-0.86956521739130432,True,0,0
2022-01-24,36654.328125,-0.20138855377620291,0,Bear,0.88515406162464982,0.099439775910364139,0.015406162464985995,-0.86974789915966388,True,0,0
2022-01-25,36954.00390625,-0.15182812107051813,0,Bear,0.88531468531468527,0.099300699300699305,0.015384615384615385,-0.86993006993006983,True,0,0
2022-01-26,36852.12109375,-0.14616943238776248,0,Bear,0.88547486033519551,0.099162011173184364,0.015363128491620111,-0.87011173184357538,True,0,0
2022-01-27,37138.234375,-0.10634964036905215,0,Bear,0.88563458856345889,0.099023709902370985,0.015341701534170154,-0.87029288702928875,True,0,0
2022-01-28,37784.33203125,-0.094637823361886309,0,Bear,0.88579387186629521,0.098885793871866301,0.01532033426183844,-0.87047353760445678,True,0,0
2022-01-29,38138.1796875,-0.09003287238672919,0,Bear,0.88595271210013904,0.098748261474269822,0.015299026425591099,-0.87065368567454793,True,0,0
2022-01-30,37917.6015625,-0.093341520456802662,0,Bear,0.88611111111111107,0.098611111111111108,0.015277777777777777,-0.87083333333333335,True,0,0
2022-01-31,38483.125,-0.099512000452635196,0,Bear,0.8862690707350902,0.098474341192787793,0.015256588072122053,-0.87101248266296816,True,0,0
2022-02-01,38743.2734375,-0.1184512979769744,0,Bear,0.88642659279778391,0.09833795013850416,0.015235457063711912,-0.87119113573407203,True,0,0
2022-02-02,36952.984375,-0.13238736905281834,0,Bear,0.88658367911479941,0.098201936376210233,0.015214384508990318,-0.87136929460580914,True,0,0
2022-02-03,37154.6015625,-0.13793826323650205,0,Bear,0.88674033149171272,0.098066298342541436,0.015193370165745856,-0.87154696132596687,True,0,0
2022-02-04,41500.875,-0.038828727486367565,1,Sideways,0.11600587371512482,0.74449339207048459,0.1395007342143906,0.023494860499265788,True,0,0
2022-02-05,41441.1640625,-0.038797595720563072,1,Sideways,0.11600587371512482,0.74449339207048459,0.1395007342143906,0.023494860499265788,True,0,0
2022-02-06,42412.43359375,0.0038314959096779067,1,Sideways,0.1158357771260997,0.74486803519061584,0.13929618768328444,0.023460410557184744,True,1,1
2022-02-07,43840.28515625,0.034563550949921362,1,Sideways,0.11566617862371889,0.74524158125915085,0.13909224011713031,0.023426061493411421,True,1,1
2022-02-08,44118.4453125,0.056872808693696042,2,Bull,0.0025773195876288659,0.08848797250859107,0.90893470790378006,0.9063573883161512,True,1,1
2022-02-09,44338.796875,0.089929727591793851,2,Bull,0.0025773195876288659,0.08848797250859107,0.90893470790378006,0.9063573883161512,True,1,1
2022-02-10,43565.11328125,0.19496215233717762,2,Bull,0.0025751072961373391,0.088412017167381979,0.90901287553648069,0.90643776824034339,True,1,1
2022-02-11,42407.9375,0.21060904503964428,2,Bull,0.0025728987993138938,0.088336192109777015,0.90909090909090906,0.90651801029159518,True,1,1
2022-02-12,42244.46875,0.16450357505043156,2,Bull,0.0025706940874035988,0.088260497000856891,0.90916880891173946,0.90659811482433583,True,1,1
2022-02-13,42197.515625,0.15122873023606953,2,Bull,0.0025684931506849314,0.088184931506849321,0.90924657534246578,0.90667808219178081,True,1,1
2022-02-14,42586.91796875,0.15243041259589485,2,Bull,0.0025662959794696323,0.088109495295124032,0.90932420872540631,0.90675791274593665,True,1,1
2022-02-15,44575.203125,0.20956953906677045,2,Bull,0.0025641025641025641,0.088034188034188041,0.90940170940170939,0.90683760683760684,True,1,1
2022-02-16,43961.859375,0.18373584837391732,2,Bull,0.0025619128949615714,0.087959009393680621,0.90947907771135783,0.90691716481639628,True,1,1
2022-02-17,40538.01171875,0.072878877022955812,2,Bull,0.0025597269624573378,0.087883959044368604,0.90955631399317405,0.90699658703071673,True,1,1
2022-02-18,40030.9765625,0.049629974228171614,1,Sideways,0.11532846715328467,0.74452554744525545,0.14014598540145987,0.024817518248175199,True,1,1
2022-02-19,40122.15625,0.05814066809753804,2,Bull,0.0025553662691652468,0.088586030664395229,0.90885860306643951,0.90630323679727431,True,1,1
2022-02-20,38431.37890625,-0.0013446437561918101,1,Sideways,0.11516034985422741,0.7434402332361516,0.14139941690962099,0.026239067055393583,True,0,0
2022-02-21,37075.28125,-0.043052433093728526,1,Sideways,0.11516034985422741,0.7434402332361516,0.14139941690962099,0.026239067055393583,True,0,0
2022-02-22,38286.02734375,0.036074027343021564,1,Sideways,0.11499272197962154,0.74381368267831149,0.14119359534206696,0.02620087336244542,True,1,1
2022-02-23,37296.5703125,0.0038210273836791764,1,Sideways,0.11482558139534883,0.7441860465116279,0.14098837209302326,0.026162790697674423,True,1,1
2022-02-24,38332.609375,-0.076342140376558287,0,Bear,0.88567493112947659,0.099173553719008267,0.015151515151515152,-0.87052341597796146,True,0,0
2022-02-25,39214.21875,-0.053737518307676035,0,Bear,0.88567493112947659,0.099173553719008267,0.015151515151515152,-0.87052341597796146,True,0,0
2022-02-26,39105.1484375,-0.077979141398228369,0,Bear,0.88583218707015132,0.099037138927097659,0.015130674002751032,-0.87070151306740029,True,0,0
2022-02-27,37709.78515625,-0.13983713787787755,0,Bear,0.88598901098901095,0.098901098901098897,0.01510989010989011,-0.87087912087912089,True,0,0
2022-02-28,43193.234375,-0.020971068471396515,1,Sideways,0.11594202898550725,0.74347826086956526,0.14057971014492754,0.024637681159420291,True,0,0
2022-03-01,44354.63671875,0.00035724568248118871,1,Sideways,0.11594202898550725,0.74347826086956526,0.14057971014492754,0.024637681159420291,True,1,1
2022-03-02,43924.1171875,0.0082406283195528562,1,Sideways,0.11577424023154848,0.74384949348769902,0.14037626628075253,0.024602026049204057,True,1,1
2022-03-03,42451.7890625,0.0010340413867098164,1,Sideways,0.11560693641618497,0.7442196531791907,0.14017341040462428,0.024566473988439308,True,1,1
2022-03-04,39137.60546875,-0.073544853875100458,0,Bear,0.8849315068493151,0.10000000000000001,0.015068493150684932,-0.86986301369863017,True,0,0
2022-03-05,39400.5859375,-0.066281856788814264,0,Bear,0.8849315068493151,0.10000000000000001,0.015068493150684932,-0.86986301369863017,True,0,0
2022-03-06,38419.984375,-0.097845389910762415,0,Bear,0.88508891928864564,0.099863201094391243,0.015047879616963064,-0.87004103967168256,True,0,0
2022-03-07,38062.0390625,-0.14611630695737854,0,Bear,0.88524590163934425,0.099726775956284153,0.015027322404371584,-0.8702185792349727,True,0,0
2022-03-08,38737.26953125,-0.11884369583150733,0,Bear,0.88540245566166442,0.099590723055934513,0.015006821282401092,-0.87039563437926337,True,0,0
2022-03-09,41982.92578125,0.035643436893864289,1,Sideways,0.11671469740634005,0.74351585014409227,0.13976945244956773,0.023054755043227682,True,1,1
2022-03-10,39437.4609375,-0.014826408845493688,1,Sideways,0.11671469740634005,0.74351585014409227,0.13976945244956773,0.023054755043227682,True,0,0
2022-03-11,38794.97265625,-0.033078570989065414,1,Sideways,0.11654676258992806,0.74388489208633091,0.13956834532374102,0.023021582733812954,True,0,0
2022-03-12,38904.01171875,0.012298096658278856,1,Sideways,0.11637931034482758,0.74425287356321834,0.13936781609195403,0.02298850574712645,True,1,1
2022-03-13,37849.6640625,0.020886768391001675,1,Sideways,0.11621233859397417,0.74461979913916787,0.13916786226685796,0.022955523672883782,True,1,1
2022-03-14,39666.75390625,0.036063458611236499,1,Sideways,0.11604584527220631,0.74498567335243548,0.13896848137535817,0.022922636103151858,True,1,1
2022-03-15,39338.78515625,0.054756102950987762,2,Bull,0.002553191489361702,0.089361702127659579,0.90808510638297868,0.90553191489361695,True,1,1
2022-03-16,41143.9296875,0.073340175853864542,2,Bull,0.002553191489361702,0.089361702127659579,0.90808510638297868,0.90553191489361695,True,1,1
2022-03-17,40951.37890625,0.044299241745062279,1,Sideways,0.11571428571428571,0.74428571428571433,0.14000000000000001,0.024285714285714299,True,1,1
2022-03-18,41801.15625,0.06894252854733196,2,Bull,0.0025488530161427358,0.09005947323704333,0.90739167374681395,0.90484282073067124,True,1,1
2022-03-19,42190.65234375,0.11882505214319261,2,Bull,0.0025488530161427358,0.09005947323704333,0.90739167374681395,0.90484282073067124,True,1,1
2022-03-20,41247.82421875,-0.045039696248725281,1,Sideways,0.11554921540656206,0.74322396576319538,0.14122681883024252,0.025677603423680459,True,0,0
2022-03-21,41077.99609375,-0.073873688691826644,0,Bear,0.88435374149659862,0.10068027210884353,0.014965986394557823,-0.8693877551020408,True,0,0
2022-03-22,42358.80859375,-0.035636654621153285,1,Sideways,0.11680911680911681,0.74216524216524216,0.14102564102564102,0.024216524216524218,True,0,0
2022-03-23,42892.95703125,0.010392211458991385,1,Sideways,0.11680911680911681,0.74216524216524216,0.14102564102564102,0.024216524216524218,True,1,1
2022-03-24,43960.93359375,0.12324024597905603,2,Bull,0.0025445292620865142,0.090754877014419005,0.90670059372349454,0.90415606446140806,True,1,1
2022-03-25,44348.73046875,0.12558555700412932,2,Bull,0.0025445292620865142,0.090754877014419005,0.90670059372349454,0.90415606446140806,True,1,1
2022-03-26,44500.828125,0.15827293656987584,2,Bull,0.002542372881355932,0.090677966101694915,0.90677966101694918,0.90423728813559323,True,1,1
2022-03-27,46820.4921875,0.23010992949216758,2,Bull,0.0025402201524132089,0.090601185436071124,0.90685859441151562,0.90431837425910244,True,1,1
2022-03-28,47128.00390625,0.2166062419095145,2,Bull,0.0025380710659898475,0.090524534686971234,0.9069373942470389,0.9043993231810491,True,1,1
2022-03-29,47465.73046875,0.13059605983794187,2,Bull,0.0025359256128486898,0.090448013524936602,0.90701606086221476,0.9044801352493661,True,1,1
2022-03-30,47062.6640625,0.1933492406391053,2,Bull,0.0025337837837837839,0.090371621621621628,0.90709459459459463,0.90456081081081086,True,1,1
2022-03-31,45538.67578125,0.17382930475950653,2,Bull,0.0025316455696202532,0.090295358649789034,0.90717299578059074,0.90464135021097047,True,1,1
2022-04-01,46281.64453125,0.18963681344318295,2,Bull,0.0025295109612141651,0.090219224283305227,0.90725126475548057,0.90472175379426645,True,1,1
2022-04-02,45868.94921875,0.21187202990779519,2,Bull,0.002527379949452401,0.090143218197135638,0.90732940185341193,0.90480202190395953,True,1,1
2022-04-03,46453.56640625,0.171095737151576,2,Bull,0.0025252525252525255,0.090067340067340074,0.90740740740740744,0.90488215488215495,True,1,1
2022-04-04,46622.67578125,0.1851579960100207,2,Bull,0.0025231286795626578,0.08999158957106812,0.90748528174936927,0.90496215306980665,True,1,1
2022-04-05,45555.9921875,0.10723483472558137,2,Bull,0.0025210084033613447,0.089915966386554622,0.90756302521008403,0.90504201680672269,True,1,1
2022-04-06,43206.73828125,0.055074076508222047,2,Bull,0.0025188916876574307,0.08984047019311503,0.90764063811922757,0.90512174643157017,True,1,1
2022-04-07,43503.84765625,0.040733117430214572,1,Sideways,0.11647727272727272,0.74147727272727271,0.14204545454545456,0.025568181818181837,True,1,1
2022-04-08,42287.6640625,0.0022993652233578299,1,Sideways,0.11647727272727272,0.74147727272727271,0.14204545454545456,0.025568181818181837,True,1,1
2022-04-09,42782.13671875,0.037197416568279129,1,Sideways,0.11631205673758865,0.74184397163120563,0.14184397163120568,0.02553191489361703,True,1,1
2022-04-10,42207.671875,0.027500751951770042,1,Sideways,0.11614730878186968,0.74220963172804533,0.14164305949008499,0.025495750708215303,True,1,1
2022-04-11,39521.90234375,-0.066973230460938504,0,Bear,0.88315217391304346,0.10190217391304347,0.014945652173913044,-0.86820652173913038,True,0,0
2022-04-12,40127.18359375,-0.064480829229959014,0,Bear,0.88315217391304346,0.10190217391304347,0.014945652173913044,-0.86820652173913038,True,0,0
2022-04-13,41166.73046875,-0.063561050609654446,0,Bear,0.88331071913161463,0.10176390773405698,0.014925373134328358,-0.86838534599728623,True,0,0
2022-04-14,39935.515625,-0.099511638712177719,0,Bear,0.88346883468834692,0.1016260162601626,0.014905149051490514,-0.86856368563685638,True,0,0
2022-04-15,40553.46484375,-0.088703142111470568,0,Bear,0.88362652232746952,0.10148849797023005,0.014884979702300407,-0.86874154262516912,True,0,0
2022-04-16,40424.484375,-0.13660701786060225,0,Bear,0.88378378378378375,0.10135135135135136,0.014864864864864866,-0.86891891891891893,True,0,0
2022-04-17,39716.953125,-0.15725365317810891,0,Bear,0.88394062078272606,0.10121457489878542,0.014844804318488529,-0.8690958164642375,True,0,0
2022-04-18,40826.21484375,-0.139880194814894,0,Bear,0.88409703504043125,0.10107816711590296,0.014824797843665768,-0.8692722371967655,True,0,0
2022-04-19,41502.75,-0.11813853238559424,0,Bear,0.88425302826379537,0.1009421265141319,0.014804845222072678,-0.86944818304172267,True,0,0
2022-04-20,41374.37890625,-0.091445278185155243,0,Bear,0.88440860215053763,0.10080645161290322,0.014784946236559141,-0.8696236559139785,True,0,0
2022-04-21,40527.36328125,-0.12433182330231651,0,Bear,0.88456375838926171,0.10067114093959731,0.014765100671140939,-0.86979865771812082,True,0,0
2022-04-22,39740.3203125,-0.13361171360221136,0,Bear,0.88471849865951746,0.10053619302949061,0.014745308310991957,-0.86997319034852549,True,0,0
2022-04-23,39486.73046875,-0.14997418877536739,0,Bear,0.88487282463186079,0.10040160642570281,0.014725568942436412,-0.87014725568942441,True,0,0
2022-04-24,39469.29296875,-0.15343140848592907,0,Bear,0.88502673796791442,0.10026737967914438,0.014705882352941176,-0.8703208556149733,True,0,0
2022-04-25,40458.30859375,-0.11189929905969076,0,Bear,0.88518024032042719,0.10013351134846461,0.014686248331108143,-0.87049399198931909,True,0,0
2022-04-26,38117.4609375,-0.11778897334535765,0,Bear,0.88533333333333331,0.10000000000000001,0.014666666666666666,-0.87066666666666659,True,0,0
2022-04-27,39241.12109375,-0.097985047120023983,0,Bear,0.88548601864181087,0.09986684420772303,0.014647137150466045,-0.87083888149134481,True,0,0
2022-04-28,39773.828125,-0.059446081812053242,0,Bear,0.88563829787234039,0.099734042553191488,0.014627659574468085,-0.87101063829787229,True,0,0
2022-04-29,38609.82421875,-0.097524640422445574,0,Bear,0.88579017264276227,0.099601593625498003,0.014608233731739707,-0.87118193891102258,True,0,0
2022-04-30,37714.875,-0.10644502943222334,0,Bear,0.88594164456233426,0.099469496021220155,0.014588859416445624,-0.87135278514588865,True,0,0
2022-05-01,38469.09375,-0.026638611284269142,1,Sideways,0.1172316384180791,0.74152542372881358,0.14124293785310735,0.024011299435028249,True,0,0
2022-05-02,38529.328125,-0.039819776162882126,1,Sideways,0.1172316384180791,0.74152542372881358,0.14124293785310735,0.024011299435028249,True,0,0
2022-05-03,37750.453125,-0.082986365563894493,0,Bear,0.88492063492063489,0.10052910052910052,0.014550264550264549,-0.87037037037037035,True,0,0
2022-05-04,39698.37109375,-0.0059381862870337976,1,Sideways,0.11830985915492957,0.74084507042253522,0.14084507042253522,0.022535211267605645,True,0,0
2022-05-05,36575.140625,-0.098100722936455331,0,Bear,0.88375165125495381,0.10171730515191546,0.014531043593130779,-0.86922060766182307,True,0,0
2022-05-06,36040.921875,-0.10843830336425908,0,Bear,0.88375165125495381,0.10171730515191546,0.014531043593130779,-0.86922060766182307,True,0,0
2022-05-07,35501.953125,-0.10612596557279341,0,Bear,0.88390501319261217,0.10158311345646438,0.014511873350923483,-0.86939313984168864,True,0,0
2022-05-08,34059.265625,-0.1657501006313824,0,Bear,0.88405797101449279,0.10144927536231885,0.014492753623188406,-0.86956521739130443,True,0,0
2022-05-09,30296.953125,-0.27000131015414641,0,Bear,0.88421052631578945,0.10131578947368421,0.014473684210526316,-0.86973684210526314,True,0,0
2022-05-10,31022.90625,-0.25019040599268816,0,Bear,0.88436268068331148,0.1011826544021025,0.014454664914586071,-0.86990801576872545,True,0,0
2022-05-11,28936.35546875,-0.28600448867253558,0,Bear,0.884514435695538,0.10104986876640421,0.014435695538057743,-0.87007874015748021,True,0,0
2022-05-12,29047.751953125,-0.26906095057345925,0,Bear,0.88466579292267367,0.10091743119266056,0.014416775884665793,-0.87024901703800783,True,0,0
2022-05-13,29283.103515625,-0.25840647812561246,0,Bear,0.88481675392670156,0.10078534031413612,0.014397905759162303,-0.87041884816753923,True,0,0
2022-05-14,30101.265625,-0.23734976329997048,0,Bear,0.88496732026143787,0.10065359477124183,0.014379084967320261,-0.87058823529411766,True,0,0
2022-05-15,31305.11328125,-0.22623771558047745,0,Bear,0.88511749347258484,0.10052219321148825,0.014360313315926894,-0.87075718015665793,True,0,0
2022-05-16,29862.91796875,-0.21655542540686834,0,Bear,0.88526727509778358,0.10039113428943937,0.014341590612777053,-0.87092568448500651,True,0,0
2022-05-17,30425.857421875,-0.22464352256436992,0,Bear,0.88541666666666663,0.10026041666666667,0.014322916666666666,-0.87109375,True,0,0
2022-05-18,28720.271484375,-0.27791030337553158,0,Bear,0.88556566970091022,0.10013003901170352,0.014304291287386216,-0.87126137841352402,True,0,0
2022-05-19,30314.333984375,-0.21485439009967,0,Bear,0.88571428571428568,0.10000000000000001,0.014285714285714285,-0.87142857142857144,True,0,0
2022-05-20,29200.740234375,-0.22575004598649739,0,Bear,0.88586251621271073,0.099870298313878086,0.014267185473411154,-0.87159533073929962,True,0,0
2022-05-21,29432.2265625,-0.23491240127017554,0,Bear,0.88601036269430056,0.09974093264248704,0.014248704663212436,-0.87176165803108807,True,0,0
2022-05-22,30323.72265625,-0.21297037524580509,0,Bear,0.88615782664941789,0.099611901681759374,0.014230271668822769,-0.87192755498059515,True,0,0
2022-05-23,29098.91015625,-0.22917719530684444,0,Bear,0.8863049095607235,0.099483204134366926,0.014211886304909561,-0.87209302325581395,True,0,0
2022-05-24,29655.5859375,-0.25297726026424061,0,Bear,0.88645161290322583,0.099354838709677415,0.014193548387096775,-0.87225806451612908,True,0,0
2022-05-25,29562.361328125,-0.19173622239148946,0,Bear,0.88659793814432986,0.099226804123711335,0.014175257731958763,-0.87242268041237114,True,0,0
2022-05-26,29267.224609375,-0.18794461720813016,0,Bear,0.88674388674388671,0.0990990990990991,0.014157014157014158,-0.87258687258687251,True,0,0
2022-05-27,28627.57421875,-0.19363382296308518,0,Bear,0.88688946015424164,0.098971722365038567,0.014138817480719794,-0.87275064267352187,True,0,0
2022-05-28,28814.900390625,-0.15397763686735388,0,Bear,0.8870346598202824,0.098844672657252886,0.014120667522464698,-0.87291399229781774,True,0,0
2022-05-29,29445.95703125,-0.028088504155481808,1,Sideways,0.11954992967651196,0.73980309423347401,0.14064697609001406,0.021097046413502102,True,0,0
2022-05-30,31726.390625,0.022676288589177584,1,Sideways,0.11954992967651196,0.73980309423347401,0.14064697609001406,0.021097046413502102,True,1,1
2022-05-31,31792.310546875,0.098697815666845434,2,Bull,0.0025146689019279128,0.090528080469404859,0.90695725062866728,0.90444258172673941,True,1,1
2022-06-01,29799.080078125,0.025865276122311709,1,Sideways,0.11921458625525946,0.73913043478260865,0.14165497896213183,0.02244039270687237,True,1,1
2022-06-02,30467.48828125,0.04044601232219236,1,Sideways,0.11921458625525946,0.73913043478260865,0.14165497896213183,0.02244039270687237,True,1,1
2022-06-03,29704.390625,-0.013184661566867262,1,Sideways,0.11904761904761904,0.73949579831932777,0.14145658263305322,0.022408963585434177,True,0,0
2022-06-04,29832.9140625,-0.047027436237765174,1,Sideways,0.11888111888111888,0.73986013986013988,0.14125874125874127,0.022377622377622391,True,0,0
2022-06-05,29906.662109375,0.0014648314230636394,1,Sideways,0.11871508379888268,0.74022346368715086,0.14106145251396648,0.022346368715083803,True,1,1
2022-06-06,31370.671875,0.031053009945603449,1,Sideways,0.11854951185495119,0.7405857740585774,0.14086471408647142,0.022315202231520226,True,1,1
2022-06-07,31155.478515625,0.084790529663859582,2,Bull,0.0025125628140703518,0.091289782244556111,0.9061976549413735,0.90368509212730319,True,1,1
2022-06-08,30214.35546875,-0.0032980607681016849,1,Sideways,0.11821974965229486,0.73991655076495133,0.14186369958275383,0.023643949930458971,True,0,0
2022-06-09,30111.998046875,0.031206668227789391,1,Sideways,0.11821974965229486,0.73991655076495133,0.14186369958275383,0.023643949930458971,True,1,1
2022-06-10,29083.8046875,-0.011838107941311127,1,Sideways,0.11805555555555555,0.74027777777777781,0.14166666666666666,0.02361111111111111,True,0,0
2022-06-11,28360.810546875,-0.06473189758482456,0,Bear,0.88604353393085789,0.099871959026888599,0.014084507042253521,-0.87195902688860438,True,0,0
2022-06-12,26762.6484375,-0.080286914740283044,0,Bear,0.88604353393085789,0.099871959026888599,0.014084507042253521,-0.87195902688860438,True,0,0
2022-06-13,22487.388671875,-0.24171490931698947,0,Bear,0.88618925831202044,0.099744245524296671,0.014066496163682864,-0.87212276214833762,True,0,0
2022-06-14,22206.79296875,-0.24881531883507113,0,Bear,0.88633461047254147,0.099616858237547887,0.0140485312899106,-0.8722860791826309,True,0,0
2022-06-15,22572.83984375,-0.22873315987333576,0,Bear,0.88647959183673475,0.099489795918367346,0.014030612244897959,-0.87244897959183676,True,0,0
2022-06-16,20381.650390625,-0.28804130469162226,0,Bear,0.88662420382165608,0.09936305732484077,0.014012738853503185,-0.87261146496815289,True,0,0
2022-06-17,20471.482421875,-0.28955220582558572,0,Bear,0.88676844783715014,0.099236641221374045,0.013994910941475827,-0.87277353689567427,True,0,0
2022-06-18,19017.642578125,-0.35415097706139353,0,Bear,0.88691232528589581,0.099110546378653117,0.01397712833545108,-0.87293519695044475,True,0,0
2022-06-19,20553.271484375,-0.35217113956293289,0,Bear,0.88705583756345174,0.098984771573604066,0.013959390862944163,-0.87309644670050757,True,0,0
2022-06-20,20599.537109375,-0.3520591377275718,0,Bear,0.88719898605830161,0.098859315589353611,0.013941698352344741,-0.8732572877059569,True,0,0
2022-06-21,20710.59765625,-0.30499204666880642,0,Bear,0.88734177215189869,0.098734177215189872,0.013924050632911392,-0.87341772151898733,True,0,0
2022-06-22,19987.029296875,-0.34398828310454399,0,Bear,0.88748419721871052,0.098609355246523395,0.013906447534766119,-0.87357774968394442,True,0,0
2022-06-23,21085.876953125,-0.29014275299158743,0,Bear,0.88762626262626265,0.098484848484848481,0.013888888888888888,-0.87373737373737381,True,0,0
2022-06-24,21231.65625,-0.28831436964154267,0,Bear,0.8877679697351829,0.098360655737704916,0.013871374527112233,-0.87389659520807073,True,0,0
2022-06-25,21502.337890625,-0.28101846297703181,0,Bear,0.88790931989924438,0.098236775818639793,0.013853904282115869,-0.87405541561712852,True,0,0
2022-06-26,21027.294921875,-0.32971486853515153,0,Bear,0.88805031446540883,0.098113207547169817,0.013836477987421384,-0.87421383647798745,True,0,0
2022-06-27,20735.478515625,-0.33445161160898851,0,Bear,0.88819095477386933,0.097989949748743713,0.013819095477386936,-0.87437185929648242,True,0,0
2022-06-28,20280.634765625,-0.32877486707929993,0,Bear,0.88833124215809289,0.097867001254705141,0.013801756587202008,-0.87452948557089094,True,0,0
2022-06-29,20104.0234375,-0.33235837069980212,0,Bear,0.88847117794486219,0.097744360902255634,0.013784461152882205,-0.87468671679197996,True,0,0
2022-06-30,19784.7265625,-0.31973389399759911,0,Bear,0.88861076345431789,0.097622027534418024,0.013767209011264081,-0.87484355444305384,True,0,0
2022-07-01,19269.3671875,-0.32056359406049351,0,Bear,0.88875000000000004,0.097500000000000003,0.01375,-0.875,True,0,0
2022-07-02,19242.255859375,-0.28100330188500244,0,Bear,0.88888888888888884,0.097378277153558054,0.013732833957553059,-0.87515605493133575,True,0,0
2022-07-03,19297.076171875,-0.14187118595900494,0,Bear,0.88902743142144636,0.097256857855361589,0.013715710723192019,-0.87531172069825436,True,0,0
2022-07-04,20231.26171875,-0.088960673104847787,0,Bear,0.88916562889165629,0.097135740971357409,0.013698630136986301,-0.87546699875466993,True,0,0
2022-07-05,20190.115234375,-0.10555714858512733,0,Bear,0.88930348258706471,0.097014925373134331,0.013681592039800995,-0.87562189054726369,True,0,0
2022-07-06,20548.24609375,0.0081738082997258044,1,Sideways,0.11911357340720222,0.73961218836565101,0.14127423822714683,0.022160664819944609,True,1,1
2022-07-07,21637.587890625,0.056962434117811878,2,Bull,0.0025104602510460251,0.092050209205020925,0.90543933054393311,0.90292887029288704,True,1,1
2022-07-08,21731.1171875,0.14268196482439777,2,Bull,0.0025104602510460251,0.092050209205020925,0.90543933054393311,0.90292887029288704,True,1,1
2022-07-09,21592.20703125,0.050548427176900779,2,Bull,0.002508361204013378,0.091973244147157185,0.90551839464882944,0.90301003344481601,True,1,1
2022-07-10,20860.44921875,0.012665920985974743,1,Sideways,0.11894882434301521,0.7385892116182573,0.14246196403872752,0.02351313969571231,True,1,1
2022-07-11,19970.556640625,-0.03573247995581974,1,Sideways,0.11894882434301521,0.7385892116182573,0.14246196403872752,0.02351313969571231,True,0,0
2022-07-12,19323.9140625,-0.03317727835014872,1,Sideways,0.11878453038674033,0.73895027624309395,0.14226519337016574,0.02348066298342541,True,0,0
2022-07-13,20212.07421875,-0.041440189389206239,1,Sideways,0.11862068965517242,0.73931034482758617,0.14206896551724138,0.023448275862068962,True,0,0
2022-07-14,20569.919921875,-0.031167437920675667,1,Sideways,0.1184573002754821,0.73966942148760328,0.14187327823691459,0.023415977961432494,True,0,0
2022-07-15,20836.328125,-0.03097383033476464,1,Sideways,0.11829436038514443,0.7400275103163686,0.14167812929848694,0.023383768913342512,True,0,0
2022-07-16,21190.31640625,0.0077528509958457725,1,Sideways,0.11813186813186813,0.74038461538461542,0.14148351648351648,0.023351648351648352,True,1,1
2022-07-17,20779.34375,0.0021154676677437312,1,Sideways,0.11796982167352538,0.7407407407407407,0.1412894375857339,0.023319615912208519,True,1,1
2022-07-18,22485.689453125,0.10872710410610487,2,Bull,0.0025041736227045075,0.092654424040066782,0.90484140233722876,0.90233722871452426,True,1,1
2022-07-19,23389.43359375,0.16342052955040476,2,Bull,0.0025041736227045075,0.092654424040066782,0.90484140233722876,0.90233722871452426,True,1,1
2022-07-20,23231.732421875,0.17422560016110911,2,Bull,0.0025020850708924102,0.092577147623019176,0.90492076730608839,0.90241868223519595,True,1,1
2022-07-21,23164.62890625,0.20214787962922043,2,Bull,0.0025000000000000001,0.092499999999999999,0.90500000000000003,0.90250000000000008,True,1,1
2022-07-22,22714.978515625,0.180473780290062,2,Bull,0.0024979184013322231,0.092422980849292263,0.90507910074937548,0.9025811823480433,True,1,1
2022-07-23,22465.478515625,0.16419079841576556,2,Bull,0.0024958402662229617,0.092346089850249585,0.90515806988352743,0.90266222961730447,True,1,1
2022-07-24,22609.1640625,0.11753603788073175,2,Bull,0.0024937655860349127,0.092269326683291769,0.90523690773067333,0.90274314214463847,True,1,1
2022-07-25,21361.701171875,0.058027699391497212,2,Bull,0.0024916943521594683,0.092192691029900325,0.90531561461794019,0.90282392026578073,True,1,1
2022-07-26,21239.75390625,0.033652887421390609,1,Sideways,0.11764705882352941,0.74008207934336523,0.14227086183310533,0.024623803009575923,True,1,1
2022-07-27,22930.548828125,0.059755317646113637,2,Bull,0.0024875621890547263,0.092868988391376445,0.90464344941956887,0.9021558872305141,True,1,1
2022-07-28,23843.88671875,0.097223235833696187,2,Bull,0.0024875621890547263,0.092868988391376445,0.90464344941956887,0.9021558872305141,True,1,1
2022-07-29,23804.6328125,0.10246408706845012,2,Bull,0.0024855012427506215,0.092792046396023203,0.90472245236122617,0.90223695111847557,True,1,1
2022-07-30,23656.20703125,0.13402193707252907,2,Bull,0.0024834437086092716,0.092715231788079472,0.9048013245033113,0.90231788079470199,True,1,1
2022-07-31,23336.896484375,0.16856514839962156,2,Bull,0.0024813895781637717,0.092638544251447477,0.90488006617038874,0.90239867659222495,True,1,1
2022-08-01,23314.19921875,0.20649466476326084,2,Bull,0.0024793388429752068,0.092561983471074374,0.9049586776859504,0.90247933884297515,True,1,1
2022-08-02,22978.1171875,0.13685101978222725,2,Bull,0.002477291494632535,0.092485549132947972,0.90503715937241946,0.90255986787778697,True,1,1
2022-08-03,22846.5078125,0.11067558353515872,2,Bull,0.0024752475247524753,0.092409240924092403,0.90511551155115511,0.90264026402640263,True,1,1
2022-08-04,22630.95703125,0.086129806340338622,2,Bull,0.0024732069249793899,0.092333058532563891,0.90519373454245677,0.90272052761747734,True,1,1
2022-08-05,23289.314453125,0.099054587323477161,2,Bull,0.0024711696869851728,0.092257001647446463,0.90527182866556832,0.90280065897858319,True,1,1
2022-08-06,22961.279296875,0.10500502677689227,2,Bull,0.0024691358024691358,0.092181069958847742,0.90534979423868311,0.90288065843621401,True,1,1
2022-08-07,23175.890625,0.03069513048794148,1,Sideways,0.11748633879781421,0.73907103825136611,0.14344262295081966,0.025956284153005452,True,1,1
2022-08-08,23809.486328125,0.017959081082119299,1,Sideways,0.11748633879781421,0.73907103825136611,0.14344262295081966,0.025956284153005452,True,1,1
2022-08-09,23164.318359375,-0.0029018095282693501,1,Sideways,0.11732605729877217,0.73942701227830832,0.1432469304229195,0.025920873124147328,True,0,0
2022-08-10,23947.642578125,0.033802124568623526,1,Sideways,0.11716621253405994,0.73978201634877383,0.14305177111716622,0.025885558583106275,True,1,1
2022-08-11,23957.529296875,0.054701825070857302,2,Bull,0.0024650780608052587,0.092851273623664743,0.90468364831552994,0.90221857025472474,True,1,1
2022-08-12,24402.818359375,0.086236304399327945,2,Bull,0.0024650780608052587,0.092851273623664743,0.90468364831552994,0.90221857025472474,True,1,1
2022-08-13,24424.068359375,0.080272950024067313,2,Bull,0.0024630541871921183,0.092775041050903118,0.90476190476190477,0.9022988505747126,True,1,1
2022-08-14,24319.333984375,0.13845492869238551,2,Bull,0.0024610336341263331,0.092698933552091883,0.90484003281378178,0.90237899917965547,True,1,1
2022-08-15,24136.97265625,0.13640547639054645,2,Bull,0.0024590163934426232,0.092622950819672131,0.90491803278688521,0.90245901639344261,True,1,1
2022-08-16,23883.291015625,0.041549035508972709,1,Sideways,0.11684782608695653,0.73913043478260865,0.14402173913043478,0.027173913043478257,True,1,1
2022-08-17,23335.998046875,-0.021300582319727868,1,Sideways,0.11684782608695653,0.73913043478260865,0.14402173913043478,0.027173913043478257,True,0,0
2022-08-18,23212.73828125,-0.02486467806128867,1,Sideways,0.11668928086838534,0.73948439620081408,0.14382632293080055,0.027137042062415212,True,0,0
2022-08-19,20877.552734375,-0.11745984016813771,0,Bear,0.88833746898263022,0.098014888337468978,0.013647642679900745,-0.87468982630272951,True,0,0
2022-08-20,21166.060546875,-0.09302162088919852,0,Bear,0.88833746898263022,0.098014888337468978,0.013647642679900745,-0.87468982630272951,True,0,0
2022-08-21,21534.12109375,-0.076351673428629141,0,Bear,0.88847583643122674,0.097893432465923177,0.013630731102850062,-0.87484510532837667,True,0,0
2022-08-22,21398.908203125,-0.068726648553872116,0,Bear,0.88861386138613863,0.097772277227722776,0.013613861386138614,-0.875,True,0,0
2022-08-23,21528.087890625,-0.057707722015775786,0,Bear,0.88875154511742893,0.097651421508034617,0.013597033374536464,-0.87515451174289249,True,0,0
2022-08-24,21395.01953125,-0.054612692618052017,0,Bear,0.88888888888888884,0.097530864197530862,0.013580246913580247,-0.87530864197530855,True,0,0
2022-08-25,21600.904296875,-0.07249720294035733,0,Bear,0.88902589395807641,0.097410604192355116,0.013563501849568433,-0.87546239210850796,True,0,0
2022-08-26,20260.01953125,-0.11764413170099963,0,Bear,0.88916256157635465,0.097290640394088676,0.013546798029556651,-0.87561576354679804,True,0,0
2022-08-27,20041.73828125,-0.13523330751177987,0,Bear,0.88929889298892983,0.097170971709717099,0.013530135301353014,-0.87576875768757678,True,0,0
2022-08-28,19616.814453125,-0.17609249595810883,0,Bear,0.88943488943488946,0.097051597051597049,0.013513513513513514,-0.87592137592137598,True,0,0
2022-08-29,20297.994140625,-0.12373876814682738,0,Bear,0.88957055214723924,0.096932515337423308,0.013496932515337423,-0.87607361963190178,True,0,0
2022-08-30,19796.80859375,-0.17332954468623074,0,Bear,0.88970588235294112,0.096813725490196081,0.013480392156862746,-0.87622549019607843,True,0,0
2022-08-31,20049.763671875,-0.16311221314084856,0,Bear,0.8898408812729498,0.096695226438188495,0.01346389228886169,-0.87637698898408811,True,0,0
2022-09-01,20127.140625,-0.17521245584866563,0,Bear,0.88997555012224938,0.096577017114914426,0.013447432762836185,-0.87652811735941316,True,0,0
2022-09-02,19969.771484375,-0.18237325614470168,0,Bear,0.89010989010989006,0.096459096459096463,0.013431013431013432,-0.87667887667887667,True,0,0
2022-09-03,19832.087890625,-0.18451352724679981,0,Bear,0.8902439024390244,0.096341463414634149,0.013414634146341463,-0.87682926829268293,True,0,0
2022-09-04,19986.712890625,-0.1719461601391149,0,Bear,0.8903775883069428,0.096224116930572479,0.013398294762484775,-0.87697929354445803,True,0,0
2022-09-05,19812.37109375,-0.17045054298470463,0,Bear,0.89051094890510951,0.096107055961070553,0.013381995133819951,-0.87712895377128952,True,0,0
2022-09-06,18837.66796875,-0.19276356079089518,0,Bear,0.89064398541919809,0.095990279465370601,0.013365735115431349,-0.87727825030376672,True,0,0
2022-09-07,19290.32421875,-0.16897679261168053,0,Bear,0.89077669902912626,0.095873786407766989,0.013349514563106795,-0.87742718446601942,True,0,0
2022-09-08,19329.833984375,-0.074133150072310583,0,Bear,0.89090909090909087,0.095757575757575764,0.013333333333333334,-0.87757575757575756,True,0,0
2022-09-09,21381.15234375,0.01016210817306562,1,Sideways,0.11772665764546685,0.73883626522327472,0.14343707713125844,0.0257104194857916,True,1,1
2022-09-10,21680.5390625,0.0067993473294110096,1,Sideways,0.11772665764546685,0.73883626522327472,0.14343707713125844,0.0257104194857916,True,1,1
2022-09-11,21769.255859375,0.017306848215551396,1,Sideways,0.11756756756756757,0.73918918918918919,0.14324324324324325,0.025675675675675677,True,1,1
2022-09-12,22370.44921875,0.039128478683507772,1,Sideways,0.11740890688259109,0.73954116059379216,0.14304993252361672,0.025641025641025633,True,1,1
2022-09-13,20296.70703125,-0.051334961316384042,0,Bear,0.88996372430471582,0.096735187424425634,0.013301088270858524,-0.8766626360338573,True,0,0
2022-09-14,20241.08984375,-0.062951737317854972,0,Bear,0.88996372430471582,0.096735187424425634,0.013301088270858524,-0.8766626360338573,True,0,0
2022-09-15,19701.2109375,-0.027581838847098195,1,Sideways,0.11843876177658143,0.73889636608344544,0.14266487213997309,0.024226110363391659,True,0,0
2022-09-16,19772.583984375,-0.013429688238510096,1,Sideways,0.11843876177658143,0.73889636608344544,0.14266487213997309,0.024226110363391659,True,0,0
2022-09-17,20127.576171875,0.026036934792368127,1,Sideways,0.11827956989247312,0.739247311827957,0.1424731182795699,0.02419354838709678,True,1,1
2022-09-18,19419.505859375,-0.043279561279001788,1,Sideways,0.11812080536912752,0.73959731543624163,0.14228187919463087,0.024161073825503351,True,0,0
2022-09-19,19544.12890625,-0.012763657652363869,1,Sideways,0.11796246648793565,0.73994638069705099,0.14209115281501342,0.024128686327077764,True,0,0
2022-09-20,18890.7890625,-0.057804901261792052,0,Bear,0.88902291917973464,0.097708082026537996,0.013268998793727383,-0.8757539203860073,True,0,0
2022-09-21,18547.400390625,-0.078488060664354764,0,Bear,0.88902291917973464,0.097708082026537996,0.013268998793727383,-0.8757539203860073,True,0,0
2022-09-22,19413.55078125,-0.027853133099705496,1,Sideways,0.11898395721925134,0.73930481283422456,0.14171122994652408,0.022727272727272735,True,0,0
2022-09-23,19297.638671875,-0.026948711688729698,1,Sideways,0.11898395721925134,0.73930481283422456,0.14171122994652408,0.022727272727272735,True,0,0
2022-09-24,18937.01171875,-0.052519950510089841,0,Bear,0.88808664259927794,0.098676293622142003,0.013237063778580024,-0.87484957882069792,True,0,0
2022-09-25,18802.09765625,-0.050992051012950235,0,Bear,0.88808664259927794,0.098676293622142003,0.013237063778580024,-0.87484957882069792,True,0,0
2022-09-26,19222.671875,0.020437981330209576,1,Sideways,0.12,0.73866666666666669,0.14133333333333334,0.021333333333333343,True,1,1
2022-09-27,19110.546875,-0.0093195605066740406,1,Sideways,0.12,0.73866666666666669,0.14133333333333334,0.021333333333333343,True,0,0
2022-09-28,19426.720703125,0.0050122892327122415,1,Sideways,0.11984021304926765,0.73901464713715048,0.1411451398135819,0.021304926764314253,True,1,1
2022-09-29,19573.05078125,-0.084565206469263687,0,Bear,0.88715486194477788,0.099639855942376954,0.013205282112845138,-0.87394957983193278,True,0,0
2022-09-30,19431.7890625,-0.10372205199867823,0,Bear,0.88715486194477788,0.099639855942376954,0.013205282112845138,-0.87394957983193278,True,0,0
2022-10-01,19312.095703125,-0.11287295129069908,0,Bear,0.88729016786570747,0.099520383693045569,0.013189448441247002,-0.87410071942446044,True,0,0
2022-10-02,19044.107421875,-0.14869356284928759,0,Bear,0.88742514970059883,0.099401197604790423,0.013173652694610778,-0.87425149700598803,True,0,0
2022-10-03,19623.580078125,-0.033164342968966087,1,Sideways,0.12084993359893759,0.73837981407702524,0.1407702523240372,0.019920318725099612,True,0,0
2022-10-04,20336.84375,0.0047306694940423277,1,Sideways,0.12084993359893759,0.73837981407702524,0.1407702523240372,0.019920318725099612,True,1,1
2022-10-05,20160.716796875,0.023323736842000953,1,Sideways,0.1206896551724138,0.73872679045092837,0.14058355437665782,0.019893899204244017,True,1,1
2022-10-06,19955.443359375,0.0092481273638540529,1,Sideways,0.12052980132450331,0.73907284768211923,0.1403973509933775,0.01986754966887419,True,1,1
2022-10-07,19546.849609375,-0.028852284921990323,1,Sideways,0.12037037037037036,0.73941798941798942,0.1402116402116402,0.01984126984126984,True,0,0
2022-10-08,19416.568359375,-0.00015126543493293454,1,Sideways,0.1202113606340819,0.73976221928665786,0.14002642007926025,0.019815059445178348,True,0,0
2022-10-09,19446.42578125,-0.0049991035910920134,1,Sideways,0.12005277044854881,0.74010554089709768,0.13984168865435356,0.019788918205804751,True,0,0
2022-10-10,19141.484375,0.013270769774125224,1,Sideways,0.11989459815546773,0.74044795783926221,0.13965744400527008,0.019762845849802355,True,1,1
2022-10-11,19051.41796875,0.027174567190546117,1,Sideways,0.11973684210526316,0.74078947368421055,0.13947368421052631,0.01973684210526315,True,1,1
2022-10-12,19157.4453125,-0.013192098222307269,1,Sideways,0.11957950065703023,0.7411300919842313,0.13929040735873849,0.019710906701708261,True,0,0
2022-10-13,19382.904296875,0.0044184486221243713,1,Sideways,0.1194225721784777,0.74146981627296593,0.13910761154855644,0.019685039370078747,True,1,1
2022-10-14,19185.65625,0.01313008276822325,1,Sideways,0.11926605504587157,0.74180865006553076,0.13892529488859764,0.019659239842726078,True,1,1
2022-10-15,19067.634765625,0.014122738549160463,1,Sideways,0.11910994764397906,0.74214659685863871,0.13874345549738221,0.019633507853403148,True,1,1
2022-10-16,19268.09375,0.0023629324422413944,1,Sideways,0.11895424836601307,0.74248366013071898,0.13856209150326798,0.019607843137254916,True,1,1
2022-10-17,19550.7578125,0.023034973325429808,1,Sideways,0.11879895561357702,0.74281984334203655,0.13838120104438642,0.0195822454308094,True,1,1
2022-10-18,19334.416015625,-0.0047514291737952297,1,Sideways,0.11864406779661017,0.74315514993481091,0.13820078226857888,0.019556714471968703,True,0,0
2022-10-19,19139.53515625,-0.022148597571477469,1,Sideways,0.11848958333333333,0.74348958333333337,0.13802083333333334,0.019531250000000014,True,0,0
2022-10-20,19053.740234375,-0.019455173525662062,1,Sideways,0.11833550065019506,0.74382314694408325,0.13784135240572171,0.019505851755526646,True,0,0
2022-10-21,19172.46875,-0.0072300259522019017,1,Sideways,0.11818181818181818,0.74415584415584413,0.13766233766233765,0.019480519480519473,True,0,0
2022-10-22,19208.189453125,0.0086158950700692127,1,Sideways,0.11802853437094682,0.74448767833981844,0.13748378728923477,0.019455252918287952,True,1,1
2022-10-23,19567.0078125,-0.0028828718001392417,1,Sideways,0.11787564766839378,0.74481865284974091,0.13730569948186527,0.019430051813471488,True,0,0
2022-10-24,19345.572265625,-0.048742641511173579,1,Sideways,0.11772315653298836,0.74514877102199228,0.1371280724450194,0.019404915912031043,True,0,0
2022-10-25,20095.857421875,-0.0032171165169113669,1,Sideways,0.11757105943152454,0.74547803617571062,0.13695090439276486,0.019379844961240317,True,0,0
2022-10-26,20770.44140625,0.040840888984414292,1,Sideways,0.11741935483870967,0.74580645161290327,0.1367741935483871,0.019354838709677427,True,1,1
2022-10-27,20285.8359375,0.037805904424136338,1,Sideways,0.1172680412371134,0.74613402061855671,0.13659793814432988,0.019329896907216482,True,1,1
2022-10-28,20595.3515625,0.060710171916441791,2,Bull,0.0024549918166939444,0.093289689034369891,0.9042553191489362,0.90180032733224225,True,1,1
2022-10-29,20818.4765625,0.070555422198608664,2,Bull,0.0024549918166939444,0.093289689034369891,0.9042553191489362,0.90180032733224225,True,1,1
2022-10-30,20635.603515625,0.078056597458889598,2,Bull,0.0024529844644317253,0.093213409648405562,0.90433360588716272,0.90188062142273095,True,1,1
2022-10-31,20495.7734375,0.075813541601951862,2,Bull,0.0024509803921568627,0.093137254901960786,0.90441176470588236,0.90196078431372551,True,1,1
2022-11-01,20485.2734375,0.069311335793484252,2,Bull,0.0024489795918367346,0.093061224489795924,0.90448979591836731,0.90204081632653055,True,1,1
2022-11-02,20159.50390625,0.04006621492219864,1,Sideways,0.11696658097686376,0.74550128534704374,0.13753213367609254,0.020565552699228787,True,1,1
2022-11-03,20209.98828125,0.053390513094906611,2,Bull,0.0024449877750611247,0.093724531377343115,0.90383048084759576,0.90138549307253468,True,1,1
2022-11-04,21147.23046875,0.10906416703943167,2,Bull,0.0024449877750611247,0.093724531377343115,0.90383048084759576,0.90138549307253468,True,1,1
2022-11-05,21282.69140625,0.10455614771180977,2,Bull,0.0024429967426710096,0.093648208469055375,0.90390879478827357,0.90146579804560256,True,1,1
2022-11-06,20926.486328125,0.070367017422998002,2,Bull,0.0024410089503661514,0.093572009764035805,0.90398698128559807,0.90154597233523193,True,1,1
2022-11-07,20602.81640625,0.065603242921842053,2,Bull,0.0024390243902439024,0.093495934959349589,0.90406504065040649,0.90162601626016259,True,1,1
2022-11-08,18541.271484375,-0.031258004282284646,1,Sideways,0.11681643132220795,0.74454428754813862,0.1386392811296534,0.021822849807445449,True,0,0
2022-11-09,15880.7802734375,-0.16652688248647052,0,Bear,0.88649940262843485,0.1003584229390681,0.013142174432497013,-0.87335722819593786,True,0,0
2022-11-10,17586.771484375,-0.082706994404411316,0,Bear,0.88649940262843485,0.1003584229390681,0.013142174432497013,-0.87335722819593786,True,0,0
2022-11-11,17034.29296875,-0.1131755020263675,0,Bear,0.88663484486873512,0.10023866348448687,0.013126491646778043,-0.87350835322195708,True,0,0
2022-11-12,16799.185546875,-0.14145352688298263,0,Bear,0.88676996424314658,0.10011918951132301,0.013110846245530394,-0.8736591179976162,True,0,0
2022-11-13,16353.365234375,-0.15467141473849444,0,Bear,0.88690476190476186,0.10000000000000001,0.013095238095238096,-0.87380952380952381,True,0,0
2022-11-14,16618.19921875,-0.17305348710025459,0,Bear,0.88703923900118908,0.099881093935790727,0.013079667063020214,-0.87395957193816887,True,0,0
2022-11-15,16884.61328125,-0.18708452309688139,0,Bear,0.88717339667458428,0.099762470308788598,0.013064133016627079,-0.87410926365795716,True,0,0
2022-11-16,16669.439453125,-0.17827199704843322,0,Bear,0.88730723606168449,0.099644128113879002,0.013048635824436536,-0.874258600237248,True,0,0
2022-11-17,16687.517578125,-0.18974349491029718,0,Bear,0.88744075829383884,0.099526066350710901,0.013033175355450236,-0.87440758293838861,True,0,0
2022-11-18,16697.77734375,-0.19793471469341573,0,Bear,0.8875739644970414,0.099408284023668636,0.01301775147928994,-0.87455621301775144,True,0,0
2022-11-19,16711.546875,-0.19015952878013753,0,Bear,0.88770685579196218,0.099290780141843976,0.013002364066193853,-0.87470449172576836,True,0,0
2022-11-20,16291.83203125,-0.20511260134044407,0,Bear,0.88783943329397874,0.099173553719008267,0.012987012987012988,-0.87485242030696575,True,0,0
2022-11-21,15787.2841796875,-0.22933495479793986,0,Bear,0.88797169811320753,0.099056603773584911,0.012971698113207548,-0.875,True,0,0
2022-11-22,16189.76953125,-0.19691627301251557,0,Bear,0.88810365135453473,0.098939929328621903,0.012956419316843345,-0.8751472320376914,True,0,0
2022-11-23,16610.70703125,-0.17809417798323346,0,Bear,0.88823529411764701,0.098823529411764699,0.012941176470588235,-0.87529411764705878,True,0,0
2022-11-24,16604.46484375,-0.21481610235973936,0,Bear,0.8883666274970623,0.09870740305522914,0.012925969447708578,-0.87544065804935367,True,0,0
2022-11-25,16521.841796875,-0.22369584365522965,0,Bear,0.88849765258215962,0.098591549295774641,0.012910798122065728,-0.87558685446009388,True,0,0
2022-11-26,16464.28125,-0.21323240835361068,0,Bear,0.88862837045720988,0.098475967174677603,0.012895662368112544,-0.87573270808909731,True,0,0
2022-11-27,16444.626953125,-0.20182626351335087,0,Bear,0.88875878220140514,0.098360655737704916,0.01288056206088993,-0.8758782201405152,True,0,0
2022-11-28,16217.322265625,-0.1253392584596168,0,Bear,0.88888888888888884,0.098245614035087719,0.012865497076023392,-0.87602339181286548,True,0,0
2022-11-29,16444.982421875,0.035527356888199968,1,Sideways,0.11794871794871795,0.74358974358974361,0.13846153846153847,0.020512820512820523,True,1,1
2022-11-30,17168.56640625,-0.023779525337925489,1,Sideways,0.11794871794871795,0.74358974358974361,0.13846153846153847,0.020512820512820523,True,0,0
2022-12-01,16967.1328125,-0.0039426441927004063,1,Sideways,0.117797695262484,0.74391805377720865,0.1382842509603073,0.020486555697823303,True,0,0
2022-12-02,17088.66015625,0.017231466880776702,1,Sideways,0.11764705882352941,0.74424552429667523,0.13810741687979539,0.020460358056265976,True,1,1
2022-12-03,16908.236328125,0.033930086303194162,1,Sideways,0.11749680715197956,0.7445721583652618,0.13793103448275862,0.020434227330779056,True,1,1
2022-12-04,17130.486328125,0.030826872552893514,1,Sideways,0.11734693877551021,0.74489795918367352,0.13775510204081631,0.020408163265306103,True,1,1
2022-12-05,16974.826171875,0.0053429053495219758,1,Sideways,0.11719745222929936,0.74522292993630568,0.1375796178343949,0.020382165605095537,True,1,1
2022-12-06,17089.50390625,0.025199674788479509,1,Sideways,0.11704834605597965,0.74554707379134855,0.13740458015267176,0.020356234096692113,True,1,1
2022-12-07,16848.126953125,0.0096245216970161085,1,Sideways,0.11689961880559085,0.74587039390088949,0.13722998729351971,0.020330368487928852,True,1,1
2022-12-08,17233.474609375,0.032081950465431941,1,Sideways,0.116751269035533,0.74619289340101524,0.13705583756345177,0.020304568527918773,True,1,1
2022-12-09,17133.15234375,0.025228392793530618,1,Sideways,0.11660329531051965,0.74651457541191379,0.13688212927756654,0.020278833967046897,True,1,1
2022-12-10,17128.724609375,0.051368844002302794,2,Bull,0.002435064935064935,0.094155844155844159,0.90340909090909094,0.90097402597402598,True,1,1
2022-12-11,17104.193359375,0.083415815202837917,2,Bull,0.002435064935064935,0.094155844155844159,0.90340909090909094,0.90097402597402598,True,1,1
2022-12-12,17206.4375,0.062796938942682123,2,Bull,0.0024330900243309003,0.09407948094079481,0.90348742903487433,0.90105433901054344,True,1,1
2022-12-13,17781.318359375,0.070473299295611413,2,Bull,0.0024311183144246355,0.094003241491085895,0.90356564019448948,0.90113452188006482,True,1,1
2022-12-14,17815.650390625,0.0729433654304672,2,Bull,0.0024291497975708503,0.093927125506072878,0.90364372469635623,0.90121457489878543,True,1,1
2022-12-15,17364.865234375,0.051024785726943245,2,Bull,0.0024271844660194173,0.093851132686084138,0.90372168284789645,0.90129449838187703,True,1,1
2022-12-16,16647.484375,0.011127307789400076,1,Sideways,0.11630847029077118,0.74589127686472823,0.13780025284450062,0.021491782553729438,True,1,1
2022-12-17,16795.091796875,0.021311814779927385,1,Sideways,0.11630847029077118,0.74589127686472823,0.13780025284450062,0.021491782553729438,True,1,1
2022-12-18,16757.9765625,0.033338074437911036,1,Sideways,0.11616161616161616,0.74621212121212122,0.13762626262626262,0.021464646464646464,True,1,1
2022-12-19,16439.6796875,-0.00032245302785771646,1,Sideways,0.11601513240857503,0.7465321563682219,0.13745271122320302,0.021437578814627989,True,0,0
2022-12-20,16906.3046875,-0.015275691198918473,1,Sideways,0.11586901763224182,0.74685138539042817,0.13727959697732997,0.021410579345088152,True,0,0
2022-12-21,16817.53515625,-0.0088169084254346997,1,Sideways,0.11572327044025157,0.74716981132075466,0.13710691823899371,0.021383647798742134,True,0,0
2022-12-22,16830.341796875,-0.015116361201701567,1,Sideways,0.11557788944723618,0.74748743718592969,0.13693467336683418,0.021356783919597999,True,0,0
2022-12-23,16796.953125,-0.0065815973331229127,1,Sideways,0.11543287327478043,0.74780426599749061,0.13676286072772897,0.021329987452948548,True,0,0
2022-12-24,16847.755859375,-0.016504520848646953,1,Sideways,0.11528822055137844,0.74812030075187974,0.13659147869674185,0.021303258145363407,True,0,0
2022-12-25,16841.986328125,-0.0078256968527958826,1,Sideways,0.11514392991239049,0.74843554443053817,0.13642052565707133,0.02127659574468084,True,0,0
2022-12-26,16919.8046875,-0.0099300260370891458,1,Sideways,0.115,0.74875000000000003,0.13625000000000001,0.021250000000000005,True,0,0
2022-12-27,16717.173828125,-0.0077725628115421497,1,Sideways,0.11485642946317104,0.74906367041198507,0.13607990012484394,0.021223470661672905,True,0,0
2022-12-28,16552.572265625,-0.03951045039864387,1,Sideways,0.11471321695760599,0.74937655860349128,0.13591022443890274,0.021197007481296756,True,0,0
2022-12-29,16642.341796875,-0.028646832586768145,1,Sideways,0.11457036114570361,0.74968866749688667,0.1357409713574097,0.02117061021170609,True,0,0
2022-12-30,16602.5859375,-0.030716745342909579,1,Sideways,0.11442786069651742,0.75,0.13557213930348258,0.021144278606965161,True,0,0
2022-12-31,16547.49609375,-0.032547414188338064,1,Sideways,0.11428571428571428,0.75031055900621113,0.13540372670807455,0.021118012422360263,True,0,0
2023-01-01,16625.080078125,-0.033787204461992792,1,Sideways,0.11414392059553349,0.75062034739454098,0.13523573200992556,0.021091811414392064,True,0,0
2023-01-02,16688.470703125,-0.06146044034321041,0,Bear,0.88798133022170367,0.099183197199533252,0.012835472578763127,-0.87514585764294051,True,0,0
2023-01-03,16679.857421875,-0.063752540257956625,0,Bear,0.88798133022170367,0.099183197199533252,0.012835472578763127,-0.87514585764294051,True,0,0
2023-01-04,16863.23828125,-0.028887465946582425,1,Sideways,0.1150990099009901,0.75,0.13490099009900991,0.019801980198019806,True,0,0
2023-01-05,16836.736328125,0.011368201276656942,1,Sideways,0.1150990099009901,0.75,0.13490099009900991,0.019801980198019806,True,1,1
2023-01-06,16951.96875,0.0093406427914963785,1,Sideways,0.11495673671199011,0.75030902348578488,0.13473423980222496,0.019777503090234849,True,1,1
2023-01-07,16955.078125,0.011761656412687893,1,Sideways,0.11481481481481481,0.75061728395061733,0.13456790123456791,0.019753086419753096,True,1,1
2023-01-08,17091.14453125,0.039627587406422915,1,Sideways,0.11467324290998766,0.75092478421701603,0.13440197287299629,0.019728729963008632,True,1,1
2023-01-09,17196.5546875,0.017168151489343586,1,Sideways,0.1145320197044335,0.75123152709359609,0.13423645320197045,0.01970443349753695,True,1,1
2023-01-10,17446.29296875,0.037387037200057982,1,Sideways,0.11439114391143912,0.75153751537515379,0.13407134071340712,0.019680196801968003,True,1,1
2023-01-11,17934.896484375,0.065628773368410664,2,Bull,0.0024232633279483036,0.094507269789983847,0.90306946688206791,0.90064620355411962,True,1,1
2023-01-12,18869.587890625,0.12339349584420534,2,Bull,0.0024232633279483036,0.094507269789983847,0.90306946688206791,0.90064620355411962,True,1,1
2023-01-13,19909.57421875,0.18173449241141748,2,Bull,0.0024213075060532689,0.094430992736077482,0.90314769975786924,0.90072639225181594,True,1,1
2023-01-14,20976.298828125,0.24547653818575865,2,Bull,0.0024193548387096775,0.094354838709677424,0.90322580645161288,0.90080645161290318,True,1,1
2023-01-15,20880.798828125,0.23410401087852395,2,Bull,0.0024174053182917004,0.094278807413376312,0.90330378726833194,0.90088638195004023,True,1,1
2023-01-16,21169.6328125,0.26634041316745627,2,Bull,0.0024154589371980675,0.09420289855072464,0.90338164251207731,0.90096618357487923,True,1,1
2023-01-17,21161.51953125,0.2784429629222327,2,Bull,0.0024135156878519709,0.094127111826226864,0.90345937248592112,0.90104585679806914,True,1,1
2023-01-18,20688.78125,0.24314122991301712,2,Bull,0.0024115755627009648,0.094051446945337625,0.90353697749196138,0.90112540192926038,True,1,1
2023-01-19,21086.79296875,0.27009087910345286,2,Bull,0.0024096385542168677,0.093975903614457831,0.90361445783132532,0.90120481927710849,True,1,1
2023-01-20,22676.552734375,0.37039178652170524,2,Bull,0.002407704654895666,0.093900481540930975,0.9036918138041734,0.9012841091492777,True,1,1
2023-01-21,22777.625,0.37007610748115516,2,Bull,0.0024057738572574178,0.093825180433039293,0.90376904570970329,0.90136327185244591,True,1,1
2023-01-22,22720.416015625,0.36144386264048078,2,Bull,0.002403846153846154,0.09375,0.90384615384615385,0.90144230769230771,True,1,1
2023-01-23,22934.431640625,0.3749776787988226,2,Bull,0.0024019215372297837,0.093674939951961564,0.90392313851080863,0.9015212169735789,True,1,1
2023-01-24,22636.46875,0.34235598005924972,2,Bull,0.0023999999999999998,0.093600000000000003,0.90400000000000003,0.90160000000000007,True,1,1
2023-01-25,23117.859375,0.37306060536106811,2,Bull,0.0023980815347721821,0.093525179856115109,0.90407673860911275,0.90167865707434058,True,1,1
2023-01-26,23032.77734375,0.35870810543760578,2,Bull,0.0023961661341853034,0.093450479233226844,0.90415335463258784,0.90175718849840258,True,1,1
2023-01-27,23078.728515625,0.36116910494182708,2,Bull,0.0023942537909018356,0.093375897845171585,0.90422984836392661,0.90183559457302476,True,1,1
2023-01-28,23031.08984375,0.34754520398790212,2,Bull,0.0023923444976076554,0.093301435406698566,0.90430622009569372,0.90191387559808611,True,1,1
2023-01-29,23774.56640625,0.38251916376781514,2,Bull,0.0023904382470119521,0.093227091633466139,0.90438247011952189,0.90199203187250998,True,1,1
2023-01-30,22840.138671875,0.30916858456902663,2,Bull,0.0023885350318471337,0.09315286624203821,0.90445859872611467,0.90207006369426757,True,1,1
2023-01-31,23139.283203125,0.29018214425068445,2,Bull,0.0023866348448687352,0.093078758949880672,0.90453460620525061,0.90214797136038183,True,1,1
2023-02-01,23723.76953125,0.25724894834808287,2,Bull,0.0023847376788553257,0.093004769475357713,0.90461049284578698,0.90222575516693171,True,1,1
2023-02-02,23471.87109375,0.17892381001524282,2,Bull,0.0023828435266084196,0.09293089753772836,0.90468625893566323,0.90230341540905479,True,1,1
2023-02-03,23449.322265625,0.11789608156154663,2,Bull,0.0023809523809523812,0.09285714285714286,0.90476190476190477,0.90238095238095239,True,1,1
2023-02-04,23331.84765625,0.11738290514171346,2,Bull,0.0023790642347343376,0.092783505154639179,0.90483743061062649,0.90245836637589216,True,1,1
2023-02-05,22955.666015625,0.084367698719384654,2,Bull,0.0023771790808240888,0.092709984152139463,0.90491283676703649,0.90253565768621236,True,1,1
2023-02-06,22760.109375,0.075542299379272038,2,Bull,0.0023752969121140144,0.092636579572446559,0.90498812351543945,0.90261282660332542,True,1,1
2023-02-07,23264.291015625,0.12448823033618761,2,Bull,0.0023734177215189874,0.0925632911392405,0.90506329113924056,0.90268987341772156,True,1,1
2023-02-08,22939.3984375,0.087856198498060145,2,Bull,0.0023715415019762848,0.092490118577075092,0.90513833992094861,0.90276679841897234,True,1,1
2023-02-09,21819.0390625,-0.037814992513174661,1,Sideways,0.11411042944785275,0.750920245398773,0.13496932515337423,0.020858895705521477,True,0,0
2023-02-10,21651.18359375,-0.049453856855137479,1,Sideways,0.11411042944785275,0.750920245398773,0.13496932515337423,0.020858895705521477,True,0,0
2023-02-11,21870.875,-0.037391085402695312,1,Sideways,0.11397058823529412,0.75122549019607843,0.13480392156862744,0.020833333333333329,True,0,0
2023-02-12,21788.203125,-0.04997850104096857,1,Sideways,0.11383108935128519,0.75152998776009794,0.1346389228886169,0.020807833537331705,True,0,0
2023-02-13,21808.1015625,-0.036594364458899964,1,Sideways,0.11369193154034229,0.75183374083129584,0.13447432762836187,0.020782396088019572,True,0,0
2023-02-14,22220.8046875,-0.038803535956710933,1,Sideways,0.11355311355311355,0.75213675213675213,0.1343101343101343,0.020757020757020753,True,0,0
2023-02-15,24307.841796875,0.055358693139583082,2,Bull,0.0023677979479084454,0.093133385951065503,0.904498816101026,0.90213101815311758,True,1,1
2023-02-16,23623.474609375,0.023603817401863791,1,Sideways,0.11327649208282582,0.75152253349573694,0.13520097442143728,0.021924482338611453,True,1,1
2023-02-17,24565.6015625,0.06662783781230508,2,Bull,0.0023659305993690852,0.093848580441640378,0.90378548895899058,0.90141955835962151,True,1,1
2023-02-18,24641.27734375,0.036455383567885136,1,Sideways,0.11313868613138686,0.75060827250608275,0.13625304136253041,0.023114355231143552,True,1,1
2023-02-19,24327.642578125,0.065126745840719868,2,Bull,0.0023640661938534278,0.094562647754137114,0.90307328605200943,0.900709219858156,True,1,1
2023-02-20,24829.1484375,0.073030146160568243,2,Bull,0.0023640661938534278,0.094562647754137114,0.90307328605200943,0.900709219858156,True,1,1
2023-02-21,24436.353515625,0.030036709951863028,1,Sideways,0.11300121506682867,0.74969623329283108,0.13730255164034022,0.024301336573511551,True,1,1
2023-02-22,24188.84375,0.030546037569238127,1,Sideways,0.11300121506682867,0.74969623329283108,0.13730255164034022,0.024301336573511551,True,1,1
2023-02-23,23947.4921875,0.021244533903023832,1,Sideways,0.11286407766990292,0.75,0.13713592233009708,0.024271844660194164,True,1,1
2023-02-24,23198.126953125,-0.0057312521963591712,1,Sideways,0.11272727272727273,0.75030303030303025,0.13696969696969696,0.024242424242424232,True,0,0
2023-02-25,23175.375,0.0095710132838424666,1,Sideways,0.11259079903147699,0.75060532687651327,0.1368038740920097,0.024213075060532704,True,1,1
2023-02-26,23561.212890625,0.035197700609687965,1,Sideways,0.1124546553808948,0.75090689238210395,0.13663845223700122,0.024183796856106415,True,1,1
2023-02-27,23522.87109375,0.011114891829341778,1,Sideways,0.11231884057971014,0.75120772946859904,0.13647342995169082,0.024154589371980673,True,1,1
2023-02-28,23147.353515625,0.0090654111393368986,1,Sideways,0.11218335343787696,0.75150784077201449,0.13630880579010857,0.024125452352231611,True,1,1
2023-03-01,23646.55078125,0.083757662906929431,2,Bull,0.0023603461841070024,0.095200629425649094,0.90243902439024393,0.90007867820613696,True,1,1
2023-03-02,23475.466796875,0.084257897275029858,2,Bull,0.0023603461841070024,0.095200629425649094,0.90243902439024393,0.90007867820613696,True,1,1
2023-03-03,22362.6796875,0.022486740356753021,1,Sideways,0.11191335740072202,0.75090252707581229,0.13718411552346571,0.025270758122743694,True,1,1
2023-03-04,22353.349609375,0.025938186877216385,1,Sideways,0.11191335740072202,0.75090252707581229,0.13718411552346571,0.025270758122743694,True,1,1
2023-03-05,22435.513671875,0.028769680275786191,1,Sideways,0.11177884615384616,0.75120192307692313,0.13701923076923078,0.025240384615384623,True,1,1
2023-03-06,22429.7578125,0.0094034904648410134,1,Sideways,0.11164465786314526,0.75150060024009602,0.1368547418967587,0.025210084033613439,True,1,1
2023-03-07,22219.76953125,-0.085901178848936,0,Bear,0.88707799767171125,0.10011641443538999,0.012805587892898719,-0.87427240977881249,True,0,0
2023-03-08,21718.080078125,-0.080656828123575108,0,Bear,0.88707799767171125,0.10011641443538999,0.012805587892898719,-0.87427240977881249,True,0,0
2023-03-09,20363.021484375,-0.17107580563141356,0,Bear,0.88720930232558137,0.10000000000000001,0.012790697674418604,-0.87441860465116272,True,0,0
2023-03-10,20187.244140625,-0.18075496415995329,0,Bear,0.88734030197444835,0.099883855981416955,0.012775842044134728,-0.87456445993031362,True,0,0
2023-03-11,20632.41015625,-0.15189438968483082,0,Bear,0.88747099767981441,0.099767981438515077,0.012761020881670533,-0.87470997679814388,True,0,0
2023-03-12,22163.94921875,-0.10734154759511172,0,Bear,0.88760139049826192,0.099652375434530704,0.012746234067207415,-0.87485515643105449,True,0,0
2023-03-13,24197.533203125,-0.0097731567169910827,1,Sideways,0.1125748502994012,0.75089820359281434,0.13652694610778443,0.023952095808383228,True,0,0
2023-03-14,24746.07421875,0.023036672381250067,1,Sideways,0.1125748502994012,0.75089820359281434,0.13652694610778443,0.023952095808383228,True,1,1
2023-03-15,24375.9609375,0.017892009177631119,1,Sideways,0.11244019138755981,0.75119617224880386,0.13636363636363635,0.023923444976076541,True,1,1
2023-03-16,25052.7890625,0.079948786948299766,2,Bull,0.0023566378633150041,0.095836606441476832,0.90180675569520818,0.89945011783189321,True,1,1
2023-03-17,27423.9296875,0.18332193923507178,2,Bull,0.0023566378633150041,0.095836606441476832,0.90180675569520818,0.89945011783189321,True,1,1
2023-03-18,26965.87890625,0.14450300294089335,2,Bull,0.0023547880690737832,0.095761381475667193,0.90188383045525899,0.89952904238618525,True,1,1
2023-03-19,28038.67578125,0.19197506416212273,2,Bull,0.002352941176470588,0.095686274509803923,0.90196078431372551,0.89960784313725495,True,1,1
2023-03-20,27767.236328125,0.19958578890590983,2,Bull,0.0023510971786833857,0.09561128526645768,0.90203761755485889,0.89968652037617547,True,1,1
2023-03-21,28175.81640625,0.19154022364189283,2,Bull,0.0023492560689115116,0.095536413469068132,0.90211433046202039,0.89976507439310882,True,1,1
2023-03-22,27307.4375,0.16323299282104586,2,Bull,0.0023474178403755869,0.095461658841940536,0.90219092331768391,0.89984350547730829,True,1,1
2023-03-23,28333.97265625,0.26702045784288342,2,Bull,0.0023455824863174357,0.095387021110242373,0.90226739640344022,0.89992181391712278,True,1,1
2023-03-24,27493.28515625,0.22994028352329399,2,Bull,0.0023437499999999999,0.095312499999999994,0.90234375,0.90000000000000002,True,1,1
2023-03-25,27494.70703125,0.22549933259237864,2,Bull,0.00234192037470726,0.095238095238095233,0.9024199843871975,0.90007806401249024,True,1,1
2023-03-26,27994.330078125,0.24808882521789388,2,Bull,0.0023400936037441498,0.095163806552262087,0.9024960998439937,0.90015600624024961,True,1,1
2023-03-27,27139.888671875,0.22142980077742558,2,Bull,0.0023382696804364772,0.095089633671083404,0.90257209664848015,0.90023382696804366,True,1,1
2023-03-28,27268.130859375,0.25554978899079361,2,Bull,0.0023364485981308409,0.095015576323987536,0.90264797507788164,0.90031152647975077,True,1,1
2023-03-29,28348.44140625,0.39215299792333824,2,Bull,0.0023346303501945525,0.094941634241245132,0.90272373540856032,0.90038910505836578,True,1,1
2023-03-30,28033.5625,0.38867704302366834,2,Bull,0.0023328149300155523,0.094867807153965783,0.90279937791601861,0.90046656298600303,True,1,1
2023-03-31,28478.484375,0.38027909290923323,2,Bull,0.002331002331002331,0.094794094794094799,0.90287490287490291,0.90054390054390054,True,1,1
2023-04-01,28411.03515625,0.2818579791824809,2,Bull,0.002329192546583851,0.094720496894409936,0.90295031055900621,0.90062111801242239,True,1,1
2023-04-02,28199.30859375,0.16537947719845225,2,Bull,0.0023273855702094647,0.094647013188518231,0.90302560124127229,0.90069821567106279,True,1,1
2023-04-03,27790.220703125,0.12301532992528008,2,Bull,0.0023255813953488372,0.094573643410852712,0.9031007751937985,0.90077519379844961,True,1,1
2023-04-04,28168.08984375,0.15556838624631153,2,Bull,0.0023237800154918666,0.09450038729666925,0.90317583268783885,0.90085205267234703,True,1,1
2023-04-05,28177.984375,0.12474440688832988,2,Bull,0.0023219814241486067,0.094427244582043338,0.90325077399380804,0.90092879256965941,True,1,1
2023-04-06,28044.140625,0.022615684351856347,1,Sideways,0.11217183770883055,0.75059665871121717,0.13723150357995226,0.025059665871121711,True,1,1
2023-04-07,27925.859375,0.035599821244005625,1,Sideways,0.11217183770883055,0.75059665871121717,0.13723150357995226,0.025059665871121711,True,1,1
2023-04-08,27947.794921875,-0.0032412678859738975,1,Sideways,0.11203814064362336,0.7508939213349225,0.13706793802145412,0.025029797377830759,True,0,0
2023-04-09,28333.05078125,0.020377053245010712,1,Sideways,0.11190476190476191,0.75119047619047619,0.13690476190476192,0.025000000000000008,True,1,1
2023-04-10,29652.98046875,0.052426664100932108,2,Bull,0.0023183925811437402,0.095054095826893351,0.90262751159196286,0.90030911901081911,True,1,1
2023-04-11,30235.05859375,0.10720966014295552,2,Bull,0.0023183925811437402,0.095054095826893351,0.90262751159196286,0.90030911901081911,True,1,1
2023-04-12,30139.052734375,0.063707271127292131,2,Bull,0.0023166023166023165,0.094980694980694974,0.9027027027027027,0.90038610038610034,True,1,1
2023-04-13,30399.06640625,0.1056905798447092,2,Bull,0.0023148148148148147,0.094907407407407413,0.90277777777777779,0.90046296296296302,True,1,1
2023-04-14,30485.69921875,0.10878429015811997,2,Bull,0.0023130300693909021,0.094834232845026983,0.90285273708558211,0.90053970701619124,True,1,1
2023-04-15,30318.49609375,0.083022741002868994,2,Bull,0.0023112480739599386,0.094761171032357469,0.90292758089368264,0.90061633281972264,True,1,1
2023-04-16,30315.35546875,0.11700367806466838,2,Bull,0.0023094688221709007,0.094688221709006926,0.90300230946882221,0.90069284064665134,True,1,1
2023-04-17,29445.044921875,0.079833637066163643,2,Bull,0.0023076923076923079,0.094615384615384615,0.90307692307692311,0.90076923076923077,True,1,1
2023-04-18,30397.552734375,0.072283033086723014,2,Bull,0.0023059185242121443,0.094542659492697925,0.90315142198308995,0.90084550345887782,True,1,1
2023-04-19,28822.6796875,0.02814901557731031,1,Sideways,0.11163895486935867,0.75059382422802845,0.13776722090261281,0.026128266033254147,True,1,1
2023-04-20,28245.98828125,-0.0081639208986169498,1,Sideways,0.11163895486935867,0.75059382422802845,0.13776722090261281,0.026128266033254147,True,0,0
2023-04-21,27276.91015625,-0.039918468079840785,1,Sideways,0.11150652431791222,0.75088967971530252,0.13760379596678529,0.026097271648873072,True,0,0
2023-04-22,27817.5,-0.013539643799444834,1,Sideways,0.11137440758293839,0.75118483412322279,0.13744075829383887,0.026066350710900479,True,0,0
2023-04-23,27591.384765625,-0.0071548887511224679,1,Sideways,0.11124260355029586,0.75147928994082835,0.13727810650887573,0.02603550295857987,True,0,0
2023-04-24,27525.33984375,-0.022818373683319293,1,Sideways,0.1111111111111111,0.75177304964539005,0.13711583924349882,0.026004728132387717,True,0,0
2023-04-25,28307.59765625,0.0045998066974937135,1,Sideways,0.11097992916174734,0.75206611570247939,0.13695395513577333,0.025974025974025983,True,1,1
2023-04-26,28422.701171875,0.013498739431420992,1,Sideways,0.11084905660377359,0.75235849056603776,0.13679245283018868,0.025943396226415089,True,1,1
2023-04-27,29473.787109375,0.0554299050778988,2,Bull,0.0023023791250959325,0.095165003837298548,0.90253261703760557,0.90023023791250967,True,1,1
2023-04-28,29340.26171875,0.049823851962828902,1,Sideways,0.11058823529411765,0.75176470588235289,0.1376470588235294,0.027058823529411746,True,1,1
2023-04-29,29248.48828125,0.032309881031442167,1,Sideways,0.11058823529411765,0.75176470588235289,0.1376470588235294,0.027058823529411746,True,1,1
2023-04-30,29268.806640625,-0.012955656465287291,1,Sideways,0.11045828437132785,0.75205640423031728,0.13748531139835488,0.027027027027027029,True,0,0
2023-05-01,28091.568359375,-0.07089419812859532,0,Bear,0.88670520231213867,0.10057803468208093,0.012716763005780347,-0.87398843930635828,True,0,0
2023-05-02,28680.537109375,-0.048392882080746213,1,Sideways,0.11137162954279015,0.75146541617819462,0.13716295427901523,0.025791324736225085,True,0,0
2023-05-03,29006.30859375,-0.045815808745154452,1,Sideways,0.11137162954279015,0.75146541617819462,0.13716295427901523,0.025791324736225085,True,0,0
2023-05-04,28847.7109375,-0.053729726502141917,0,Bear,0.88568129330254042,0.10161662817551963,0.012702078521939953,-0.87297921478060048,True,0,0
2023-05-05,29534.384765625,-0.025862474368794297,1,Sideways,0.11228070175438597,0.75087719298245614,0.1368421052631579,0.024561403508771937,True,0,0
2023-05-06,28904.623046875,-0.046535242620830419,1,Sideways,0.11228070175438597,0.75087719298245614,0.1368421052631579,0.024561403508771937,True,0,0
2023-05-07,28454.978515625,-0.033624211098230328,1,Sideways,0.11214953271028037,0.75116822429906538,0.13668224299065421,0.024532710280373834,True,0,0
2023-05-08,27694.2734375,-0.088930820204417449,0,Bear,0.88465974625144173,0.10265282583621683,0.012687427912341407,-0.87197231833910027,True,0,0
2023-05-09,27658.775390625,-0.040381543614064763,1,Sideways,0.11305361305361306,0.75058275058275059,0.13636363636363635,0.023310023310023298,True,0,0
2023-05-10,27621.755859375,-0.022099861249654795,1,Sideways,0.11305361305361306,0.75058275058275059,0.13636363636363635,0.023310023310023298,True,0,0
2023-05-11,27000.7890625,-0.010122887532653002,1,Sideways,0.11292200232828871,0.75087310826542486,0.13620488940628639,0.02328288707799768,True,0,0
2023-05-12,26804.990234375,-0.036398301990653414,1,Sideways,0.1127906976744186,0.75116279069767444,0.13604651162790699,0.023255813953488386,True,0,0
2023-05-13,26784.078125,-0.029259373803912525,1,Sideways,0.11265969802555169,0.75145180023228808,0.13588850174216027,0.023228803716608584,True,0,0
2023-05-14,26930.638671875,-0.021605588713922264,1,Sideways,0.11252900232018562,0.75174013921113692,0.1357308584686775,0.023201856148491878,True,0,0
2023-05-15,27192.693359375,-0.039385337830984857,1,Sideways,0.11239860950173812,0.75202780996523755,0.13557358053302435,0.023174971031286226,True,0,0
2023-05-16,27036.650390625,-0.048765624803512098,1,Sideways,0.11226851851851852,0.75231481481481477,0.13541666666666666,0.02314814814814814,True,0,0
2023-05-17,27398.802734375,-0.070401009795581726,0,Bear,0.88364055299539168,0.10368663594470046,0.012672811059907835,-0.87096774193548387,True,0,0
2023-05-18,26832.208984375,-0.085481607438157914,0,Bear,0.88364055299539168,0.10368663594470046,0.012672811059907835,-0.87096774193548387,True,0,0
2023-05-19,26890.12890625,-0.080631838210655338,0,Bear,0.88377445339470651,0.10356731875719218,0.012658227848101266,-0.87111622554660528,True,0,0
2023-05-20,27129.5859375,-0.073088757235348578,0,Bear,0.88390804597701145,0.10344827586206896,0.01264367816091954,-0.87126436781609196,True,0,0
2023-05-21,26753.826171875,-0.04762077255304098,1,Sideways,0.11316397228637413,0.75173210161662818,0.1351039260969977,0.021939953810623566,True,0,0
2023-05-22,26851.27734375,-0.063780526795889636,0,Bear,0.8830275229357798,0.10435779816513761,0.01261467889908257,-0.87041284403669728,True,0,0
2023-05-23,27225.7265625,-0.06138602661193715,0,Bear,0.8830275229357798,0.10435779816513761,0.01261467889908257,-0.87041284403669728,True,0,0
2023-05-24,26334.818359375,-0.087108907308774186,0,Bear,0.88316151202749138,0.10423825887743414,0.012600229095074456,-0.87056128293241697,True,0,0
2023-05-25,26476.20703125,-0.10354634974263643,0,Bear,0.8832951945080092,0.10411899313501144,0.012585812356979404,-0.87070938215102978,True,0,0
2023-05-26,26719.291015625,-0.075604931007265508,0,Bear,0.88342857142857145,0.104,0.012571428571428572,-0.87085714285714289,True,0,0
2023-05-27,26868.353515625,-0.055759135405031635,0,Bear,0.88356164383561642,0.10388127853881278,0.012557077625570776,-0.87100456621004563,True,0,0
2023-05-28,28085.646484375,0.01413191242435885,1,Sideways,0.11418685121107267,0.75086505190311414,0.13494809688581316,0.020761245674740497,True,1,1
2023-05-29,27745.884765625,0.003149429928467784,1,Sideways,0.11418685121107267,0.75086505190311414,0.13494809688581316,0.020761245674740497,True,1,1
2023-05-30,27702.349609375,0.0029177634618997583,1,Sideways,0.11405529953917051,0.75115207373271886,0.1347926267281106,0.020737327188940086,True,1,1
2023-05-31,27219.658203125,0.0081060275726896336,1,Sideways,0.11392405063291139,0.75143843498273877,0.13463751438434982,0.020713463751438427,True,1,1
2023-06-01,26819.97265625,0.00055894151588931074,1,Sideways,0.11379310344827587,0.75172413793103443,0.13448275862068965,0.020689655172413779,True,1,1
2023-06-02,27249.58984375,0.017380165805128023,1,Sideways,0.11366245694603903,0.75200918484500578,0.13432835820895522,0.020665901262916189,True,1,1
2023-06-03,27075.12890625,0.0053652732167059902,1,Sideways,0.11353211009174312,0.75229357798165142,0.13417431192660551,0.020642201834862386,True,1,1
2023-06-04,27119.06640625,-0.002707600609912264,1,Sideways,0.1134020618556701,0.75257731958762886,0.13402061855670103,0.020618556701030924,True,0,0
2023-06-05,25760.09765625,-0.047215639361066986,1,Sideways,0.11327231121281464,0.75286041189931352,0.13386727688787187,0.020594965675057225,True,0,0
2023-06-06,27238.783203125,-0.0058403840781421357,1,Sideways,0.11314285714285714,0.75314285714285711,0.1337142857142857,0.02057142857142856,True,0,0
2023-06-07,26345.998046875,-0.018120421534549402,1,Sideways,0.11301369863013698,0.75342465753424659,0.13356164383561644,0.020547945205479465,True,0,0
2023-06-08,26508.216796875,-0.01420268793453916,1,Sideways,0.11288483466362599,0.75370581527936142,0.13340935005701254,0.020524515393386553,True,0,0
2023-06-09,26480.375,-0.023929998010129072,1,Sideways,0.11275626423690205,0.75398633257403191,0.13325740318906606,0.020501138952164016,True,0,0
2023-06-10,25851.240234375,-0.033736704862381339,1,Sideways,0.11262798634812286,0.75426621160409557,0.13310580204778158,0.020477815699658716,True,0,0
2023-06-11,25940.16796875,-0.033931695812306373,1,Sideways,0.1125,0.75454545454545452,0.13295454545454546,0.020454545454545461,True,0,0
2023-06-12,25902.5,-0.048602066117955367,1,Sideways,0.11237230419977298,0.75482406356413168,0.13280363223609534,0.02043132803632236,True,0,0
2023-06-13,25918.728515625,-0.015799989127393221,1,Sideways,0.11224489795918367,0.75510204081632648,0.1326530612244898,0.020408163265306131,True,0,0
2023-06-14,25124.67578125,-0.051047011696380151,0,Bear,0.88268792710706145,0.10478359908883828,0.012528473804100227,-0.87015945330296118,True,0,0
2023-06-15,25576.39453125,-0.042774206984259155,1,Sideways,0.11312217194570136,0.75452488687782804,0.13235294117647059,0.019230769230769232,True,0,0
2023-06-16,26327.462890625,-0.020131141444355793,1,Sideways,0.11312217194570136,0.75452488687782804,0.13235294117647059,0.019230769230769232,True,0,0
2023-06-17,26510.67578125,-0.056077423889858147,0,Bear,0.8816837315130831,0.10580204778156997,0.012514220705346985,-0.86916951080773608,True,0,0
2023-06-18,26336.212890625,-0.050806520927617838,0,Bear,0.8816837315130831,0.10580204778156997,0.012514220705346985,-0.86916951080773608,True,0,0
2023-06-19,26851.029296875,-0.030730978581394286,1,Sideways,0.11399548532731377,0.75395033860045146,0.13205417607223477,0.018058690744921002,True,0,0
2023-06-20,28327.48828125,0.040699632223810012,1,Sideways,0.11399548532731377,0.75395033860045146,0.13205417607223477,0.018058690744921002,True,1,1
2023-06-21,30027.296875,0.1195871546872207,2,Bull,0.0023006134969325155,0.095858895705521474,0.90184049079754602,0.89953987730061347,True,1,1
2023-06-22,29912.28125,0.097714916867297941,2,Bull,0.0023006134969325155,0.095858895705521474,0.90184049079754602,0.89953987730061347,True,1,1
2023-06-23,30695.46875,0.133714593060138,2,Bull,0.0022988505747126436,0.095785440613026823,0.90191570881226057,0.89961685823754789,True,1,1
2023-06-24,30548.6953125,0.12646559637685728,2,Bull,0.0022970903522205209,0.095712098009188368,0.90199081163859107,0.8996937212863706,True,1,1
2023-06-25,30480.26171875,0.18323548790409094,2,Bull,0.0022953328232593728,0.095638867635807187,0.90206579954093347,0.89977046671767413,True,1,1
2023-06-26,30271.130859375,0.11132463714099061,2,Bull,0.0022935779816513763,0.095565749235474007,0.90214067278287458,0.89984709480122316,True,1,1
2023-06-27,30688.1640625,0.16481311536952914,2,Bull,0.0022918258212375861,0.095492742551566076,0.90221543162719631,0.89992360580595876,True,1,1
2023-06-28,30086.24609375,0.13497812109703311,2,Bull,0.0022900763358778627,0.095419847328244281,0.90229007633587788,0.90000000000000002,True,1,1
2023-06-29,30445.3515625,0.14973264398634845,2,Bull,0.0022883295194508009,0.095347063310450036,0.90236460717009914,0.90007627765064835,True,1,1
2023-06-30,30477.251953125,0.1789473803503896,2,Bull,0.0022865853658536584,0.09527439024390244,0.90243902439024393,0.90015243902439024,True,1,1
2023-07-01,30590.078125,0.17925520612864676,2,Bull,0.002284843869002285,0.095201827875095207,0.90251332825590247,0.90022848438690017,True,1,1
2023-07-02,30620.76953125,0.18215498624650128,2,Bull,0.0022831050228310501,0.095129375951293754,0.9025875190258752,0.90030441400304417,True,1,1
2023-07-03,31156.439453125,0.20208209420236289,2,Bull,0.0022813688212927757,0.095057034220532313,0.90266159695817494,0.90038022813688212,True,1,1
2023-07-04,30777.58203125,0.2249941969089464,2,Bull,0.0022796352583586625,0.094984802431610948,0.90273556231003038,0.90045592705167177,True,1,1
2023-07-05,30514.166015625,0.19305971677680689,2,Bull,0.0022779043280182231,0.094912680334092642,0.90280941533788917,0.90053151100987094,True,1,1
2023-07-06,29909.337890625,0.1360508992028806,2,Bull,0.002276176024279211,0.094840667678300461,0.90288315629742033,0.90060698027314112,True,1,1
2023-07-07,30342.265625,0.14453007065402446,2,Bull,0.0022744503411675512,0.094768764215314633,0.90295678544351776,0.90068233510235018,True,1,1
2023-07-08,30292.541015625,0.15022388152126265,2,Bull,0.0022727272727272726,0.094696969696969696,0.90303030303030307,0.90075757575757576,True,1,1
2023-07-09,30171.234375,0.12365280456907524,2,Bull,0.0022710068130204391,0.094625283875851632,0.90310370931112793,0.90083270249810754,True,1,1
2023-07-10,30414.470703125,0.073673401649816395,2,Bull,0.0022692889561270802,0.094553706505295002,0.90317700453857797,0.90090771558245086,True,1,1
2023-07-11,30620.951171875,0.019770487478320442,1,Sideways,0.11373873873873874,0.7533783783783784,0.13288288288288289,0.019144144144144143,True,1,1
2023-07-12,30391.646484375,0.016025699623795742,1,Sideways,0.11373873873873874,0.7533783783783784,0.13288288288288289,0.019144144144144143,True,1,1
2023-07-13,31476.048828125,0.025429814559355668,1,Sideways,0.11361079865016872,0.75365579302587171,0.1327334083239595,0.019122609673790772,True,1,1
2023-07-14,30334.068359375,-0.0070257322261870758,1,Sideways,0.11348314606741573,0.75393258426966292,0.13258426966292136,0.019101123595505629,True,0,0
2023-07-15,30295.806640625,-0.0060516238287918744,1,Sideways,0.11335578002244669,0.75420875420875422,0.13243546576879911,0.019079685746352423,True,0,0
2023-07-16,30249.1328125,-0.00072670053118240041,1,Sideways,0.1132286995515695,0.75448430493273544,0.13228699551569506,0.01905829596412556,True,0,0
2023-07-17,30145.888671875,-0.017670506111756801,1,Sideways,0.11310190369540873,0.75475923852183646,0.13213885778275475,0.019036954087346014,True,0,0
2023-07-18,29856.5625,-0.0076341725396480431,1,Sideways,0.11297539149888143,0.75503355704697983,0.1319910514541387,0.019015659955257266,True,0,0
2023-07-19,29913.923828125,-0.017455135418096734,1,Sideways,0.11284916201117319,0.75530726256983238,0.13184357541899441,0.018994413407821223,True,0,0
2023-07-20,29792.015625,-0.022483533921592302,1,Sideways,0.11272321428571429,0.7555803571428571,0.13169642857142858,0.018973214285714288,True,0,0
2023-07-21,29908.744140625,-0.02227303838816197,1,Sideways,0.11259754738015608,0.7558528428093646,0.13154960981047936,0.018952062430323283,True,0,0
2023-07-22,29771.802734375,-0.027725194692072908,1,Sideways,0.11247216035634744,0.75612472160356348,0.13140311804008908,0.018930957683741645,True,0,0
2023-07-23,30084.5390625,-0.034403815372988311,1,Sideways,0.11234705228031146,0.75639599555061177,0.13125695216907676,0.018909899888765305,True,0,0
2023-07-24,29176.916015625,-0.052007529831283206,0,Bear,0.88081725312145287,0.10669693530079455,0.012485811577752554,-0.86833144154370034,True,0,0
2023-07-25,29227.390625,-0.042169770917746763,1,Sideways,0.11320754716981132,0.75582685904550495,0.1309655937846837,0.017758046614872375,True,0,0
2023-07-26,29354.97265625,-0.018534854780211107,1,Sideways,0.11320754716981132,0.75582685904550495,0.1309655937846837,0.017758046614872375,True,0,0
2023-07-27,29210.689453125,-0.037293727036080582,1,Sideways,0.1130820399113082,0.75609756097560976,0.13082039911308205,0.017738359201773843,True,0,0
2023-07-28,29319.24609375,-0.032129854057900586,1,Sideways,0.11295681063122924,0.75636766334440753,0.13067552602436322,0.01771871539313398,True,0,0
2023-07-29,29356.91796875,-0.026989827334500616,1,Sideways,0.11283185840707964,0.75663716814159288,0.13053097345132744,0.017699115044247801,True,0,0
2023-07-30,29275.30859375,-0.037454609041016607,1,Sideways,0.112707182320442,0.75690607734806625,0.13038674033149172,0.017679558011049729,True,0,0
2023-07-31,29230.111328125,-0.045421183553157274,1,Sideways,0.11258278145695365,0.75717439293598232,0.13024282560706402,0.017660044150110368,True,0,0
2023-08-01,29675.732421875,-0.023556277639254164,1,Sideways,0.11245865490628446,0.75744211686879825,0.13009922822491732,0.017640573318632863,True,0,0
2023-08-02,29151.958984375,-0.073836772094257874,0,Bear,0.8798185941043084,0.10770975056689343,0.012471655328798186,-0.86734693877551017,True,0,0
2023-08-03,29178.6796875,-0.038088813481489958,1,Sideways,0.11331133113311331,0.75687568756875689,0.12981298129812982,0.016501650165016507,True,0,0
2023-08-04,29074.091796875,-0.04032620283863797,1,Sideways,0.11331133113311331,0.75687568756875689,0.12981298129812982,0.016501650165016507,True,0,0
2023-08-05,29042.126953125,-0.039902164034144594,1,Sideways,0.11318681318681319,0.75714285714285712,0.12967032967032968,0.016483516483516494,True,0,0
2023-08-06,29041.85546875,-0.036623010691173352,1,Sideways,0.11306256860592755,0.75740944017563117,0.12952799121844127,0.016465422612513728,True,0,0
2023-08-07,29180.578125,-0.022641065092473434,1,Sideways,0.11293859649122807,0.75767543859649122,0.12938596491228072,0.016447368421052641,True,0,0
2023-08-08,29765.4921875,-0.0049619582331571488,1,Sideways,0.11281489594742607,0.75794085432639646,0.12924424972617743,0.016429353778751363,True,0,0
2023-08-09,29561.494140625,-0.0077376934570870803,1,Sideways,0.11269146608315099,0.75820568927789933,0.12910284463894967,0.016411378555798675,True,0,0
2023-08-10,29429.591796875,-0.016020476871149159,1,Sideways,0.11256830601092896,0.7584699453551913,0.12896174863387977,0.01639344262295081,True,0,0
2023-08-11,29397.71484375,-0.012565174301422899,1,Sideways,0.11244541484716157,0.75873362445414849,0.12882096069868995,0.016375545851528381,True,0,0
2023-08-12,29415.96484375,-0.022223183056288565,1,Sideways,0.11232279171210469,0.75899672846237731,0.128680479825518,0.016357688113413316,True,0,0
2023-08-13,29282.9140625,0.0036329421114360549,1,Sideways,0.11220043572984749,0.7592592592592593,0.12854030501089325,0.016339869281045763,True,1,1
2023-08-14,29408.443359375,0.0061946253327225254,1,Sideways,0.11207834602829161,0.75952121871599565,0.12840043525571274,0.016322089227421122,True,1,1
2023-08-15,29170.34765625,-0.0062893943783215445,1,Sideways,0.11195652173913044,0.75978260869565217,0.1282608695652174,0.01630434782608696,True,0,0
2023-08-16,28701.779296875,-0.017422052193141746,1,Sideways,0.11183496199782844,0.76004343105320304,0.12812160694896851,0.016286644951140072,True,0,0
2023-08-17,26664.55078125,-0.090544460250152947,0,Bear,0.87882219705549269,0.1087202718006795,0.01245753114382786,-0.86636466591166483,True,0,0
2023-08-18,26049.556640625,-0.11266037298757436,0,Bear,0.87882219705549269,0.1087202718006795,0.01245753114382786,-0.86636466591166483,True,0,0
2023-08-19,26096.205078125,-0.10859333917674596,0,Bear,0.87895927601809953,0.10859728506787331,0.012443438914027148,-0.86651583710407243,True,0,0
2023-08-20,26189.583984375,-0.10402038191433183,0,Bear,0.87909604519774009,0.10847457627118644,0.012429378531073447,-0.8666666666666667,True,0,0
2023-08-21,26124.140625,-0.11968000473872042,0,Bear,0.87923250564334088,0.10835214446952596,0.012415349887133182,-0.86681715575620766,True,0,0
2023-08-22,26031.65625,-0.10703578226243504,0,Bear,0.87936865839909806,0.10822998872604284,0.012401352874859075,-0.86696730552423895,True,0,0
2023-08-23,26431.640625,-0.094145420283592074,0,Bear,0.87950450450450446,0.10810810810810811,0.012387387387387387,-0.86711711711711703,True,0,0
2023-08-24,26162.373046875,-0.10014822716880056,0,Bear,0.87964004499437576,0.10798650168728909,0.012373453318335208,-0.86726659167604059,True,0,0
2023-08-25,26047.66796875,-0.10310742698729192,0,Bear,0.87977528089887636,0.10786516853932585,0.012359550561797753,-0.86741573033707864,True,0,0
2023-08-26,26008.462890625,-0.10444899367359739,0,Bear,0.87991021324354657,0.10774410774410774,0.012345679012345678,-0.86756453423120083,True,0,0
2023-08-27,26089.693359375,-0.10592267063334615,0,Bear,0.8800448430493274,0.10762331838565023,0.012331838565022421,-0.86771300448430499,True,0,0
2023-08-28,26106.150390625,-0.12293906560737933,0,Bear,0.88017917133258683,0.10750279955207166,0.012318029115341545,-0.86786114221724531,True,0,0
2023-08-29,27727.392578125,-0.062043601509961577,0,Bear,0.88031319910514538,0.10738255033557047,0.012304250559284116,-0.8680089485458613,True,0,0
2023-08-30,27297.265625,-0.072455173234901027,0,Bear,0.88044692737430164,0.10726256983240223,0.012290502793296089,-0.8681564245810055,True,0,0
2023-08-31,25931.47265625,-0.11790855874081407,0,Bear,0.8805803571428571,0.10714285714285714,0.012276785714285714,-0.8683035714285714,True,0,0
2023-09-01,25800.724609375,-0.12290061718451939,0,Bear,0.88071348940914163,0.10702341137123746,0.012263099219620958,-0.86845039018952064,True,0,0
2023-09-02,25868.798828125,-0.11659069268475408,0,Bear,0.88084632516703787,0.10690423162583519,0.012249443207126948,-0.86859688195991092,True,0,0
2023-09-03,25969.56640625,-0.11693502138489542,0,Bear,0.88097886540600667,0.10678531701890991,0.012235817575083427,-0.86874304783092327,True,0,0
2023-09-04,25812.416015625,-0.1151145567476819,0,Bear,0.88111111111111107,0.10666666666666667,0.012222222222222223,-0.86888888888888882,True,0,0
2023-09-05,25779.982421875,-0.10179845802514831,0,Bear,0.88124306326304103,0.10654827968923418,0.012208657047724751,-0.86903440621531625,True,0,0
2023-09-06,25753.236328125,-0.034177003790583971,1,Sideways,0.11267605633802817,0.75947995666305523,0.12784398699891658,0.01516793066088841,True,0,0
2023-09-07,26240.1953125,0.0073183077357137361,1,Sideways,0.11267605633802817,0.75947995666305523,0.12784398699891658,0.01516793066088841,True,1,1
2023-09-08,25905.654296875,-0.0073018579015432516,1,Sideways,0.11255411255411256,0.75974025974025972,0.12770562770562771,0.015151515151515152,True,0,0
2023-09-09,25895.677734375,-0.011222257297990978,1,Sideways,0.11243243243243244,0.76000000000000001,0.12756756756756757,0.015135135135135133,True,0,0
2023-09-10,25832.2265625,-0.011174111588598934,1,Sideways,0.11231101511879049,0.76025917926565878,0.12742980561555076,0.015118790496760265,True,0,0
2023-09-11,25162.654296875,-0.0333825072357814,1,Sideways,0.1121898597626753,0.76051779935275077,0.12729234088457389,0.015102481121898589,True,0,0
2023-09-12,25833.34375,-0.022635631419493096,1,Sideways,0.11206896551724138,0.76077586206896552,0.12715517241379309,0.015086206896551713,True,0,0
2023-09-13,26228.32421875,0.0025208405887660046,1,Sideways,0.11194833153928956,0.76103336921420883,0.12701829924650163,0.01506996770721207,True,1,1
2023-09-14,26539.673828125,0.01888867210551326,1,Sideways,0.11182795698924732,0.76129032258064511,0.12688172043010754,0.015053763440860221,True,1,1
2023-09-15,26608.693359375,0.023078275378063839,1,Sideways,0.11170784103114931,0.76154672395273904,0.12674543501611171,0.015037593984962405,True,1,1
2023-09-16,26568.28125,0.018343944638698595,1,Sideways,0.11158798283261803,0.7618025751072961,0.12660944206008584,0.015021459227467809,True,1,1
2023-09-17,26534.1875,0.016396025571380868,1,Sideways,0.11146838156484459,0.76205787781350487,0.12647374062165059,0.015005359056806,True,1,1
2023-09-18,26754.28125,-0.035095666690733718,1,Sideways,0.11134903640256959,0.76231263383297643,0.12633832976445397,0.014989293361884384,True,0,0
2023-09-19,27211.1171875,-0.0031559365206565992,1,Sideways,0.11122994652406418,0.7625668449197861,0.12620320855614972,0.014973262032085544,True,0,0
2023-09-20,27132.0078125,0.04629645111808367,1,Sideways,0.1111111111111111,0.76282051282051277,0.12606837606837606,0.01495726495726496,True,1,1
2023-09-21,26567.6328125,0.029724289326600317,1,Sideways,0.11099252934898612,0.76307363927427962,0.12593383137673425,0.014941302027748127,True,1,1
2023-09-22,26579.568359375,0.027475938715687098,1,Sideways,0.11087420042643924,0.76332622601279321,0.1257995735607676,0.01492537313432836,True,1,1
2023-09-23,26579.390625,0.02348226417069621,1,Sideways,0.11075612353567625,0.76357827476038342,0.12566560170394037,0.014909478168264115,True,1,1
2023-09-24,26256.826171875,0.017216914371013692,1,Sideways,0.11063829787234042,0.7638297872340426,0.12553191489361701,0.014893617021276589,True,1,1
2023-09-25,26298.48046875,0.020112428254995374,1,Sideways,0.11052072263549416,0.76408076514346435,0.12539851222104145,0.014877789585547294,True,1,1
2023-09-26,26217.25,0.018017683912147975,1,Sideways,0.11040339702760085,0.76433121019108285,0.12526539278131635,0.014861995753715496,True,1,1
2023-09-27,26352.716796875,0.0042881344073455452,1,Sideways,0.11028632025450689,0.76458112407211032,0.12513255567338283,0.014846235418875933,True,1,1
2023-09-28,27021.546875,0.04307525165498749,1,Sideways,0.11016949152542373,0.76483050847457623,0.125,0.014830508474576273,True,1,1
2023-09-29,26911.720703125,0.039236006069123253,1,Sideways,0.11005291005291006,0.76507936507936503,0.12486772486772486,0.014814814814814808,True,1,1
2023-09-30,26967.916015625,0.043964055919734513,1,Sideways,0.10993657505285412,0.76532769556025371,0.12473572938689217,0.014799154334038056,True,1,1
2023-10-01,27983.75,0.11211439261697276,2,Bull,0.0022658610271903325,0.095166163141993956,0.90256797583081572,0.90030211480362543,True,1,1
2023-10-02,27530.78515625,0.06570738277928112,2,Bull,0.0022658610271903325,0.095166163141993956,0.90256797583081572,0.90030211480362543,True,1,1
2023-10-03,27429.978515625,0.045815138125216759,1,Sideways,0.10970464135021098,0.76476793248945152,0.12552742616033755,0.015822784810126569,True,1,1
2023-10-04,27799.39453125,0.047465568389541746,1,Sideways,0.10970464135021098,0.76476793248945152,0.12552742616033755,0.015822784810126569,True,1,1
2023-10-05,27415.912109375,0.030336654983308176,1,Sideways,0.1095890410958904,0.76501580611169651,0.12539515279241306,0.015806111696522657,True,1,1
2023-10-06,27946.59765625,0.051878267671153999,2,Bull,0.0022624434389140274,0.095776772247360489,0.90196078431372551,0.89969834087481149,True,1,1
2023-10-07,27968.83984375,0.054068071379611782,2,Bull,0.0022624434389140274,0.095776772247360489,0.90196078431372551,0.89969834087481149,True,1,1
2023-10-08,27935.08984375,0.044135313623870909,1,Sideways,0.10935856992639327,0.76445846477392221,0.12618296529968454,0.016824395373291265,True,1,1
2023-10-09,27583.677734375,0.013691482944557132,1,Sideways,0.10935856992639327,0.76445846477392221,0.12618296529968454,0.016824395373291265,True,1,1
2023-10-10,27391.01953125,0.0095463527999821718,1,Sideways,0.1092436974789916,0.76470588235294112,0.12605042016806722,0.016806722689075626,True,1,1
2023-10-11,26873.3203125,0.0115060119265189,1,Sideways,0.10912906610703044,0.76495278069254979,0.12591815320041971,0.016789087093389277,True,1,1
2023-10-12,26756.798828125,0.006667921252659692,1,Sideways,0.1090146750524109,0.76519916142557654,0.12578616352201258,0.016771488469601678,True,1,1
2023-10-13,26862.375,0.010646759325393607,1,Sideways,0.10890052356020942,0.76544502617801047,0.1256544502617801,0.016753926701570679,True,1,1
2023-10-14,26861.70703125,0.023037089685383094,1,Sideways,0.10878661087866109,0.76569037656903771,0.12552301255230125,0.016736401673640156,True,1,1
2023-10-15,27159.65234375,0.032746069721530713,1,Sideways,0.10867293625914315,0.76593521421107624,0.12539184952978055,0.016718913270637403,True,1,1
2023-10-16,28519.466796875,0.087813054262937618,2,Bull,0.0022590361445783132,0.096385542168674704,0.90135542168674698,0.89909638554216864,True,1,1
2023-10-17,28415.748046875,0.078285334521738692,2,Bull,0.0022590361445783132,0.096385542168674704,0.90135542168674698,0.89909638554216864,True,1,1
2023-10-18,28328.341796875,0.048361218101989234,1,Sideways,0.10844629822732013,0.76538060479666314,0.1261730969760167,0.017726798748696565,True,1,1
2023-10-19,28719.806640625,0.06718581682107172,2,Bull,0.002255639097744361,0.096992481203007519,0.90075187969924808,0.89849624060150368,True,1,1
2023-10-20,29682.94921875,0.10067641865807997,2,Bull,0.002255639097744361,0.096992481203007519,0.90075187969924808,0.89849624060150368,True,1,1
2023-10-21,29918.412109375,0.069135198441059531,2,Bull,0.0022539444027047332,0.096919609316303529,0.90082644628099173,0.89857250187828697,True,1,1
2023-10-22,29993.896484375,0.08946752931838664,2,Bull,0.0022522522522522522,0.096846846846846843,0.90090090090090091,0.89864864864864868,True,1,1
2023-10-23,33086.234375,0.20620708310628144,2,Bull,0.0022505626406601649,0.096774193548387094,0.90097524381095273,0.89872468117029258,True,1,1
2023-10-24,33901.52734375,0.21950596102517417,2,Bull,0.0022488755622188904,0.096701649175412296,0.90104947526236878,0.89880059970014992,True,1,1
2023-10-25,34502.8203125,0.25849616729335811,2,Bull,0.0022471910112359553,0.09662921348314607,0.90112359550561794,0.898876404494382,True,1,1
2023-10-26,34156.6484375,0.22221133526288761,2,Bull,0.0022455089820359281,0.096556886227544908,0.90119760479041922,0.89895209580838331,True,1,1
2023-10-27,33909.80078125,0.21241356347598317,2,Bull,0.002243829468960359,0.09648466716529544,0.90127150336574424,0.89902767389678384,True,1,1
2023-10-28,34089.57421875,0.220313749102796,2,Bull,0.002242152466367713,0.09641255605381166,0.90134529147982068,0.89910313901345296,True,1,1
2023-10-29,34538.48046875,0.25213471536857002,2,Bull,0.0022404779686333084,0.096340552651232259,0.90141896938013444,0.89917849141150108,True,1,1
2023-10-30,34502.36328125,0.2596231856899951,2,Bull,0.0022388059701492539,0.096268656716417905,0.90149253731343282,0.89925373134328357,True,1,1
2023-10-31,34667.78125,0.29004458127470167,2,Bull,0.0022371364653243847,0.096196868008948541,0.90156599552572703,0.89932885906040261,True,1,1
2023-11-01,35437.25390625,0.3244205382671066,2,Bull,0.0022354694485842027,0.096125186289120715,0.90163934426229508,0.89940387481371087,True,1,1
2023-11-02,34938.2421875,0.30063861395353175,2,Bull,0.0022338049143708115,0.096053611317944904,0.90171258376768426,0.8994787788533134,True,1,1
2023-11-03,34732.32421875,0.29300510121503409,2,Bull,0.002232142857142857,0.095982142857142863,0.9017857142857143,0.8995535714285714,True,1,1
2023-11-04,35082.1953125,0.29170266498544262,2,Bull,0.0022304832713754648,0.095910780669144977,0.90185873605947953,0.8996282527881041,True,1,1
2023-11-05,35049.35546875,0.22896250895512904,2,Bull,0.0022288261515601782,0.095839524517087674,0.90193164933135217,0.899702823179792,True,1,1
2023-11-06,35037.37109375,0.23302652585291384,2,Bull,0.0022271714922048997,0.095768374164810696,0.90200445434298437,0.89977728285077951,True,1,1
2023-11-07,35443.5625,0.25116968561534048,2,Bull,0.002225519287833828,0.095697329376854601,0.90207715133531152,0.89985163204747765,True,1,1
2023-11-08,35655.27734375,0.24148737454640723,2,Bull,0.002223869532987398,0.095626389918458121,0.90214974054855446,0.89992587101556709,True,1,1
2023-11-09,36693.125,0.23616843897781692,2,Bull,0.0022222222222222222,0.09555555555555556,0.90222222222222226,0.90000000000000002,True,1,1
2023-11-10,37313.96875,0.2471908139238308,2,Bull,0.0022205773501110288,0.095484826054774236,0.90229459659511468,0.90007401924500363,True,1,1
2023-11-11,37138.05078125,0.23818693581864792,2,Bull,0.0022189349112426036,0.095414201183431954,0.90236686390532539,0.9001479289940828,True,1,1
2023-11-12,37054.51953125,0.1199376487294801,2,Bull,0.0022172949002217295,0.095343680709534362,0.90243902439024393,0.90022172949002222,True,1,1
2023-11-13,36502.35546875,0.07671713721415796,2,Bull,0.0022156573116691287,0.095273264401772528,0.9025110782865583,0.90029542097488913,True,1,1
2023-11-14,35537.640625,0.029992339847218163,1,Sideways,0.10833333333333334,0.76458333333333328,0.12708333333333333,0.018749999999999989,True,1,1
2023-11-15,37880.58203125,0.10902514632148619,2,Bull,0.0022123893805309734,0.095870206489675522,0.90191740412979349,0.89970501474926257,True,1,1
2023-11-16,36154.76953125,0.066204126779810801,2,Bull,0.0022123893805309734,0.095870206489675522,0.90191740412979349,0.89970501474926257,True,1,1
2023-11-17,36596.68359375,0.073544754736802664,2,Bull,0.0022107590272660281,0.09579955784819455,0.90198968312453942,0.89977892409727345,True,1,1
2023-11-18,36585.703125,0.059273674709062529,2,Bull,0.0022091310751104565,0.095729013254786458,0.90206185567010311,0.89985272459499266,True,1,1
2023-11-19,37386.546875,0.083593798205625625,2,Bull,0.0022075055187637969,0.095658572479764531,0.90213392200147169,0.89992641648270788,True,1,1
2023-11-20,37476.95703125,0.081031311493290348,2,Bull,0.0022058823529411764,0.095588235294117641,0.90220588235294119,0.90000000000000002,True,1,1
2023-11-21,35813.8125,0.010626065855616096,1,Sideways,0.10822060353798127,0.76378772112382931,0.12799167533818939,0.019771071800208123,True,1,1
2023-11-22,37432.33984375,0.071385894083198176,2,Bull,0.0022026431718061676,0.096182085168869308,0.90161527165932454,0.89941262848751835,True,1,1
2023-11-23,37289.62109375,0.073628728641760732,2,Bull,0.0022026431718061676,0.096182085168869308,0.90161527165932454,0.89941262848751835,True,1,1
2023-11-24,37720.28125,0.075197287798008272,2,Bull,0.0022010271460014674,0.096111518708730748,0.90168745414526774,0.89948642699926629,True,1,1
2023-11-25,37796.79296875,0.078387675415304336,2,Bull,0.0021994134897360706,0.096041055718475071,0.90175953079178883,0.89956011730205276,True,1,1
2023-11-26,37479.12109375,0.069689874661731155,2,Bull,0.0021978021978021978,0.095970695970695977,0.90183150183150185,0.89963369963369966,True,1,1
2023-11-27,37254.16796875,0.051084184010848244,2,Bull,0.0021961932650073207,0.095900439238653004,0.9019033674963397,0.8997071742313324,True,1,1
2023-11-28,37831.0859375,0.061023465692699119,2,Bull,0.0021945866861741038,0.095830285296269205,0.90197512801755675,0.89978054133138263,True,1,1
2023-11-29,37858.4921875,0.031759823877088644,1,Sideways,0.10810810810810811,0.76299376299376298,0.12889812889812891,0.020790020790020791,True,1,1
2023-11-30,37712.74609375,0.010687079319323223,1,Sideways,0.10810810810810811,0.76299376299376298,0.12889812889812891,0.020790020790020791,True,1,1
2023-12-01,38688.75,0.041754997532958971,1,Sideways,0.10799584631360332,0.76323987538940807,0.12876427829698858,0.020768431983385266,True,1,1
2023-12-02,39476.33203125,0.065358086695944229,2,Bull,0.0021913805697589481,0.096420745069393715,0.90138787436084733,0.89919649379108835,True,1,1
2023-12-03,39978.390625,0.095227694531271112,2,Bull,0.0021913805697589481,0.096420745069393715,0.90138787436084733,0.89919649379108835,True,1,1
2023-12-04,41980.09765625,0.18128544602136198,2,Bull,0.0021897810218978104,0.096350364963503646,0.90145985401459849,0.89927007299270068,True,1,1
2023-12-05,44080.6484375,0.16367400060366522,2,Bull,0.0021881838074398249,0.096280087527352301,0.90153172866520792,0.89934354485776813,True,1,1
2023-12-06,43746.4453125,0.20997715874493994,2,Bull,0.0021865889212827989,0.096209912536443148,0.90160349854227406,0.8994169096209913,True,1,1
2023-12-07,43292.6640625,0.18296686506024118,2,Bull,0.0021849963583394027,0.096139839766933716,0.9016751638747269,0.89949016751638755,True,1,1
2023-12-08,44166.6015625,0.2072093137474722,2,Bull,0.0021834061135371178,0.09606986899563319,0.90174672489082974,0.89956331877729268,True,1,1
2023-12-09,43725.984375,0.16956467044671397,2,Bull,0.0021818181818181819,0.096000000000000002,0.90181818181818185,0.89963636363636368,True,1,1
2023-12-10,43779.69921875,0.16817646593464053,2,Bull,0.0021802325581395349,0.095930232558139539,0.90188953488372092,0.89970930232558144,True,1,1
2023-12-11,41243.83203125,0.15161802534287583,2,Bull,0.0021786492374727671,0.09586056644880174,0.90196078431372551,0.89978213507625271,True,1,1
2023-12-12,41450.22265625,0.10733720705869421,2,Bull,0.0021770682148040637,0.09579100145137881,0.90203193033381712,0.89985486211901311,True,1,1
2023-12-13,42890.7421875,0.1502058999116187,2,Bull,0.0021754894851341551,0.09572153734590283,0.90210297316896304,0.89992748368382891,True,1,1
2023-12-14,43023.97265625,0.14060582876088712,2,Bull,0.0021739130434782609,0.095652173913043481,0.90217391304347827,0.90000000000000002,True,1,1
2023-12-15,41929.7578125,0.10934697150541561,2,Bull,0.0021723388848660392,0.095582910934105716,0.90224475018102823,0.90007241129616222,True,1,1
2023-12-16,42240.1171875,0.12703062277903676,2,Bull,0.0021707670043415342,0.095513748191027495,0.90231548480463097,0.90014471780028948,True,1,1
2023-12-17,41364.6640625,0.11033654267082316,2,Bull,0.0021691973969631237,0.095444685466377438,0.90238611713665939,0.90021691973969631,True,1,1
2023-12-18,42623.5390625,0.12668029495419497,2,Bull,0.002167630057803468,0.095375722543352595,0.9024566473988439,0.90028901734104039,True,1,1
2023-12-19,42270.52734375,0.11654017107703907,2,Bull,0.0021660649819494585,0.095306859205776168,0.90252707581227432,0.90036101083032483,True,1,1
2023-12-20,43652.25,0.15749327538983793,2,Bull,0.0021645021645021645,0.095238095238095233,0.90259740259740262,0.90043290043290047,True,1,1
2023-12-21,43869.15234375,0.13389944993699721,2,Bull,0.0021629416005767843,0.095169430425378509,0.90266762797404465,0.90050468637346781,True,1,1
2023-12-22,43997.90234375,0.11453876487107939,2,Bull,0.0021613832853025938,0.095100864553314124,0.9027377521613833,0.90057636887608072,True,1,1
2023-12-23,43739.54296875,0.094079633645832939,2,Bull,0.0021598272138228943,0.095032397408207347,0.90280777537796975,0.90064794816414684,True,1,1
2023-12-24,43016.1171875,0.024678826136455001,1,Sideways,0.10777202072538861,0.76269430051813469,0.12953367875647667,0.021761658031088066,True,1,1
2023-12-25,43613.140625,-0.01060573809758858,1,Sideways,0.10777202072538861,0.76269430051813469,0.12953367875647667,0.021761658031088066,True,0,0
2023-12-26,42520.40234375,-0.028026116407672386,1,Sideways,0.10766045548654245,0.76293995859213248,0.12939958592132506,0.021739130434782608,True,0,0
2023-12-27,43442.85546875,0.0034692114588552592,1,Sideways,0.10754912099276112,0.76318510858324717,0.12926577042399173,0.021716649431230611,True,1,1
2023-12-28,42627.85546875,-0.034839585553634311,1,Sideways,0.10743801652892562,0.76342975206611574,0.12913223140495866,0.021694214876033041,True,0,0
2023-12-29,42099.40234375,-0.037199437691332715,1,Sideways,0.10732714138286893,0.76367389060887514,0.12899896800825594,0.021671826625387011,True,0,0
2023-12-30,42156.90234375,-0.037067337235267894,1,Sideways,0.10721649484536082,0.76391752577319583,0.12886597938144329,0.021649484536082467,True,0,0
2023-12-31,42265.1875,0.024763835425770653,1,Sideways,0.10710607621009269,0.76416065911431519,0.12873326467559218,0.021627188465499492,True,1,1
2024-01-01,44167.33203125,0.065551140642432948,2,Bull,0.0021567217828900071,0.095614665708123658,0.90222861250898634,0.90007189072609628,True,1,1
2024-01-02,44957.96875,0.048197500371128355,1,Sideways,0.10688591983556012,0.76361767728674201,0.12949640287769784,0.022610483042137725,True,1,1
2024-01-03,42848.17578125,-0.0040860214468005918,1,Sideways,0.10688591983556012,0.76361767728674201,0.12949640287769784,0.022610483042137725,True,0,0
2024-01-04,44179.921875,0.053665086084260238,2,Bull,0.0021551724137931034,0.096264367816091947,0.90158045977011492,0.89942528735632177,True,1,1
2024-01-05,44162.69140625,0.045515361858866843,1,Sideways,0.10666666666666667,0.7630769230769231,0.13025641025641024,0.02358974358974357,True,1,1
2024-01-06,43989.1953125,0.063448629633120257,2,Bull,0.0021536252692031586,0.096913137114142137,0.90093323761665467,0.89877961234745152,True,1,1
2024-01-07,43943.09765625,0.030958447439455972,1,Sideways,0.10655737704918032,0.76229508196721307,0.13114754098360656,0.024590163934426243,True,1,1
2024-01-08,46970.50390625,0.11118802763635083,2,Bull,0.002152080344332855,0.097560975609756101,0.90028694404591103,0.89813486370157813,True,1,1
2024-01-09,46139.73046875,0.056984014999226895,2,Bull,0.002152080344332855,0.097560975609756101,0.90028694404591103,0.89813486370157813,True,1,1
2024-01-10,46627.77734375,0.062883024918830355,2,Bull,0.0021505376344086021,0.097491039426523304,0.90035842293906809,0.89820788530465945,True,1,1
2024-01-11,46368.5859375,0.053881741343670297,2,Bull,0.0021489971346704871,0.097421203438395415,0.90042979942693413,0.89828080229226359,True,1,1
2024-01-12,42853.16796875,-0.02026484365950687,1,Sideways,0.10644831115660185,0.76151484135107472,0.13203684749232344,0.025588536335721598,True,0,0
2024-01-13,42842.3828125,-0.0040388204784435056,1,Sideways,0.10644831115660185,0.76151484135107472,0.13203684749232344,0.025588536335721598,True,0,0
2024-01-14,41796.26953125,-0.041658799795503132,1,Sideways,0.10633946830265849,0.76175869120654394,0.13190184049079753,0.025562372188139046,True,0,0
2024-01-15,42511.96875,-0.00019834228476534044,1,Sideways,0.10623084780388151,0.76200204290091933,0.13176710929519919,0.025536261491317686,True,0,0
2024-01-16,43154.9453125,-0.0066273303893917834,1,Sideways,0.10612244897959183,0.76224489795918371,0.13163265306122449,0.025510204081632654,True,0,0
2024-01-17,42742.65234375,0.0026930014127535262,1,Sideways,0.10601427115188583,0.76248725790010197,0.13149847094801223,0.0254841997961264,True,1,1
2024-01-18,41262.05859375,-0.01988968259366064,1,Sideways,0.10590631364562118,0.7627291242362525,0.13136456211812628,0.025458248472505093,True,0,0
2024-01-19,41618.40625,-0.012773616271875676,1,Sideways,0.10579857578840285,0.76297049847405896,0.13123092573753814,0.025432349949135291,True,0,0
2024-01-20,41665.5859375,-0.014186653318407738,1,Sideways,0.10569105691056911,0.76321138211382111,0.13109756097560976,0.02540650406504065,True,0,0
2024-01-21,41545.78515625,-0.05935488412895662,0,Bear,0.88039867109634551,0.10741971207087486,0.012181616832779624,-0.86821705426356588,True,0,0
2024-01-22,39507.3671875,-0.12123771856351939,0,Bear,0.88039867109634551,0.10741971207087486,0.012181616832779624,-0.86821705426356588,True,0,0
2024-01-23,39845.55078125,-0.070075912107182892,0,Bear,0.88053097345132747,0.10730088495575221,0.012168141592920354,-0.86836283185840712,True,0,0
2024-01-24,40077.07421875,-0.092866792925943797,0,Bear,0.88066298342541438,0.10718232044198896,0.012154696132596685,-0.8685082872928177,True,0,0
2024-01-25,39933.80859375,-0.095756908780734284,0,Bear,0.88079470198675491,0.10706401766004416,0.012141280353200883,-0.86865342163355408,True,0,0
2024-01-26,41816.87109375,-0.049383131546684833,1,Sideways,0.10649087221095335,0.76267748478701824,0.1308316430020284,0.02434077079107505,True,0,0
2024-01-27,42120.0546875,-0.041486446472457805,1,Sideways,0.10649087221095335,0.76267748478701824,0.1308316430020284,0.02434077079107505,True,0,0
2024-01-28,42035.59375,-0.10506402413948446,0,Bear,0.87995594713656389,0.10792951541850221,0.012114537444933921,-0.86784140969162993,True,0,0
2024-01-29,43288.24609375,-0.061801062685688746,0,Bear,0.87995594713656389,0.10792951541850221,0.012114537444933921,-0.86784140969162993,True,0,0
2024-01-30,42952.609375,-0.078819282799089341,0,Bear,0.88008800880088012,0.10781078107810781,0.012101210121012101,-0.86798679867986805,True,0,0
2024-01-31,42582.60546875,-0.081649685712932962,0,Bear,0.8802197802197802,0.1076923076923077,0.012087912087912088,-0.86813186813186816,True,0,0
2024-02-01,43075.7734375,0.0051946093906600765,1,Sideways,0.10728744939271255,0.76214574898785425,0.13056680161943321,0.023279352226720659,True,1,1
2024-02-02,43185.859375,0.0080172142619430176,1,Sideways,0.10728744939271255,0.76214574898785425,0.13056680161943321,0.023279352226720659,True,1,1
2024-02-03,42992.25,0.02861452665903097,1,Sideways,0.10717896865520728,0.76238624873609706,0.13043478260869565,0.023255813953488372,True,1,1
2024-02-04,42583.58203125,0.0016845439850394772,1,Sideways,0.10707070707070707,0.76262626262626265,0.13030303030303031,0.023232323232323243,True,1,1
2024-02-05,42658.66796875,-0.011499895090963053,1,Sideways,0.10696266397578204,0.7628657921291625,0.1301715438950555,0.023208879919273465,True,0,0
2024-02-06,43084.671875,0.0080018321862520558,1,Sideways,0.10685483870967742,0.76310483870967738,0.13004032258064516,0.023185483870967735,True,1,1
2024-02-07,44318.22265625,0.074067173734344793,2,Bull,0.0021459227467811159,0.097997138769670963,0.89985693848354797,0.89771101573676682,True,1,1
2024-02-08,45301.56640625,0.088498346960366847,2,Bull,0.0021459227467811159,0.097997138769670963,0.89985693848354797,0.89771101573676682,True,1,1
2024-02-09,47147.19921875,0.13156213114277659,2,Bull,0.0021443888491779841,0.097927090779127951,0.89992852037169402,0.89778413152251602,True,1,1
2024-02-10,47771.27734375,0.14984654072817438,2,Bull,0.002142857142857143,0.097857142857142851,0.90000000000000002,0.89785714285714291,True,1,1
2024-02-11,48293.91796875,0.22240284298241053,2,Bull,0.0021413276231263384,0.097787294789436111,0.90007137758743749,0.89793004996431114,True,1,1
2024-02-12,49958.22265625,0.25379676467563583,2,Bull,0.0021398002853067048,0.097717546362339522,0.90014265335235377,0.89800285306704708,True,1,1
2024-02-13,49742.44140625,0.24116948095422774,2,Bull,0.0021382751247327157,0.097647897362794014,0.90021382751247325,0.89807555238774051,True,1,1
2024-02-14,51826.6953125,0.29781498778985349,2,Bull,0.002136752136752137,0.097578347578347574,0.90028490028490027,0.89814814814814814,True,1,1
2024-02-15,51938.5546875,0.24204784645551358,2,Bull,0.0021352313167259788,0.097508896797153022,0.90035587188612098,0.89822064056939499,True,1,1
2024-02-16,52160.203125,0.23836978636401485,2,Bull,0.0021337126600284497,0.097439544807965864,0.90042674253200572,0.89829302987197723,True,1,1
2024-02-17,51662.99609375,0.22902976941416453,2,Bull,0.0021321961620469083,0.097370291400142153,0.90049751243781095,0.89836531627576399,True,1,1
2024-02-18,52122.546875,0.20408082050997001,2,Bull,0.002130681818181818,0.097301136363636367,0.90056818181818177,0.8984375,True,1,1
2024-02-19,51779.14453125,0.20549473675020469,2,Bull,0.0021291696238466998,0.097232079488999285,0.90063875088715406,0.89850958126330738,True,1,1
2024-02-20,52284.875,0.22784584044229472,2,Bull,0.0021276595744680851,0.097163120567375888,0.900709219858156,0.89858156028368796,True,1,1
2024-02-21,51839.1796875,0.20344164598031189,2,Bull,0.0021261516654854712,0.097094259390503188,0.90077958894401133,0.89865343727852587,True,1,1
2024-02-22,51304.97265625,0.18800397627261534,2,Bull,0.002124645892351275,0.097025495750708221,0.90084985835694054,0.89872521246458925,True,1,1
2024-02-23,50731.94921875,0.1800254515348696,2,Bull,0.0021231422505307855,0.096956829440905876,0.90092002830856333,0.89879688605803254,True,1,1
2024-02-24,51571.1015625,0.21105597750453442,2,Bull,0.0021216407355021216,0.096888260254596889,0.90099009900990101,0.89886845827439887,True,1,1
2024-02-25,51733.23828125,0.21272512116758224,2,Bull,0.0021201413427561835,0.096819787985865727,0.90106007067137805,0.89893992932862188,True,1,1
2024-02-26,54522.40234375,0.26547098935635094,2,Bull,0.0021186440677966102,0.096751412429378528,0.90112994350282483,0.89901129943502822,True,1,1
2024-02-27,57085.37109375,0.28807898133747711,2,Bull,0.0021171489061397319,0.096683133380381092,0.90119971771347918,0.89908256880733939,True,1,1
2024-02-28,62504.7890625,0.37974895839090839,2,Bull,0.0021156558533145277,0.096614950634696758,0.90126939351198876,0.89915373765867423,True,1,1
2024-02-29,61198.3828125,0.29802795980640084,2,Bull,0.0021141649048625794,0.09654686398872446,0.90133897110641292,0.89922480620155032,True,1,1
2024-03-01,62440.6328125,0.30707480068395565,2,Bull,0.002112676056338028,0.096478873239436616,0.90140845070422537,0.89929577464788735,True,1,1
2024-03-02,62029.84765625,0.28442359338888679,2,Bull,0.00211118930330753,0.096410978184377202,0.90147783251231528,0.89936664320900772,True,1,1
2024-03-03,63167.37109375,0.26440389059452407,2,Bull,0.0021097046413502108,0.096343178621659628,0.90154711673699017,0.89943741209563999,True,1,1
2024-03-04,68330.4140625,0.37368436551878759,2,Bull,0.0021082220660576245,0.096275474349964862,0.90161630358397749,0.89950808151791983,True,1,1
2024-03-05,63801.19921875,0.23104895718407659,2,Bull,0.0021067415730337078,0.096207865168539325,0.901685393258427,0.8995786516853933,True,1,1
2024-03-06,66106.8046875,0.2727886843453089,2,Bull,0.0021052631578947368,0.096140350877192984,0.90175438596491231,0.89964912280701759,True,1,1
2024-03-07,66925.484375,0.2830756087091062,2,Bull,0.0021037868162692847,0.096072931276297333,0.90182328190743333,0.899719495091164,True,1,1
2024-03-08,68300.09375,0.32203121990949901,2,Bull,0.0021023125437981782,0.096005606166783455,0.90189208128941833,0.89978976874562011,True,1,1
2024-03-09,68498.8828125,0.31418909702884701,2,Bull,0.0021008403361344537,0.095938375350140062,0.90196078431372551,0.89985994397759106,True,1,1
2024-03-10,69019.7890625,0.3329650322987634,2,Bull,0.0020993701889433169,0.095871238628411473,0.90202939118264525,0.8999300209937019,True,1,1
2024-03-11,72123.90625,0.37944111466270125,2,Bull,0.0020979020979020979,0.095804195804195802,0.90209790209790208,0.90000000000000002,True,1,1
2024-03-12,71481.2890625,0.37890471055691322,2,Bull,0.0020964360587002098,0.095737246680642901,0.90216631726065688,0.90006988120195663,True,1,1
2024-03-13,73083.5,0.42449154957491109,2,Bull,0.0020949720670391061,0.095670391061452517,0.9022346368715084,0.90013966480446927,True,1,1
2024-03-14,71396.59375,0.40732999321880103,2,Bull,0.0020935101186322401,0.095603628750872291,0.90230286113049551,0.90020935101186328,True,1,1
2024-03-15,69403.7734375,0.34578807383798549,2,Bull,0.0020920502092050207,0.095536959553695955,0.90237099023709899,0.90027894002789399,True,1,1
2024-03-16,65315.1171875,0.262536801435308,2,Bull,0.0020905923344947735,0.09547038327526132,0.90243902439024393,0.9003484320557491,True,1,1
2024-03-17,68390.625,0.25435824652065686,2,Bull,0.0020891364902506965,0.095403899721448471,0.90250696378830086,0.9004178272980502,True,1,1
2024-03-18,67548.59375,0.18329078809116428,2,Bull,0.0020876826722338203,0.095337508698677798,0.90257480862908834,0.90048712595685454,True,1,1
2024-03-19,61912.7734375,-0.0094715242444547432,1,Sideways,0.10663983903420524,0.76257545271629779,0.13078470824949698,0.024144869215291742,True,0,0
2024-03-20,67913.671875,0.10972984503649941,2,Bull,0.0020847810979847115,0.095899930507296741,0.90201528839471856,0.89993050729673385,True,1,1
2024-03-21,65491.390625,0.048858534500458628,1,Sideways,0.10653266331658291,0.76180904522613069,0.13165829145728644,0.025125628140703529,True,1,1
2024-03-22,63778.76171875,0.028194718004015407,1,Sideways,0.10653266331658291,0.76180904522613069,0.13165829145728644,0.025125628140703529,True,1,1
2024-03-23,64062.203125,0.014166048321402114,1,Sideways,0.10642570281124498,0.76204819277108438,0.13152610441767068,0.025100401606425696,True,1,1
2024-03-24,67234.171875,-0.016043253982001238,1,Sideways,0.10631895687061184,0.76228686058174522,0.13139418254764293,0.025075225677031091,True,0,0
2024-03-25,69958.8125,0.096512500652815136,2,Bull,0.0020833333333333333,0.096527777777777782,0.90138888888888891,0.89930555555555558,True,1,1
2024-03-26,69987.8359375,0.058708498593244673,2,Bull,0.0020833333333333333,0.096527777777777782,0.90138888888888891,0.89930555555555558,True,1,1
2024-03-27,69455.34375,0.037801136571900873,1,Sideways,0.1061061061061061,0.7617617617617618,0.13213213213213212,0.026026026026026022,True,1,1
2024-03-28,70744.953125,0.035795842154316304,1,Sideways,0.1061061061061061,0.7617617617617618,0.13213213213213212,0.026026026026026022,True,1,1
2024-03-29,69892.828125,0.020349898498572605,1,Sideways,0.106,0.76200000000000001,0.13200000000000001,0.026000000000000009,True,1,1
2024-03-30,69645.3046875,0.0090628446347984504,1,Sideways,0.10589410589410589,0.76223776223776218,0.13186813186813187,0.025974025974025983,True,1,1
2024-03-31,71333.6484375,-0.010956946920772204,1,Sideways,0.10578842315369262,0.76247504990019965,0.1317365269461078,0.025948103792415175,True,0,0
2024-04-01,69702.1484375,-0.024889599059194412,1,Sideways,0.10568295114656032,0.76271186440677963,0.13160518444666003,0.025922233300099712,True,0,0
2024-04-02,65446.97265625,-0.10449044372190719,0,Bear,0.87938596491228072,0.10855263157894737,0.012061403508771929,-0.86732456140350878,True,0,0
2024-04-03,65980.8125,-0.075854896789106285,0,Bear,0.87938596491228072,0.10855263157894737,0.012061403508771929,-0.86732456140350878,True,0,0
2024-04-04,68508.84375,-0.012894539348150991,1,Sideways,0.10646766169154229,0.76218905472636811,0.13134328358208955,0.024875621890547261,True,0,0
2024-04-05,67837.640625,0.038620820816390733,1,Sideways,0.10646766169154229,0.76218905472636811,0.13134328358208955,0.024875621890547261,True,1,1
2024-04-06,68896.109375,0.0073911354809230723,1,Sideways,0.10636182902584493,0.7624254473161034,0.1312127236580517,0.024850894632206771,True,1,1
2024-04-07,69362.5546875,0.026854162859607955,1,Sideways,0.10625620655412116,0.76266137040714999,0.13108242303872888,0.024826216484607727,True,1,1
2024-04-08,71631.359375,0.15697222718201709,2,Bull,0.0020804438280166435,0.097087378640776698,0.9008321775312067,0.89875173370319006,True,1,1
2024-04-09,69139.015625,0.018042666758695258,1,Sideways,0.10604558969276512,0.76214073339940536,0.13181367690782952,0.025768087215064406,True,1,1
2024-04-10,70587.8828125,0.077819269660682977,2,Bull,0.0020790020790020791,0.097713097713097719,0.9002079002079002,0.89812889812889818,True,1,1
2024-04-11,70060.609375,0.098494349638701628,2,Bull,0.0020790020790020791,0.097713097713097719,0.9002079002079002,0.89812889812889818,True,1,1
2024-04-12,67195.8671875,0.048915958391026582,1,Sideways,0.10594059405940594,0.7613861386138614,0.13267326732673268,0.026732673267326743,True,1,1
2024-04-13,63821.47265625,-0.050758403406749752,0,Bear,0.87855579868708966,0.10940919037199125,0.012035010940919038,-0.86652078774617058,True,0,0
2024-04-14,65738.7265625,-0.060322435254314799,0,Bear,0.87855579868708966,0.10940919037199125,0.012035010940919038,-0.86652078774617058,True,0,0
2024-04-15,63426.2109375,-0.093753791814046306,0,Bear,0.87868852459016389,0.10928961748633879,0.012021857923497269,-0.86666666666666659,True,0,0
2024-04-16,63811.86328125,-0.081253366034200969,0,Bear,0.87882096069868998,0.1091703056768559,0.012008733624454149,-0.86681222707423577,True,0,0
2024-04-17,61276.69140625,-0.1338365678470439,0,Bear,0.87895310796074155,0.10905125408942203,0.011995637949836423,-0.86695747001090517,True,0,0
2024-04-18,63512.75390625,-0.091283675162486477,0,Bear,0.87908496732026142,0.10893246187363835,0.011982570806100218,-0.86710239651416121,True,0,0
2024-04-19,63843.5703125,-0.083304027472239639,0,Bear,0.8792165397170838,0.1088139281828074,0.011969532100108813,-0.86724700761697504,True,0,0
2024-04-20,64994.44140625,-0.08886699573209389,0,Bear,0.8793478260869565,0.10869565217391304,0.011956521739130435,-0.86739130434782608,True,0,0
2024-04-21,64926.64453125,-0.068513008756567406,0,Bear,0.87947882736156346,0.10857763300760044,0.011943539630836048,-0.86753528773072741,True,0,0
2024-04-22,66837.6796875,0.021249371434710618,1,Sideways,0.10682492581602374,0.76063303659742831,0.13254203758654798,0.025717111770524242,True,1,1
2024-04-23,66407.2734375,0.0064634083961909727,1,Sideways,0.10682492581602374,0.76063303659742831,0.13254203758654798,0.025717111770524242,True,1,1
2024-04-24,64276.8984375,-0.061772248382165995,0,Bear,0.87865655471289272,0.10942578548212351,0.011917659804983749,-0.86673889490790901,True,0,0
2024-04-25,64481.70703125,-0.049470081253286557,1,Sideways,0.10760118460019744,0.76011846001974337,0.13228035538005922,0.024679170779861787,True,0,0
2024-04-26,63755.3203125,-0.074616536537916778,0,Bear,0.87770562770562766,0.11038961038961038,0.011904761904761904,-0.86580086580086579,True,0,0
2024-04-27,63419.140625,-0.085686204743711358,0,Bear,0.87770562770562766,0.11038961038961038,0.011904761904761904,-0.86580086580086579,True,0,0
2024-04-28,63113.23046875,-0.11891619788557173,0,Bear,0.87783783783783786,0.11027027027027027,0.011891891891891892,-0.86594594594594598,True,0,0
2024-04-29,63841.12109375,-0.07662669888135254,0,Bear,0.87796976241900648,0.1101511879049676,0.011879049676025918,-0.86609071274298055,True,0,0
2024-04-30,60636.85546875,-0.14097359131995146,0,Bear,0.87810140237324708,0.11003236245954692,0.011866235167206042,-0.86623516720604099,True,0,0
2024-05-01,58254.01171875,-0.16851976826314896,0,Bear,0.87823275862068961,0.10991379310344827,0.011853448275862068,-0.86637931034482751,True,0,0
2024-05-02,59123.43359375,-0.12013288810195843,0,Bear,0.87836383207750268,0.10979547900968784,0.011840688912809472,-0.86652314316469325,True,0,0
2024-05-03,62889.8359375,-0.014597543428179871,1,Sideways,0.10848126232741617,0.75936883629191321,0.13214990138067062,0.023668639053254448,True,0,0
2024-05-04,63891.47265625,-0.028099934435051099,1,Sideways,0.10848126232741617,0.75936883629191321,0.13214990138067062,0.023668639053254448,True,0,0
2024-05-05,64031.1328125,0.0095374115221242839,1,Sideways,0.10837438423645321,0.75960591133004929,0.13201970443349753,0.023645320197044323,True,1,1
2024-05-06,63161.94921875,-0.010184846971722394,1,Sideways,0.10826771653543307,0.75984251968503935,0.13188976377952755,0.023622047244094474,True,0,0
2024-05-07,62334.81640625,0.017267985194972191,1,Sideways,0.10816125860373647,0.76007866273352997,0.13176007866273354,0.023598820058997064,True,1,1
2024-05-08,61187.94140625,-0.036603868625057823,1,Sideways,0.10805500982318271,0.76031434184675839,0.13163064833005894,0.023575638506876231,True,0,0
2024-05-09,63049.9609375,-0.012430529356604936,1,Sideways,0.10794896957801767,0.76054955839057903,0.13150147203140333,0.023552502453385665,True,0,0
2024-05-10,60792.77734375,-0.064646513941666983,0,Bear,0.87755102040816324,0.11063372717508056,0.011815252416756176,-0.86573576799140706,True,0,0
2024-05-11,60793.7109375,-0.063655431812139396,0,Bear,0.87755102040816324,0.11063372717508056,0.011815252416756176,-0.86573576799140706,True,0,0
2024-05-12,61448.39453125,-0.080632439388195976,0,Bear,0.87768240343347637,0.11051502145922747,0.011802575107296138,-0.86587982832618027,True,0,0
2024-05-13,62901.44921875,-0.052792774605473713,0,Bear,0.87781350482315113,0.11039657020364416,0.011789924973204717,-0.86602357984994638,True,0,0
2024-05-14,61552.7890625,-0.042380846637284475,1,Sideways,0.10871694417238002,0.76003917727717929,0.13124387855044076,0.022526934378060734,True,0,0
2024-05-15,66267.4921875,0.027694446044744803,1,Sideways,0.10871694417238002,0.76003917727717929,0.13124387855044076,0.022526934378060734,True,1,1
2024-05-16,65231.58203125,0.023155114138146082,1,Sideways,0.1086105675146771,0.76027397260273977,0.13111545988258316,0.022504892367906065,True,1,1
2024-05-17,67051.875,0.057281356057479638,2,Bull,0.0020761245674740486,0.098269896193771633,0.89965397923875434,0.89757785467128026,True,1,1
2024-05-18,66940.8046875,0.060646146462827399,2,Bull,0.0020761245674740486,0.098269896193771633,0.89965397923875434,0.89757785467128026,True,1,1
2024-05-19,66278.3671875,0.038176743327720253,1,Sideways,0.1083984375,0.759765625,0.1318359375,0.0234375,True,1,1
2024-05-20,71448.1953125,0.17829651224776599,2,Bull,0.0020732550103662751,0.09882515549412578,0.899101589495508,0.89702833448514174,True,1,1
2024-05-21,70136.53125,0.20397770352055278,2,Bull,0.0020732550103662751,0.09882515549412578,0.899101589495508,0.89702833448514174,True,1,1
2024-05-22,69122.3359375,0.16911910787277074,2,Bull,0.0020718232044198894,0.098756906077348064,0.899171270718232,0.8970994475138121,True,1,1
2024-05-23,67929.5625,0.080135788039079836,2,Bull,0.002070393374741201,0.098688750862663904,0.89924085576259494,0.8971704623878537,True,1,1
2024-05-24,68526.1015625,0.072539084068155901,2,Bull,0.0020689655172413794,0.098620689655172414,0.89931034482758621,0.89724137931034487,True,1,1
2024-05-25,69265.9453125,0.08175417597762813,2,Bull,0.0020675396278428669,0.098552722260509998,0.89937973811164718,0.89731219848380428,True,1,1
2024-05-26,68518.09375,0.084800177915661967,2,Bull,0.0020661157024793389,0.098484848484848481,0.89944903581267222,0.89738292011019283,True,1,1
2024-05-27,69394.5546875,0.11325513875327875,2,Bull,0.0020646937370956643,0.098417068134893329,0.89951823812801102,0.8974535443909154,True,1,1
2024-05-28,68296.21875,0.11617121250338269,2,Bull,0.0020632737276478678,0.09834938101788171,0.89958734525447037,0.89752407152682245,True,1,1
2024-05-29,67578.09375,0.071818169990440328,2,Bull,0.0020618556701030928,0.098281786941580754,0.89965635738831617,0.89759450171821309,True,1,1
2024-05-30,68364.9921875,0.1245578039794637,2,Bull,0.0020604395604395605,0.098214285714285712,0.89972527472527475,0.8976648351648352,True,1,1
2024-05-31,67491.4140625,0.11017098679640869,2,Bull,0.0020590253946465341,0.098146877144818123,0.89979409746053529,0.89773507206588876,True,1,1
2024-06-01,67706.9375,0.1018503903396073,2,Bull,0.00205761316872428,0.098079561042524008,0.89986282578875176,0.89780521262002744,True,1,1
2024-06-02,67751.6015625,0.077107163729770445,2,Bull,0.0020562028786840301,0.098012337217272108,0.89993145990404388,0.89787525702535986,True,1,1
2024-06-03,68804.78125,0.11781744252297677,2,Bull,0.002054794520547945,0.097945205479452055,0.90000000000000002,0.89794520547945211,True,1,1
2024-06-04,70567.765625,0.064892653932528965,2,Bull,0.0020533880903490761,0.09787816563997262,0.9000684462696783,0.89801505817932925,True,1,1
2024-06-05,71082.8203125,0.08969946916888949,2,Bull,0.0020519835841313269,0.097811217510259924,0.90013679890560871,0.89808481532147744,True,1,1
2024-06-06,70757.1640625,0.055260036538873791,2,Bull,0.002050580997949419,0.097744360902255634,0.9002050580997949,0.89815447710184548,True,1,1
2024-06-07,69342.5859375,0.035879181034829788,1,Sideways,0.10829268292682927,0.75902439024390245,0.1326829268292683,0.024390243902439032,True,1,1
2024-06-08,69305.7734375,0.045677139894462648,1,Sideways,0.10829268292682927,0.75902439024390245,0.1326829268292683,0.024390243902439032,True,1,1
2024-06-09,69647.9921875,-0.025195921564236445,1,Sideways,0.10818713450292397,0.7592592592592593,0.13255360623781676,0.024366471734892786,True,0,0
2024-06-10,69512.28125,-0.0089004971998811744,1,Sideways,0.10808179162609542,0.759493670886076,0.13242453748782862,0.024342745861733198,True,0,0
2024-06-11,67332.03125,-0.025900523517011664,1,Sideways,0.10797665369649806,0.75972762645914393,0.13229571984435798,0.024319066147859919,True,0,0
2024-06-12,68241.1875,0.0045874725013870243,1,Sideways,0.10787172011661808,0.75996112730806609,0.13216715257531583,0.024295432458697752,True,1,1
2024-06-13,66756.3984375,-0.025825241545163968,1,Sideways,0.10776699029126213,0.76019417475728157,0.13203883495145632,0.024271844660194192,True,0,0
2024-06-14,66011.09375,-0.046990646670819536,1,Sideways,0.10766246362754607,0.76042677012609117,0.13191076624636275,0.024248302618816678,True,0,0
2024-06-15,66191,-0.033963200413759331,1,Sideways,0.10755813953488372,0.76065891472868219,0.13178294573643412,0.024224806201550403,True,0,0
2024-06-16,66639.046875,-0.039707839107963161,1,Sideways,0.1074540174249758,0.76089060987415291,0.13165537270087124,0.024201355275895439,True,0,0
2024-06-17,66490.296875,-0.026442486978827118,1,Sideways,0.10735009671179883,0.76112185686653777,0.13152804642166344,0.024177949709864602,True,0,0
2024-06-18,65140.74609375,-0.036067126505029634,1,Sideways,0.1072463768115942,0.7613526570048309,0.13140096618357489,0.024154589371980686,True,0,0
2024-06-19,64960.296875,-0.049801736291612109,1,Sideways,0.10714285714285714,0.76158301158301156,0.13127413127413126,0.024131274131274125,True,0,0
2024-06-20,64828.65625,-0.039453282309867888,1,Sideways,0.10703953712632594,0.76181292189006755,0.13114754098360656,0.024108003857280624,True,0,0
2024-06-21,64096.19921875,-0.053328926319404113,0,Bear,0.87700534759358284,0.11122994652406418,0.011764705882352941,-0.86524064171122994,True,0,0
2024-06-22,64252.578125,-0.051644881549732791,0,Bear,0.87700534759358284,0.11122994652406418,0.011764705882352941,-0.86524064171122994,True,0,0
2024-06-23,63180.796875,-0.0817382785444144,0,Bear,0.87713675213675213,0.1111111111111111,0.011752136752136752,-0.86538461538461542,True,0,0
2024-06-24,60277.4140625,-0.14582226702746048,0,Bear,0.8772678762006404,0.11099252934898612,0.011739594450373533,-0.86552828175026686,True,0,0
2024-06-25,61804.640625,-0.13052633036661354,0,Bear,0.87739872068230274,0.11087420042643924,0.011727078891257996,-0.86567164179104472,True,0,0
2024-06-26,60811.27734375,-0.14056367083854249,0,Bear,0.87752928647497341,0.11075612353567625,0.011714589989350373,-0.86581469648562304,True,0,0
2024-06-27,61604.80078125,-0.11158777901972439,0,Bear,0.87765957446808507,0.11063829787234042,0.011702127659574468,-0.86595744680851061,True,0,0
2024-06-28,60320.13671875,-0.12965206609884028,0,Bear,0.87778958554729014,0.11052072263549416,0.011689691817215728,-0.86609989373007445,True,0,0
2024-06-29,60887.37890625,-0.12578414690929596,0,Bear,0.87791932059447986,0.11040339702760085,0.01167728237791932,-0.86624203821656054,True,0,0
2024-06-30,62678.29296875,-0.098313393811255478,0,Bear,0.87804878048780488,0.11028632025450689,0.01166489925768823,-0.86638388123011667,True,0,0
2024-07-01,62851.98046875,-0.066536694320357359,0,Bear,0.87817796610169496,0.11016949152542373,0.011652542372881356,-0.86652542372881358,True,0,0
2024-07-02,62029.015625,-0.091032587541065246,0,Bear,0.87830687830687826,0.11005291005291006,0.01164021164021164,-0.86666666666666659,True,0,0
2024-07-03,60173.921875,-0.098604429186855747,0,Bear,0.87843551797040165,0.10993657505285412,0.011627906976744186,-0.86680761099365744,True,0,0
2024-07-04,56977.703125,-0.13684655278113766,0,Bear,0.87856388595564938,0.10982048574445617,0.011615628299894404,-0.86694825765575501,True,0,0
2024-07-05,56662.375,-0.14395650466075449,0,Bear,0.87869198312236285,0.10970464135021098,0.011603375527426161,-0.86708860759493667,True,0,0
2024-07-06,58303.5390625,-0.12508443927980473,0,Bear,0.87881981032665968,0.1095890410958904,0.011591148577449948,-0.86722866174920976,True,0,0
2024-07-07,55849.109375,-0.16004120902039509,0,Bear,0.87894736842105259,0.10947368421052632,0.011578947368421053,-0.86736842105263157,True,0,0
2024-07-08,56705.09765625,-0.12949879980434198,0,Bear,0.87907465825446895,0.10935856992639327,0.011566771819137749,-0.86750788643533117,True,0,0
2024-07-09,58009.2265625,-0.10700490371642868,0,Bear,0.87920168067226889,0.1092436974789916,0.011554621848739496,-0.86764705882352944,True,0,0
2024-07-10,57742.49609375,-0.10930598544143044,0,Bear,0.87932843651626447,0.10912906610703044,0.011542497376705142,-0.86778593913955937,True,0,0
2024-07-11,57344.9140625,-0.10533050693394397,0,Bear,0.8794549266247379,0.1090146750524109,0.011530398322851153,-0.86792452830188671,True,0,0
2024-07-12,57899.46484375,-0.098877172973360739,0,Bear,0.87958115183246077,0.10890052356020942,0.011518324607329843,-0.86806282722513095,True,0,0
2024-07-13,59231.953125,-0.062500695548563412,0,Bear,0.87970711297071125,0.10878661087866109,0.011506276150627616,-0.86820083682008364,True,0,0
2024-07-14,60787.79296875,0.0084671665861577594,1,Sideways,0.10779595765158806,0.7613089509143407,0.13089509143407121,0.023099133782483156,True,1,1
2024-07-15,64870.15234375,0.049600024977897839,1,Sideways,0.10779595765158806,0.7613089509143407,0.13089509143407121,0.023099133782483156,True,1,1
2024-07-16,65097.1484375,0.070478228397063747,2,Bull,0.0020477815699658703,0.098293515358361769,0.89965870307167239,0.89761092150170652,True,1,1
2024-07-17,64118.79296875,0.04080838109398055,1,Sideways,0.10758885686839577,0.76080691642651299,0.13160422670509125,0.024015369836695485,True,1,1
2024-07-18,63974.06640625,0.060575620120638884,2,Bull,0.0020463847203274215,0.098908594815825382,0.89904502046384716,0.89699863574351968,True,1,1
2024-07-19,66710.15625,0.095631926490307606,2,Bull,0.0020463847203274215,0.098908594815825382,0.89904502046384716,0.89699863574351968,True,1,1
2024-07-20,67163.6484375,0.071561544775737618,2,Bull,0.0020449897750511249,0.098841172460804358,0.89911383776414455,0.89706884798909348,True,1,1
2024-07-21,68154.5234375,0.084365566990946661,2,Bull,0.0020435967302452314,0.098773841961852862,0.89918256130790186,0.89713896457765663,True,1,1
2024-07-22,67585.25,0.089574763020431325,2,Bull,0.0020422055820285907,0.098706603131381895,0.89925119128658948,0.89720898570456087,True,1,1
2024-07-23,65927.671875,0.095618663712036867,2,Bull,0.0020408163265306124,0.098639455782312924,0.89931972789115644,0.8972789115646258,True,1,1
2024-07-24,65372.1328125,0.14732832717184041,2,Bull,0.0020394289598912306,0.098572399728076132,0.89938817131203264,0.89734874235214146,True,1,1
2024-07-25,65777.2265625,0.1608625046602794,2,Bull,0.0020380434782608695,0.098505434782608689,0.89945652173913049,0.89741847826086962,True,1,1
2024-07-26,67912.0625,0.16480171859207204,2,Bull,0.0020366598778004071,0.098438560760353025,0.8995247793618466,0.89748811948404617,True,1,1
2024-07-27,67813.3359375,0.21422412454540596,2,Bull,0.0020352781546811396,0.098371777476255085,0.89959294436906379,0.8975576662143826,True,1,1
2024-07-28,68255.8671875,0.20369896197466253,2,Bull,0.0020338983050847458,0.098305084745762716,0.89966101694915257,0.89762711864406786,True,1,1
2024-07-29,66819.9140625,0.15188424362988595,2,Bull,0.0020325203252032522,0.098238482384823841,0.89972899728997291,0.89769647696476962,True,1,1
2024-07-30,66201.015625,0.14648690485282878,2,Bull,0.002031144211238998,0.098171970209884898,0.89979688557887605,0.89776574136763709,True,1,1
2024-07-31,64619.25,0.12685232956442705,2,Bull,0.0020297699594046007,0.09810554803788904,0.89986468200270631,0.89783491204330168,True,1,1
2024-08-01,65357.5,0.1288100879062799,2,Bull,0.0020283975659229209,0.098039215686274508,0.89993238674780252,0.89790398918187964,True,1,1
2024-08-02,61415.06640625,0.036857020004774643,1,Sideways,0.10748560460652591,0.76007677543186181,0.1324376199616123,0.024952015355086385,True,1,1
2024-08-03,60680.09375,-0.0017717244448299807,1,Sideways,0.10748560460652591,0.76007677543186181,0.1324376199616123,0.024952015355086385,True,0,0
2024-08-04,58116.9765625,-0.10410297397583723,0,Bear,0.87891440501043838,0.10960334029227557,0.011482254697286013,-0.86743215031315235,True,0,0
2024-08-05,53991.45703125,-0.17060181087521231,0,Bear,0.87891440501043838,0.10960334029227557,0.011482254697286013,-0.86743215031315235,True,0,0
2024-08-06,56034.31640625,-0.1260859131649622,0,Bear,0.87904066736183528,0.10948905109489052,0.011470281543274244,-0.86757038581856105,True,0,0
2024-08-07,55027.4609375,-0.13984737834135796,0,Bear,0.87916666666666665,0.109375,0.011458333333333333,-0.8677083333333333,True,0,0
2024-08-08,61710.13671875,-0.074951398892128984,0,Bear,0.87929240374609785,0.10926118626430802,0.011446409989594173,-0.86784599375650373,True,0,0
2024-08-09,60880.11328125,-0.093555595957495186,0,Bear,0.87941787941787941,0.10914760914760915,0.011434511434511435,-0.86798336798336795,True,0,0
2024-08-10,60945.8125,-0.10577010261264064,0,Bear,0.87954309449636547,0.10903426791277258,0.01142263759086189,-0.86812045690550355,True,0,0
2024-08-11,58719.484375,-0.13117900170525376,0,Bear,0.8796680497925311,0.10892116182572614,0.011410788381742738,-0.86825726141078841,True,0,0
2024-08-12,59354.515625,-0.099702538601132762,0,Bear,0.87979274611398961,0.10880829015544041,0.011398963730569948,-0.86839378238341969,True,0,0
2024-08-13,60609.56640625,-0.072853159310404703,0,Bear,0.87991718426501031,0.10869565217391304,0.011387163561076604,-0.8685300207039337,True,0,0
2024-08-14,58737.26953125,-0.10702727067035578,0,Bear,0.88004136504653563,0.10858324715615306,0.011375387797311272,-0.86866597724922434,True,0,0
2024-08-15,57560.09765625,-0.15243190182524646,0,Bear,0.8801652892561983,0.10847107438016529,0.011363636363636364,-0.86880165289256195,True,0,0
2024-08-16,58894.10546875,-0.13152620123231196,0,Bear,0.88028895768833848,0.10835913312693499,0.011351909184726523,-0.86893704850361198,True,0,0
2024-08-17,59478.97265625,-0.128588133048544,0,Bear,0.8804123711340206,0.10824742268041238,0.01134020618556701,-0.86907216494845363,True,0,0
2024-08-18,58483.96484375,-0.12475246841761833,0,Bear,0.88053553038105048,0.10813594232749743,0.01132852729145211,-0.86920700308959842,True,0,0
2024-08-19,59493.453125,-0.10132114192923303,0,Bear,0.88065843621399176,0.10802469135802469,0.01131687242798354,-0.86934156378600824,True,0,0
2024-08-20,59012.79296875,-0.086761406720907486,0,Bear,0.88078108941418298,0.1079136690647482,0.011305241521068859,-0.86947584789311416,True,0,0
2024-08-21,61175.19140625,-0.06399125721990595,0,Bear,0.8809034907597536,0.10780287474332649,0.011293634496919919,-0.86960985626283371,True,0,0
2024-08-22,60381.9140625,-0.016822457488132936,1,Sideways,0.1082375478927203,0.75957854406130265,0.13218390804597702,0.023946360153256713,True,0,0
2024-08-23,64094.35546875,0.056266586086973547,2,Bull,0.0020256583389601621,0.098582039162727883,0.89939230249831192,0.89736664415935175,True,1,1
2024-08-24,64178.9921875,0.10430714024637533,2,Bull,0.0020256583389601621,0.098582039162727883,0.89939230249831192,0.89736664415935175,True,1,1
2024-08-25,64333.54296875,0.19155041382776639,2,Bull,0.0020242914979757085,0.098515519568151147,0.89946018893387314,0.89743589743589747,True,1,1
2024-08-26,62880.66015625,0.12218126657178896,2,Bull,0.0020229265003371545,0.09844908968307485,0.89952798381658805,0.89750505731625085,True,1,1
2024-08-27,59504.1328125,0.081353415162741971,2,Bull,0.0020215633423180594,0.098382749326145547,0.89959568733153639,0.89757412398921832,True,1,1
2024-08-28,59027.625,-0.043469547490646687,1,Sideways,0.10813397129186603,0.75885167464114833,0.13301435406698564,0.024880382775119614,True,0,0
2024-08-29,59388.1796875,-0.024506090960403792,1,Sideways,0.10813397129186603,0.75885167464114833,0.13301435406698564,0.024880382775119614,True,0,0
2024-08-30,59119.4765625,-0.029966553280424302,1,Sideways,0.10803059273422562,0.75908221797323139,0.13288718929254303,0.024856596558317415,True,0,0
2024-08-31,58969.8984375,0.0042645821087390345,1,Sideways,0.10792741165234002,0.75931232091690548,0.13276026743075453,0.024832855778414514,True,1,1
2024-09-01,57325.48828125,-0.034184885890895522,1,Sideways,0.10782442748091603,0.75954198473282442,0.13263358778625955,0.024809160305343525,True,0,0
2024-09-02,59112.48046875,-0.024700489151587512,1,Sideways,0.10772163965681601,0.75977121067683506,0.13250714966634891,0.024785510009532899,True,0,0
2024-09-03,57431.0234375,-0.02223879496228609,1,Sideways,0.10761904761904761,0.76000000000000001,0.13238095238095238,0.024761904761904763,True,0,0
2024-09-04,57971.5390625,0.007148031761640361,1,Sideways,0.10751665080875357,0.76022835394862032,0.13225499524262607,0.024738344433872503,True,1,1
2024-09-05,56160.48828125,-0.046415802833621345,1,Sideways,0.10741444866920152,0.76045627376425851,0.13212927756653992,0.024714828897338392,True,0,0
2024-09-06,53948.75390625,-0.092977711332727475,0,Bear,0.88012295081967218,0.10860655737704918,0.011270491803278689,-0.86885245901639352,True,0,0
2024-09-07,54139.6875,-0.074281512126554428,0,Bear,0.88012295081967218,0.10860655737704918,0.011270491803278689,-0.86885245901639352,True,0,0
2024-09-08,54841.56640625,-0.078191573600141395,0,Bear,0.88024564994882293,0.10849539406345957,0.011258955987717503,-0.86898669396110539,True,0,0
2024-09-09,57019.53515625,-0.033776706917693633,1,Sideways,0.10815939278937381,0.75996204933586342,0.1318785578747628,0.023719165085388988,True,0,0
2024-09-10,57648.7109375,-0.057645597630115675,0,Bear,0.87946884576098061,0.10929519918283963,0.011235955056179775,-0.86823289070480081,True,0,0
2024-09-11,57343.171875,-0.050325370347727993,0,Bear,0.87946884576098061,0.10929519918283963,0.011235955056179775,-0.86823289070480081,True,0,0
2024-09-12,58127.01171875,-0.093102484709584932,0,Bear,0.87959183673469388,0.10918367346938776,0.011224489795918367,-0.86836734693877549,True,0,0
2024-09-13,60571.30078125,-0.056212964449645297,0,Bear,0.87971457696228339,0.109072375127421,0.011213047910295617,-0.86850152905198774,True,0,0
2024-09-14,60005.12109375,-0.067280949800985312,0,Bear,0.87983706720977595,0.10896130346232179,0.011201629327902239,-0.8686354378818737,True,0,0
2024-09-15,59182.8359375,-0.058807019671253458,0,Bear,0.87995930824008139,0.10885045778229908,0.011190233977619531,-0.86876907426246186,True,0,0
2024-09-16,58192.5078125,-0.022042586590295898,1,Sideways,0.10900473933649289,0.7592417061611374,0.13175355450236967,0.022748815165876776,True,0,0
2024-09-17,60308.5390625,0.021700247341816636,1,Sideways,0.10900473933649289,0.7592417061611374,0.13175355450236967,0.022748815165876776,True,1,1
2024-09-18,61649.6796875,0.03807996830177296,1,Sideways,0.10890151515151515,0.75946969696969702,0.13162878787878787,0.022727272727272721,True,1,1
2024-09-19,62940.45703125,0.064631500326470803,2,Bull,0.002018842530282638,0.098923283983849267,0.89905787348586808,0.89703903095558546,True,1,1
2024-09-20,63192.9765625,0.071614132581148793,2,Bull,0.002018842530282638,0.098923283983849267,0.89905787348586808,0.89703903095558546,True,1,1
2024-09-21,63394.83984375,0.10587527022399845,2,Bull,0.0020174848688634837,0.098856758574310699,0.89912575655682581,0.89710827168796237,True,1,1
2024-09-22,63648.7109375,0.076738963291315354,2,Bull,0.0020161290322580645,0.098790322580645157,0.89919354838709675,0.89717741935483863,True,1,1
2024-09-23,63329.80078125,0.10271064297103139,2,Bull,0.0020147750167897917,0.098723975822699803,0.89926124916051042,0.89724647414372061,True,1,1
2024-09-24,64301.96875,0.10919892398708031,2,Bull,0.0020134228187919465,0.098657718120805371,0.89932885906040272,0.89731543624161081,True,1,1
2024-09-25,63143.14453125,0.12433396616908077,2,Bull,0.002012072434607646,0.098591549295774641,0.89939637826961771,0.89738430583501005,True,1,1
2024-09-26,65181.01953125,0.20820250351878355,2,Bull,0.0020107238605898124,0.098525469168900801,0.89946380697050943,0.89745308310991967,True,1,1
2024-09-27,65790.6640625,0.21520213914238062,2,Bull,0.0020093770931011385,0.098459477561955791,0.89953114534494305,0.89752176825184193,True,1,1
2024-09-28,65887.6484375,0.20141806215788782,2,Bull,0.002008032128514056,0.098393574297188757,0.89959839357429716,0.89759036144578308,True,1,1
2024-09-29,65635.3046875,0.15110206541741,2,Bull,0.0020066889632107021,0.098327759197324421,0.89966555183946484,0.89765886287625418,True,1,1
2024-09-30,63329.5,0.098541475951801294,2,Bull,0.0020053475935828879,0.098262032085561501,0.89973262032085566,0.89772727272727282,True,1,1
2024-10-01,60837.0078125,0.060928543421282511,2,Bull,0.002004008016032064,0.098196392785571143,0.8997995991983968,0.89779559118236474,True,1,1
2024-10-02,60632.78515625,0.043108588647637447,1,Sideways,0.10869565217391304,0.75897920604914937,0.1323251417769376,0.023629489603024564,True,1,1
2024-10-03,60759.40234375,0.0031054568760100487,1,Sideways,0.10869565217391304,0.75897920604914937,0.1323251417769376,0.023629489603024564,True,1,1
2024-10-04,62067.4765625,0.03436965764185107,1,Sideways,0.10859301227573183,0.75920679886685549,0.13220018885741266,0.023607176581680836,True,1,1
2024-10-05,62089.94921875,0.049120885053903995,1,Sideways,0.10849056603773585,0.75943396226415094,0.13207547169811321,0.023584905660377353,True,1,1
2024-10-06,62818.953125,0.079502421985433225,2,Bull,0.0020013342228152103,0.098732488325550372,0.8992661774516344,0.89726484322881916,True,1,1
2024-10-07,62236.66015625,0.031970946796635369,1,Sideways,0.10828625235404897,0.75894538606403017,0.1327683615819209,0.024482109227871932,True,1,1
2024-10-08,62131.96875,0.0078230586913785594,1,Sideways,0.10828625235404897,0.75894538606403017,0.1327683615819209,0.024482109227871932,True,1,1
2024-10-09,60582.1015625,-0.037469627326968347,1,Sideways,0.10818438381937912,0.75917215428033868,0.13264346190028223,0.024459078080903113,True,0,0
2024-10-10,60274.5,-0.046183559016460096,1,Sideways,0.10808270676691729,0.75939849624060152,0.1325187969924812,0.024436090225563908,True,0,0
2024-10-11,62445.08984375,-0.014981503263370666,1,Sideways,0.107981220657277,0.75962441314553986,0.13239436619718309,0.024413145539906089,True,0,0
2024-10-12,63193.0234375,-0.0071594144372768564,1,Sideways,0.10787992495309569,0.75984990619136961,0.13227016885553472,0.024390243902439032,True,0,0
2024-10-13,62851.375,-0.0075545126519906969,1,Sideways,0.1077788191190253,0.76007497656982193,0.13214620431115276,0.024367385192127458,True,0,0
2024-10-14,66046.125,0.027124461099801156,1,Sideways,0.10767790262172285,0.76029962546816476,0.13202247191011235,0.024344569288389503,True,1,1
2024-10-15,67041.109375,0.061732193933117685,2,Bull,0.002,0.099333333333333329,0.89866666666666661,0.89666666666666661,True,1,1
2024-10-16,67612.71875,0.037306860743167025,1,Sideways,0.10747663551401869,0.75981308411214954,0.13271028037383178,0.025233644859813095,True,1,1
2024-10-17,67399.8359375,0.024458969945512443,1,Sideways,0.10747663551401869,0.75981308411214954,0.13271028037383178,0.025233644859813095,True,1,1
2024-10-18,68418.7890625,0.038416010967533554,1,Sideways,0.10737628384687208,0.76003734827264235,0.13258636788048553,0.025210084033613453,True,1,1
2024-10-19,68362.734375,0.041554308317539146,1,Sideways,0.10727611940298508,0.76026119402985071,0.13246268656716417,0.025186567164179094,True,1,1
2024-10-20,69001.703125,0.089566523105345741,2,Bull,0.0019986675549633578,0.099933377748167893,0.89806795469686873,0.89606928714190537,True,1,1
2024-10-21,67367.8515625,0.10734985142806663,2,Bull,0.0019986675549633578,0.099933377748167893,0.89806795469686873,0.89606928714190537,True,1,1
2024-10-22,67361.40625,0.11097331380061837,2,Bull,0.0019973368841544607,0.09986684420772303,0.89813581890812255,0.89613848202396806,True,1,1
2024-10-23,66432.1953125,0.093364857946689916,2,Bull,0.001996007984031936,0.099800399201596807,0.89820359281437123,0.89620758483033924,True,1,1
2024-10-24,68161.0546875,0.098176669368279512,2,Bull,0.0019946808510638296,0.099734042553191488,0.89827127659574468,0.89627659574468088,True,1,1
2024-10-25,66642.4140625,0.073320479417870787,2,Bull,0.0019933554817275745,0.099667774086378738,0.89833887043189364,0.89634551495016612,True,1,1
2024-10-26,67014.6953125,0.066791023708260733,2,Bull,0.0019920318725099601,0.099601593625498003,0.89840637450199201,0.89641434262948205,True,1,1
2024-10-27,67929.296875,0.091467580433432394,2,Bull,0.0019907100199071004,0.099535500995355006,0.89847378898473784,0.8964830789648307,True,1,1
2024-10-28,69907.7578125,0.1251495682325372,2,Bull,0.0019893899204244032,0.099469496021220155,0.89854111405835546,0.89655172413793105,True,1,1
2024-10-29,72720.4921875,0.20036265352197025,2,Bull,0.0019880715705765406,0.099403578528827044,0.89860834990059646,0.89662027833001989,True,1,1
2024-10-30,72339.5390625,0.20016821479232516,2,Bull,0.0019867549668874172,0.099337748344370855,0.89867549668874169,0.89668874172185431,True,1,1
2024-10-31,70215.1875,0.12443088280747649,2,Bull,0.0019854401058901389,0.099272005294506943,0.89874255459960295,0.89675711449371276,True,1,1
2024-11-01,69482.46875,0.099527526463747629,2,Bull,0.001984126984126984,0.099206349206349201,0.89880952380952384,0.89682539682539686,True,1,1
2024-11-02,69289.2734375,0.10243051066901887,2,Bull,0.0019828155981493722,0.099140779907468599,0.898876404494382,0.89689358889623261,True,1,1
2024-11-03,68741.1171875,0.040804698042466558,1,Sideways,0.10707635009310987,0.75977653631284914,0.13314711359404097,0.026070763500931099,True,1,1
2024-11-04,67811.5078125,0.011491433311324073,1,Sideways,0.10707635009310987,0.75977653631284914,0.13314711359404097,0.026070763500931099,True,1,1
2024-11-05,69359.5625,0.025836022900646904,1,Sideways,0.10697674418604651,0.76000000000000001,0.13302325581395349,0.026046511627906985,True,1,1
2024-11-06,75639.078125,0.12224424693170266,2,Bull,0.0019801980198019802,0.099669966996699666,0.8983498349834983,0.89636963696369631,True,1,1
2024-11-07,75904.859375,0.10941541665786469,2,Bull,0.0019801980198019802,0.099669966996699666,0.8983498349834983,0.89636963696369631,True,1,1
2024-11-08,76545.4765625,0.11969594637063552,2,Bull,0.0019788918205804751,0.099604221635883908,0.89841688654353558,0.89643799472295504,True,1,1
2024-11-09,76778.8671875,0.11270974063366634,2,Bull,0.001977587343441002,0.099538562953197102,0.89848384970336193,0.89650626235992092,True,1,1
2024-11-10,80474.1875,0.19454881866524576,2,Bull,0.001976284584980237,0.099472990777338607,0.89855072463768115,0.89657444005270093,True,1,1
2024-11-11,88701.484375,0.31679977175357732,2,Bull,0.0019749835418038184,0.099407504937458854,0.89861751152073732,0.89664252797893351,True,1,1
2024-11-12,87955.8125,0.32399376667069246,2,Bull,0.0019736842105263159,0.099342105263157898,0.89868421052631575,0.8967105263157894,True,1,1
2024-11-13,90584.1640625,0.32897245322572966,2,Bull,0.0019723865877712033,0.099276791584483895,0.89875082182774491,0.89677843523997369,True,1,1
2024-11-14,87250.4296875,0.30923272985989003,2,Bull,0.0019710906701708277,0.099211563731931671,0.8988173455978975,0.89684625492772663,True,1,1
2024-11-15,91066.0078125,0.35889609566744984,2,Bull,0.001969796454366382,0.099146421536441237,0.89888378200919239,0.89691398555482604,True,1,1
2024-11-16,90558.4765625,0.33312842512032836,2,Bull,0.001968503937007874,0.099081364829396321,0.89895013123359579,0.89698162729658792,True,1,1
2024-11-17,89845.8515625,0.28520573930401372,2,Bull,0.0019672131147540984,0.099016393442622946,0.89901639344262296,0.89704918032786884,True,1,1
2024-11-18,90542.640625,0.24507739017425778,2,Bull,0.0019659239842726079,0.09895150720838794,0.8990825688073395,0.89711664482306686,True,1,1
2024-11-19,92343.7890625,0.27653272690494624,2,Bull,0.0019646365422396855,0.098886705959397511,0.89914865749836281,0.89718402095612315,True,1,1
2024-11-20,94339.4921875,0.34357673241989128,2,Bull,0.001963350785340314,0.098821989528795812,0.89921465968586389,0.89725130890052363,True,1,1
2024-11-21,98504.7265625,0.41769180535197958,2,Bull,0.0019620667102681491,0.098757357750163505,0.89928057553956831,0.8973185088293002,True,1,1
2024-11-22,98997.6640625,0.42875887061793816,2,Bull,0.0019607843137254902,0.098692810457516336,0.89934640522875819,0.89738562091503271,True,1,1
2024-11-23,97777.28125,0.42239878038787504,2,Bull,0.0019595035924232528,0.098628347485303719,0.89941214892227306,0.89745264532984981,True,1,1
2024-11-24,98013.8203125,0.44538624009821337,2,Bull,0.0019582245430809398,0.098563968668407317,0.89947780678851175,0.89751958224543082,True,1,1
2024-11-25,93102.296875,0.34231378513957611,2,Bull,0.0019569471624266144,0.09849967384213959,0.8995433789954338,0.89758643183300713,True,1,1
2024-11-26,91985.3203125,0.21610842692300469,2,Bull,0.0019556714471968711,0.098435462842242499,0.89960886571056065,0.89765319426336376,True,1,1
2024-11-27,95962.53125,0.26424753355917807,2,Bull,0.0019543973941368079,0.098371335504885998,0.8996742671009772,0.89771986970684037,True,1,1
2024-11-28,95652.46875,0.2496162156871411,2,Bull,0.001953125,0.098307291666666671,0.89973958333333337,0.89778645833333337,True,1,1
2024-11-29,97461.5234375,0.2693795442369753,2,Bull,0.0019518542615484711,0.098243331164606373,0.8998048145738452,0.89785296031229678,True,1,1
2024-11-30,96449.0546875,0.19850920753316093,2,Bull,0.0019505851755526658,0.098179453836150843,0.89986996098829652,0.89791937581274384,True,1,1
2024-12-01,97279.7890625,0.096709821125809059,2,Bull,0.0019493177387914229,0.098115659519168286,0.89993502274204029,0.89798570500324892,True,1,1
2024-12-02,95865.3046875,0.089925747516686361,2,Bull,0.0019480519480519481,0.098051948051948057,0.90000000000000002,0.8980519480519481,True,1,1
2024-12-03,96002.1640625,0.059811778980062735,2,Bull,0.0019467878001297859,0.097988319273199218,0.90006489292667102,0.89811810512654122,True,1,1
2024-12-04,98768.53125,0.13201197522755748,2,Bull,0.0019455252918287938,0.097924773022049286,0.90012970168612194,0.89818417639429315,True,1,1
2024-12-05,96593.5703125,0.060698416816304945,2,Bull,0.0019442644199611147,0.097861309138042779,0.9001944264419961,0.898250162022035,True,1,1
2024-12-06,99920.7109375,0.1033833024845392,2,Bull,0.0019430051813471502,0.097797927461139897,0.90025906735751293,0.89831606217616577,True,1,1
2024-12-07,99923.3359375,0.11216415894271692,2,Bull,0.0019417475728155339,0.097734627831715215,0.90032362459546922,0.89838187702265371,True,1,1
2024-12-08,101236.015625,0.11810319343665587,2,Bull,0.0019404915912031048,0.097671410090556271,0.90038809831824063,0.8984476067270375,True,1,1
2024-12-09,97432.71875,0.055108521527698073,2,Bull,0.0019392372333548805,0.097608274078862314,0.90045248868778283,0.89851325145442795,True,1,1
2024-12-10,96675.4296875,0.024760971739781201,1,Sideways,0.10677808727948004,0.75951717734447544,0.13370473537604458,0.026926648096564532,True,1,1
2024-12-11,101173.03125,0.027088087857459309,1,Sideways,0.10677808727948004,0.75951717734447544,0.13370473537604458,0.026926648096564532,True,1,1
2024-12-12,100043,0.010559198011379944,1,Sideways,0.10667903525046382,0.75974025974025972,0.13358070500927643,0.026901669758812613,True,1,1
2024-12-13,101459.2578125,0.037656769705897375,1,Sideways,0.10658016682113068,0.75996292863762738,0.1334569045412419,0.026876737720111218,True,1,1
2024-12-14,101372.96875,0.034272191684702635,1,Sideways,0.10648148148148148,0.76018518518518519,0.13333333333333333,0.026851851851851849,True,1,1
2024-12-15,104298.6953125,0.12025910007926432,2,Bull,0.0019367333763718529,0.098127824402840541,0.89993544222078758,0.89799870884441568,True,1,1
2024-12-16,106029.71875,0.15268086679251902,2,Bull,0.0019367333763718529,0.098127824402840541,0.89993544222078758,0.89799870884441568,True,1,1
2024-12-17,106140.6015625,0.10606296207406474,2,Bull,0.0019354838709677419,0.098064516129032261,0.90000000000000002,0.89806451612903226,True,1,1
2024-12-18,100041.5390625,0.045885593648099077,1,Sideways,0.10628465804066543,0.75970425138632158,0.13401109057301294,0.027726432532347509,True,1,1
2024-12-19,97490.953125,0.00030196211245225868,1,Sideways,0.10628465804066543,0.75970425138632158,0.13401109057301294,0.027726432532347509,True,1,1
2024-12-20,97755.9296875,0.013549899521922093,1,Sideways,0.1061865189289012,0.75992613111726681,0.13388734995383195,0.027700831024930747,True,1,1
2024-12-21,97224.7265625,-0.00056602199213884319,1,Sideways,0.10608856088560886,0.76014760147601479,0.13376383763837638,0.027675276752767514,True,0,0
2024-12-22,95104.9375,-0.0079316202037705841,1,Sideways,0.10599078341013825,0.76036866359447008,0.13364055299539171,0.027649769585253461,True,0,0
2024-12-23,94686.2421875,-0.013707210538955183,1,Sideways,0.10589318600368323,0.76058931860036827,0.13351749539594843,0.027624309392265192,True,0,0
2024-12-24,98676.09375,-0.00093590031997159429,1,Sideways,0.10579576816927323,0.76080956761729535,0.13339466421343146,0.02759889604415823,True,0,0
2024-12-25,99299.1953125,0.028010404742745854,1,Sideways,0.10569852941176471,0.76102941176470584,0.13327205882352941,0.027573529411764705,True,1,1
2024-12-26,95795.515625,-0.041284687366568984,1,Sideways,0.10560146923783287,0.76124885215794302,0.13314967860422405,0.027548209366391185,True,0,0
2024-12-27,94164.859375,-0.057628946316422125,0,Bear,0.87918781725888329,0.10964467005076142,0.011167512690355329,-0.86802030456852797,True,0,0
2024-12-28,95163.9296875,-0.059979503341896723,0,Bear,0.87918781725888329,0.10964467005076142,0.011167512690355329,-0.86802030456852797,True,0,0
2024-12-29,93530.2265625,-0.040053200173068126,1,Sideways,0.10632447296058661,0.76076993583868013,0.13290559120073328,0.026581118240146667,True,0,0
2024-12-30,92643.2109375,-0.041708826772573038,1,Sideways,0.10632447296058661,0.76076993583868013,0.13290559120073328,0.026581118240146667,True,0,0
2024-12-31,93429.203125,-0.076540437993450006,0,Bear,0.87841945288753798,0.11043566362715299,0.011144883485309016,-0.86727456940222891,True,0,0
2025-01-01,94419.7578125,-0.056208252326499619,0,Bear,0.87841945288753798,0.11043566362715299,0.011144883485309016,-0.86727456940222891,True,0,0
2025-01-02,96886.875,-0.045066196137073189,1,Sideways,0.10704483074107959,0.76029277218664226,0.13266239707227814,0.025617566331198549,True,0,0
2025-01-03,98107.4296875,-0.032213114627759221,1,Sideways,0.10704483074107959,0.76029277218664226,0.13266239707227814,0.025617566331198549,True,0,0
2025-01-04,98236.2265625,-0.058126026714290346,0,Bear,0.8776541961577351,0.11122345803842265,0.011122345803842264,-0.8665318503538928,True,0,0
2025-01-05,98314.9609375,-0.072760334587796849,0,Bear,0.8776541961577351,0.11122345803842265,0.011122345803842264,-0.8665318503538928,True,0,0
2025-01-06,102078.0859375,-0.038274850200541,1,Sideways,0.10776255707762557,0.75981735159817354,0.13242009132420091,0.024657534246575338,True,0,0
2025-01-07,96922.703125,-0.031175409402203758,1,Sideways,0.10776255707762557,0.75981735159817354,0.13242009132420091,0.024657534246575338,True,0,0
2025-01-08,95043.5234375,-0.025104172326246288,1,Sideways,0.10766423357664233,0.76003649635036497,0.13229927007299269,0.024635036496350363,True,0,0
2025-01-09,92484.0390625,-0.0539291134752935,0,Bear,0.87689202825428858,0.11200807265388496,0.011099899091826439,-0.86579212916246218,True,0,0
2025-01-10,94701.453125,-0.025953001121355013,1,Sideways,0.10837887067395265,0.7595628415300546,0.13205828779599271,0.023679417122040067,True,0,0
2025-01-11,94566.59375,-0.0056605236715496776,1,Sideways,0.10837887067395265,0.7595628415300546,0.13205828779599271,0.023679417122040067,True,0,0
2025-01-12,94488.4375,-0.0020890541532770923,1,Sideways,0.10828025477707007,0.75978161965423108,0.13193812556869883,0.02365787079162876,True,0,0
2025-01-13,94516.5234375,-0.042153779648376077,1,Sideways,0.10818181818181818,0.76000000000000001,0.13181818181818181,0.023636363636363622,True,0,0
2025-01-14,96534.046875,-0.027846634897673916,1,Sideways,0.10808356039963669,0.76021798365122617,0.13169845594913715,0.023614895549500456,True,0,0
2025-01-15,100504.4921875,0.049156544873496077,1,Sideways,0.10798548094373865,0.76043557168784026,0.13157894736842105,0.023593466424682394,True,1,1
2025-01-16,99756.90625,0.059385708342964305,2,Bull,0.0019329896907216496,0.09858247422680412,0.89948453608247425,0.89755154639175261,True,1,1
2025-01-17,104462.0390625,0.097706236023808568,2,Bull,0.0019329896907216496,0.09858247422680412,0.89948453608247425,0.89755154639175261,True,1,1
2025-01-18,104408.0703125,0.11630297658619559,2,Bull,0.0019317450096587251,0.098518995492594977,0.89954925949774633,0.89761751448808758,True,1,1
2025-01-19,101089.609375,0.091171261790550462,2,Bull,0.0019305019305019305,0.098455598455598453,0.89961389961389959,0.89768339768339767,True,1,1
2025-01-20,102016.6640625,0.091914098057870985,2,Bull,0.0019292604501607716,0.098392282958199351,0.89967845659163992,0.89774919614147919,True,1,1
2025-01-21,106146.265625,0.1241954870906008,2,Bull,0.0019280205655526992,0.098329048843187661,0.89974293059125965,0.8978149100257069,True,1,1
2025-01-22,103653.0703125,0.0698360362278172,2,Bull,0.0019267822736030828,0.098265895953757232,0.89980732177263967,0.89788053949903657,True,1,1
2025-01-23,103960.171875,0.059656462371327379,2,Bull,0.0019255455712451862,0.098202824133504493,0.8998716302952503,0.89794608472400517,True,1,1
2025-01-24,104819.484375,0.06701456318979826,2,Bull,0.0019243104554201411,0.098139833226427192,0.89993585631815265,0.89801154586273246,True,1,1
2025-01-25,104714.6484375,0.06509372977392891,2,Bull,0.0019230769230769232,0.098076923076923075,0.90000000000000002,0.89807692307692311,True,1,1
2025-01-26,102682.5,0.0059210951787445065,1,Sideways,0.10778985507246377,0.75996376811594202,0.13224637681159421,0.024456521739130432,True,1,1
2025-01-27,102087.6875,0.053289726849020891,2,Bull,0.0019206145966709346,0.098591549295774641,0.89948783610755445,0.89756722151088353,True,1,1
2025-01-28,101332.4765625,0.066169191729677168,2,Bull,0.0019206145966709346,0.098591549295774641,0.89948783610755445,0.89756722151088353,True,1,1
2025-01-29,103703.2109375,0.12130927659223634,2,Bull,0.0019193857965451055,0.09852847088931542,0.89955214331413946,0.8976327575175943,True,1,1
2025-01-30,104735.3046875,0.10595245618096216,2,Bull,0.0019181585677749361,0.098465473145780052,0.89961636828644498,0.89769820971867009,True,1,1
2025-01-31,102405.0234375,0.082887935122438527,2,Bull,0.0019169329073482429,0.09840255591054313,0.89968051118210868,0.89776357827476039,True,1,1
2025-02-01,100655.90625,0.065272205924666649,2,Bull,0.0019157088122605363,0.098339719029374204,0.89974457215836523,0.89782886334610468,True,1,1
2025-02-02,97688.9765625,0.033565063648345328,1,Sideways,0.1076923076923077,0.75927601809954748,0.1330316742081448,0.025339366515837097,True,1,1
2025-02-03,101405.421875,0.050462765808501286,2,Bull,0.0019132653061224489,0.098852040816326536,0.89923469387755106,0.8973214285714286,True,1,1
2025-02-04,97871.8203125,-0.026194569194862627,1,Sideways,0.10759493670886076,0.75858951175406875,0.13381555153707053,0.026220614828209768,True,0,0
2025-02-05,96615.4453125,-0.031491162422651819,1,Sideways,0.10759493670886076,0.75858951175406875,0.13381555153707053,0.026220614828209768,True,0,0
2025-02-06,96593.296875,-0.075326331537450719,0,Bear,0.876008064516129,0.11290322580645161,0.011088709677419355,-0.86491935483870963,True,0,0
2025-02-07,96529.0859375,-0.075463365536952209,0,Bear,0.876008064516129,0.11290322580645161,0.011088709677419355,-0.86491935483870963,True,0,0
2025-02-08,96482.453125,-0.045574973318072587,1,Sideways,0.10830324909747292,0.75812274368231047,0.13357400722021662,0.025270758122743694,True,0,0
2025-02-09,96500.09375,-0.054075188237093341,0,Bear,0.87525150905432592,0.11368209255533199,0.011066398390342052,-0.86418511066398385,True,0,0
2025-02-10,97437.5546875,-0.082044440152672538,0,Bear,0.87525150905432592,0.11368209255533199,0.011066398390342052,-0.86418511066398385,True,0,0
2025-02-11,95747.4296875,-0.076270202138398413,0,Bear,0.87537688442211059,0.1135678391959799,0.011055276381909548,-0.86432160804020108,True,0,0
2025-02-12,97885.859375,-0.058429227178497301,0,Bear,0.87550200803212852,0.11345381526104417,0.01104417670682731,-0.86445783132530118,True,0,0
2025-02-13,96623.8671875,-0.078187917412182006,0,Bear,0.87562688064192573,0.11334002006018054,0.011033099297893681,-0.86459378134403209,True,0,0
2025-02-14,97508.96875,-0.068812528094393421,0,Bear,0.87575150300601201,0.11322645290581163,0.011022044088176353,-0.8647294589178357,True,0,0
2025-02-15,97580.3515625,-0.049688588001850387,1,Sideways,0.109107303877367,0.75743913435527499,0.13345356176735798,0.02434625788999098,True,0,0
2025-02-16,96175.03125,-0.057917427603598082,0,Bear,0.875,0.114,0.010999999999999999,-0.86399999999999999,True,0,0
2025-02-17,95773.3828125,-0.054859941635505671,0,Bear,0.875,0.114,0.010999999999999999,-0.86399999999999999,True,0,0
2025-02-18,95539.546875,-0.078721420375499118,0,Bear,0.87512487512487513,0.11388611388611389,0.01098901098901099,-0.86413586413586418,True,0,0
2025-02-19,96635.609375,-0.077334909528999352,0,Bear,0.87524950099800403,0.11377245508982035,0.010978043912175649,-0.86427145708582842,True,0,0
2025-02-20,98333.9375,-0.039754748359436376,1,Sideways,0.10990990990990991,0.7567567567567568,0.13333333333333333,0.02342342342342342,True,0,0
2025-02-21,96125.546875,-0.045008380966218731,1,Sideways,0.10990990990990991,0.7567567567567568,0.13333333333333333,0.02342342342342342,True,0,0
2025-02-22,96577.7578125,-0.011375067987216103,1,Sideways,0.10981098109810981,0.75697569756975702,0.13321332133213321,0.023402340234023392,True,0,0
2025-02-23,96273.921875,-0.05060380308190493,0,Bear,0.87450199203187251,0.1145418326693227,0.010956175298804782,-0.86354581673306774,True,0,0
2025-02-24,91418.171875,-0.065939801843817869,0,Bear,0.87450199203187251,0.1145418326693227,0.010956175298804782,-0.86354581673306774,True,0,0
2025-02-25,88736.171875,-0.081552938166508548,0,Bear,0.87462686567164183,0.11442786069651742,0.010945273631840797,-0.86368159203980099,True,0,0
2025-02-26,84347.0234375,-0.1267818144083821,0,Bear,0.87475149105367789,0.1143141153081511,0.010934393638170975,-0.86381709741550694,True,0,0
2025-02-27,84704.2265625,-0.12250048014187431,0,Bear,0.87487586891757696,0.11420059582919563,0.010923535253227408,-0.86395233366434954,True,0,0
2025-02-28,84373.0078125,-0.12550930164276952,0,Bear,0.875,0.11408730158730158,0.010912698412698412,-0.86408730158730163,True,0,0
2025-03-01,86031.9140625,-0.10847844059736989,0,Bear,0.87512388503468785,0.11397423191278494,0.010901883052527254,-0.86422200198216059,True,0,0
2025-03-02,94248.3515625,-0.03273073852508257,1,Sideways,0.11051212938005391,0.75651392632524705,0.132973944294699,0.022461814914645092,True,0,0
2025-03-03,86065.671875,-0.10111767850165043,0,Bear,0.87438180019782397,0.11473788328387735,0.010880316518298714,-0.86350148367952528,True,0,0
2025-03-04,87222.1953125,-0.10893978078741262,0,Bear,0.87438180019782397,0.11473788328387735,0.010880316518298714,-0.86350148367952528,True,0,0
2025-03-05,90623.5625,-0.062099612260978154,0,Bear,0.87450592885375489,0.11462450592885376,0.010869565217391304,-0.86363636363636354,True,0,0
2025-03-06,89961.7265625,-0.077400492326507142,0,Bear,0.87462981243830207,0.11451135241855874,0.01085883514313919,-0.86377097729516283,True,0,0
2025-03-07,86742.671875,-0.11106415906442491,0,Bear,0.87475345167652863,0.11439842209072978,0.010848126232741617,-0.86390532544378695,True,0,0
2025-03-08,86154.59375,-0.10418959442760778,0,Bear,0.87487684729064041,0.11428571428571428,0.01083743842364532,-0.86403940886699504,True,0,0
2025-03-09,80601.0390625,-0.1584192111048599,0,Bear,0.875,0.1141732283464567,0.010826771653543307,-0.86417322834645671,True,0,0
2025-03-10,78532,-0.17801577913334643,0,Bear,0.87512291052114066,0.11406096361848574,0.010816125860373648,-0.86430678466076705,True,0,0
2025-03-11,82862.2109375,-0.14252922423297965,0,Bear,0.87524557956777993,0.11394891944990176,0.010805500982318271,-0.86444007858546168,True,0,0
2025-03-12,83722.359375,-0.14859140695957584,0,Bear,0.87536800785083413,0.11383709519136408,0.010794896957801767,-0.86457311089303235,True,0,0
2025-03-13,81066.703125,-0.15665808143159132,0,Bear,0.87549019607843137,0.11372549019607843,0.010784313725490196,-0.86470588235294121,True,0,0
2025-03-14,83969.1015625,-0.13055445203520832,0,Bear,0.87561214495592554,0.11361410381978453,0.010773751224289911,-0.86483839373163562,True,0,0
2025-03-15,84343.109375,-0.12392569314347357,0,Bear,0.87573385518590996,0.11350293542074363,0.010763209393346379,-0.86497064579256355,True,0,0
2025-03-16,82579.6875,-0.096681919947876893,0,Bear,0.87585532746823069,0.11339198435972629,0.010752688172043012,-0.86510263929618769,True,0,0
2025-03-17,84075.6875,-0.052520683240258381,0,Bear,0.8759765625,0.11328125,0.0107421875,-0.865234375,True,0,0
2025-03-18,82718.5,-0.019307420358546712,1,Sideways,0.11131059245960502,0.75583482944344704,0.13285457809694792,0.021543985637342902,True,0,0
2025-03-19,86854.2265625,0.025382440608363144,1,Sideways,0.11131059245960502,0.75583482944344704,0.13285457809694792,0.021543985637342902,True,1,1
2025-03-20,84167.1953125,-0.0024393168542405919,1,Sideways,0.11121076233183856,0.75605381165919283,0.13273542600896862,0.02152466367713006,True,0,0
2025-03-21,84043.2421875,-0.023115513547162014,1,Sideways,0.1111111111111111,0.75627240143369179,0.13261648745519714,0.02150537634408603,True,0,0
2025-03-22,83832.484375,-0.11051511262340552,0,Bear,0.87524366471734893,0.11403508771929824,0.010721247563352826,-0.86452241715399614,True,0,0
2025-03-23,86054.375,-0.00013125877895203697,1,Sideways,0.11180679785330948,0.7558139534883721,0.13237924865831843,0.020572450805008954,True,0,0
2025-03-24,87498.9140625,0.0031725726348501571,1,Sideways,0.11180679785330948,0.7558139534883721,0.13237924865831843,0.020572450805008954,True,1,1
2025-03-25,87471.703125,-0.034779689608869679,1,Sideways,0.11170688114387846,0.75603217158176939,0.13226094727435209,0.020554066130473628,True,0,0
2025-03-26,86900.8828125,-0.034023843994073544,1,Sideways,0.11160714285714286,0.75624999999999998,0.13214285714285715,0.020535714285714282,True,0,0
2025-03-27,87177.1015625,0.0050082580823200828,1,Sideways,0.11150758251561106,0.75646743978590547,0.13202497769848351,0.020517395182872447,True,1,1
2025-03-28,84353.1484375,-0.020909451650684585,1,Sideways,0.11140819964349376,0.75668449197860965,0.1319073083778966,0.020499108734402846,True,0,0
2025-03-29,82597.5859375,0.024770733705453019,1,Sideways,0.11130899376669635,0.75690115761353516,0.13178984861976847,0.02048085485307212,True,1,1
2025-03-30,82334.5234375,0.048420050902816758,1,Sideways,0.11120996441281139,0.75711743772241991,0.13167259786476868,0.020462633451957285,True,1,1
2025-03-31,82548.9140625,-0.0037809379143444177,1,Sideways,0.1111111111111111,0.7573333333333333,0.13155555555555556,0.02044444444444446,True,0,0
2025-04-01,85169.171875,0.017281076534400919,1,Sideways,0.11101243339253997,0.75754884547069268,0.13143872113676733,0.020426287744227362,True,1,1
2025-04-02,82485.7109375,0.017504200341192711,1,Sideways,0.11091393078970718,0.75776397515527949,0.1313220940550133,0.020408163265306117,True,1,1
2025-04-03,83102.828125,-0.010316573851337663,1,Sideways,0.11081560283687943,0.75797872340425532,0.13120567375886524,0.020390070921985817,True,0,0
2025-04-04,83843.8046875,-0.0059199226967081575,1,Sideways,0.11071744906997343,0.75819309123117806,0.13108945969884853,0.020372010628875101,True,0,0
2025-04-05,83504.796875,0.011202626251158865,1,Sideways,0.11061946902654868,0.75840707964601772,0.13097345132743363,0.020353982300884949,True,1,1
2025-04-06,78214.484375,-0.069713412988743007,0,Bear,0.87439143135345665,0.11489776046738072,0.010710808179162609,-0.86368062317429406,True,0,0
2025-04-07,79235.3359375,-0.042108646342716605,1,Sideways,0.11130742049469965,0.75795053003533563,0.13074204946996468,0.019434628975265031,True,0,0
2025-04-08,76271.953125,-0.1218394758243001,0,Bear,0.87354085603112841,0.11575875486381323,0.010700389105058366,-0.86284046692607008,True,0,0
2025-04-09,82573.953125,-0.018929491253504849,1,Sideways,0.11209179170344219,0.75728155339805825,0.13062665489849956,0.018534863195057372,True,0,0
2025-04-10,79626.140625,-0.05255748645019509,0,Bear,0.87269193391642375,0.11661807580174927,0.010689990281827016,-0.8620019436345967,True,0,0
2025-04-11,83404.8359375,-0.0051012258635571017,1,Sideways,0.1128747795414462,0.75661375661375663,0.13051146384479717,0.017636684303350969,True,0,0
2025-04-12,85287.109375,-0.0089160559820462559,1,Sideways,0.1128747795414462,0.75661375661375663,0.13051146384479717,0.017636684303350969,True,0,0
2025-04-13,83684.9765625,-0.043588398106012227,1,Sideways,0.11277533039647578,0.75682819383259914,0.13039647577092511,0.017621145374449337,True,0,0
2025-04-14,84542.390625,-0.033488687145074914,1,Sideways,0.11267605633802817,0.75704225352112675,0.13028169014084506,0.017605633802816892,True,0,0
2025-04-15,83668.9921875,-0.037190538466372436,1,Sideways,0.11257695690413369,0.75725593667546176,0.13016710642040458,0.017590149516270887,True,0,0
2025-04-16,84033.8671875,-0.036055733887258468,1,Sideways,0.11247803163444639,0.75746924428822493,0.13005272407732865,0.017574692442882262,True,0,0
2025-04-17,84895.75,0.0064324992315138996,1,Sideways,0.11237928007023705,0.75768217734855137,0.1299385425812116,0.017559262510974546,True,1,1
2025-04-18,84450.8046875,0.022436718082805562,1,Sideways,0.11228070175438597,0.75789473684210529,0.12982456140350876,0.017543859649122792,True,1,1
2025-04-19,85063.4140625,0.033143941460613391,1,Sideways,0.11218229623137599,0.75810692375109556,0.12971078001752848,0.017528483786152488,True,1,1
2025-04-20,85174.3046875,0.031804060111708443,1,Sideways,0.11208406304728546,0.7583187390542907,0.1295971978984238,0.01751313485113834,True,1,1
2025-04-21,87518.90625,0.027589024564529385,1,Sideways,0.11198600174978128,0.75853018372703407,0.12948381452318461,0.017497812773403329,True,1,1
2025-04-22,93441.890625,0.13282518345270211,2,Bull,0.0019120458891013384,0.099426386233269604,0.89866156787762907,0.89674952198852775,True,1,1
2025-04-23,93699.109375,0.1275080702916811,2,Bull,0.0019120458891013384,0.099426386233269604,0.89866156787762907,0.89674952198852775,True,1,1
2025-04-24,93943.796875,0.12046199746235731,2,Bull,0.001910828025477707,0.09936305732484077,0.89872611464968155,0.89681528662420384,True,1,1
2025-04-25,94720.5,0.13431208199678646,2,Bull,0.0019096117122851686,0.099299809038828776,0.89879057924888606,0.89688096753660085,True,1,1
2025-04-26,94646.9296875,0.21009465757920887,2,Bull,0.0019083969465648854,0.099236641221374045,0.89885496183206104,0.89694656488549618,True,1,1
2025-04-27,93754.84375,0.18324536194246521,2,Bull,0.0019071837253655435,0.099173553719008267,0.89891926255562615,0.89701207883026057,True,1,1
2025-04-28,94978.75,0.24526442694265271,2,Bull,0.0019059720457433292,0.099110546378653117,0.89898348157560359,0.89707750952986032,True,1,1
2025-04-29,94284.7890625,0.14182239670386365,2,Bull,0.0019047619047619048,0.099047619047619051,0.8990476190476191,0.89714285714285724,True,1,1
2025-04-30,94207.3125,0.18312041448385852,2,Bull,0.0019035532994923859,0.098984771573604066,0.8991116751269036,0.89720812182741116,True,1,1
2025-05-01,96492.3359375,0.15691536171604259,2,Bull,0.0019023462270133164,0.09892200380469246,0.89917564996829424,0.89727330374128089,True,1,1
2025-05-02,96910.0703125,0.13628039480614662,2,Bull,0.0019011406844106464,0.098859315589353611,0.89923954372623571,0.89733840304182511,True,1,1
2025-05-03,95891.796875,0.14586632886708584,2,Bull,0.0018999366687777073,0.098796706776440785,0.89930335655478155,0.89740341988600381,True,1,1
2025-05-04,94315.9765625,0.11560574364228882,2,Bull,0.0018987341772151898,0.098734177215189872,0.89936708860759496,0.89746835443037976,True,1,1
2025-05-05,94748.0546875,0.13241539321009288,2,Bull,0.0018975332068311196,0.098671726755218223,0.89943074003795065,0.89753320683111948,True,1,1
2025-05-06,96802.4765625,0.15194599275682652,2,Bull,0.0018963337547408343,0.098609355246523395,0.89949431099873578,0.89759797724399493,True,1,1
2025-05-07,97032.3203125,0.14295851456050501,2,Bull,0.0018951358180669614,0.098547062539481992,0.89955780164245103,0.89766266582438403,True,1,1
2025-05-08,103241.4609375,0.22250417055861749,2,Bull,0.001893939393939394,0.098484848484848481,0.89962121212121215,0.89772727272727271,True,1,1
2025-05-09,102970.8515625,0.21051867829855242,2,Bull,0.0018927444794952682,0.098422712933753945,0.89968454258675079,0.89779179810725551,True,1,1
2025-05-10,104696.328125,0.22920085475455609,2,Bull,0.0018915510718789407,0.098360655737704916,0.89974779319041609,0.8978562421185371,True,1,1
2025-05-11,104106.359375,0.18952994085206587,2,Bull,0.001890359168241966,0.098298676748582225,0.89981096408317585,0.89792060491493386,True,1,1
2025-05-12,102812.953125,0.10028759518156427,2,Bull,0.001889168765743073,0.098236775818639793,0.89987405541561716,0.89798488664987408,True,1,1
2025-05-13,104169.8125,0.1117481606265267,2,Bull,0.0018879798615481435,0.098174952800503465,0.89993706733794843,0.89804908747640033,True,1,1
2025-05-14,103539.4140625,0.10214210524477485,2,Bull,0.0018867924528301887,0.098113207547169817,0.90000000000000002,0.89811320754716983,True,1,1
2025-05-15,103744.640625,0.095271251999303308,2,Bull,0.0018856065367693275,0.098051539912005034,0.90006285355122562,0.89817724701445634,True,1,1
2025-05-16,103489.2890625,0.0934246827043963,2,Bull,0.0018844221105527637,0.097989949748743713,0.90012562814070352,0.89824120603015079,True,1,1
2025-05-17,103191.0859375,0.10064804985075781,2,Bull,0.0018832391713747645,0.097928436911487754,0.90018832391713743,0.89830508474576265,True,1,1
2025-05-18,106446.0078125,0.12073498348314748,2,Bull,0.0018820577164366374,0.097867001254705141,0.90025094102885816,0.89836888331242148,True,1,1
2025-05-19,105606.1796875,0.12007653342147506,2,Bull,0.0018808777429467085,0.097805642633228843,0.90031347962382446,0.8984326018808777,True,1,1
2025-05-20,106791.0859375,0.13357533617679618,2,Bull,0.0018796992481203006,0.097744360902255634,0.90037593984962405,0.89849624060150379,True,1,1
2025-05-21,109678.078125,0.13665066825660288,2,Bull,0.001878522229179712,0.097683155917345027,0.90043832185347528,0.89855979962429555,True,1,1
2025-05-22,111673.28125,0.15233928620517934,2,Bull,0.0018773466833541927,0.097622027534418024,0.90050062578222778,0.89862327909887363,True,1,1
2025-05-23,107287.796875,0.11884228235763783,2,Bull,0.001876172607879925,0.097560975609756101,0.90056285178236395,0.89868667917448397,True,1,1
2025-05-24,107791.15625,0.14287271551040415,2,Bull,0.0018749999999999999,0.097500000000000003,0.90062500000000001,0.89875000000000005,True,1,1
2025-05-25,109035.390625,0.15079292112775078,2,Bull,0.0018738288569643974,0.097439100562148662,0.90068707058088693,0.89881324172392252,True,1,1
2025-05-26,109440.3671875,0.13055338121272553,2,Bull,0.0018726591760299626,0.097378277153558054,0.90074906367041196,0.898876404494382,True,1,1
2025-05-27,108994.640625,0.12328181243089342,2,Bull,0.0018714909544603868,0.097317529631940111,0.90081097941359956,0.89893948845913918,True,1,1
2025-05-28,107802.328125,0.044176701357035553,1,Sideways,0.11179039301310044,0.75807860262008731,0.13013100436681221,0.018340611353711775,True,1,1
2025-05-29,105641.7578125,0.025938469085873717,1,Sideways,0.11179039301310044,0.75807860262008731,0.13013100436681221,0.018340611353711775,True,1,1
2025-05-30,103998.5703125,-0.0066645872400312722,1,Sideways,0.11169284467713787,0.7582897033158813,0.13001745200698081,0.018324607329842937,True,0,0
2025-05-31,104638.09375,0.0051076070491011816,1,Sideways,0.11159546643417612,0.75850043591979077,0.12990409764603314,0.018308631211857024,True,1,1
2025-06-01,105652.1015625,0.027614695923072752,1,Sideways,0.11149825783972125,0.75871080139372826,0.12979094076655051,0.018292682926829257,True,1,1
2025-06-02,105881.53125,0.016432003753486635,1,Sideways,0.1114012184508268,0.75892080069625767,0.12967798085291557,0.018276762402088767,True,1,1
2025-06-03,105432.46875,0.01828342090440338,1,Sideways,0.11130434782608696,0.75913043478260867,0.12956521739130436,0.0182608695652174,True,1,1
2025-06-04,104731.984375,0.0095170578841647924,1,Sideways,0.11120764552562988,0.75933970460469158,0.12945264986967853,0.018245004344048646,True,1,1
2025-06-05,101575.953125,-0.018488250859898026,1,Sideways,0.1111111111111111,0.75954861111111116,0.12934027777777779,0.018229166666666685,True,0,0
2025-06-06,104390.34375,0.01162171908168852,1,Sideways,0.11101474414570685,0.75975715524718124,0.12922810060711187,0.018213356461405025,True,1,1
2025-06-07,105615.625,-0.0078009765660980168,1,Sideways,0.11091854419410745,0.75996533795493937,0.1291161178509532,0.018197573656845753,True,0,0
2025-06-08,105793.6484375,0.0017751683713467248,1,Sideways,0.11082251082251082,0.76017316017316017,0.12900432900432901,0.018181818181818188,True,1,1
2025-06-09,110294.1015625,0.03280250963128295,1,Sideways,0.11072664359861592,0.76038062283737029,0.12889273356401384,0.018166089965397925,True,1,1
2025-06-10,110257.234375,0.0052805105623745519,1,Sideways,0.11063094209161625,0.76058772687986176,0.12878133102852204,0.018150388936905792,True,1,1
2025-06-11,108686.625,-0.026744591155281383,1,Sideways,0.11053540587219343,0.76079447322970639,0.12867012089810018,0.018134715025906745,True,0,0
2025-06-12,105929.0546875,-0.012664461635679358,1,Sideways,0.11044003451251079,0.76100086281276957,0.12855910267471959,0.018119068162208804,True,0,0
2025-06-13,106090.96875,-0.015772977664853638,1,Sideways,0.1103448275862069,0.76120689655172413,0.12844827586206897,0.018103448275862077,True,0,0
2025-06-14,105472.40625,-0.032677320222146866,1,Sideways,0.11024978466838932,0.76141257536606377,0.12833763996554695,0.018087855297157632,True,0,0
2025-06-15,105552.0234375,-0.035529337573751429,1,Sideways,0.11015490533562823,0.76161790017211706,0.12822719449225473,0.018072289156626495,True,0,0
2025-06-16,106796.7578125,-0.020165053987029502,1,Sideways,0.11006018916595013,0.76182287188306108,0.12811693895098883,0.018056749785038698,True,0,0
2025-06-17,104601.1171875,-0.029695192981250895,1,Sideways,0.10996563573883161,0.76202749140893467,0.12800687285223367,0.018041237113402053,True,0,0
2025-06-18,104883.328125,-0.0071792603910104669,1,Sideways,0.10987124463519313,0.76223175965665235,0.12789699570815449,0.018025751072961366,True,0,0
2025-06-19,104684.2890625,0.0065935401605956567,1,Sideways,0.10977701543739279,0.76243567753001718,0.12778730703259006,0.018010291595197264,True,1,1
2025-06-20,103309.6015625,-0.012696066412238083,1,Sideways,0.10968294772922023,0.76263924592973431,0.12767780634104542,0.01799485861182519,True,0,0
2025-06-21,102257.40625,-0.032130882985719089,1,Sideways,0.1095890410958904,0.76284246575342463,0.12756849315068494,0.017979452054794537,True,0,0
2025-06-22,100987.140625,-0.046225159073717159,1,Sideways,0.10949529512403763,0.76304533789563733,0.12745936698032506,0.017964071856287428,True,0,0
2025-06-23,105577.7734375,0.001378177796865776,1,Sideways,0.1094017094017094,0.7632478632478632,0.12735042735042734,0.01794871794871794,True,1,1
2025-06-24,106045.6328125,0.012542953762781694,1,Sideways,0.10930828351836037,0.76345004269854821,0.12724167378309137,0.017933390264730995,True,1,1
2025-06-25,107361.2578125,0.056955455592728299,2,Bull,0.001869158878504673,0.097819314641744551,0.90031152647975077,0.89844236760124607,True,1,1
2025-06-26,106960,0.024615842401610966,1,Sideways,0.10912190963341858,0.763000852514919,0.12787723785166241,0.018755328218243827,True,1,1
2025-06-27,107088.4296875,0.013944950735272466,1,Sideways,0.10912190963341858,0.763000852514919,0.12787723785166241,0.018755328218243827,True,1,1
2025-06-28,107327.703125,0.014500442230293897,1,Sideways,0.10902896081771721,0.76320272572402048,0.12776831345826234,0.018739352640545132,True,1,1
2025-06-29,108385.5703125,-0.01730401919016944,1,Sideways,0.10893617021276596,0.76340425531914891,0.1276595744680851,0.01872340425531914,True,0,0
2025-06-30,107135.3359375,-0.028314681165337419,1,Sideways,0.10884353741496598,0.76360544217687076,0.12755102040816327,0.018707482993197286,True,0,0
2025-07-01,105698.28125,-0.027495045963567222,1,Sideways,0.10875106202209006,0.76380628717077315,0.12744265080713679,0.018691588785046731,True,0,0
2025-07-02,108859.3203125,0.027662529734118202,1,Sideways,0.10865874363327674,0.76400679117147707,0.12733446519524619,0.018675721561969449,True,1,1
2025-07-03,109647.9765625,0.033527903971562134,1,Sideways,0.1085665818490246,0.76420695504664971,0.1272264631043257,0.018659881255301103,True,1,1
2025-07-04,108034.3359375,0.024290046833931989,1,Sideways,0.10847457627118644,0.764406779661017,0.1271186440677966,0.018644067796610167,True,1,1
2025-07-05,108231.1796875,0.025382329611012944,1,Sideways,0.10838272650296359,0.76460626587637592,0.12701100762066045,0.018628281117696863,True,1,1
2025-07-06,109232.0703125,0.022803243748987345,1,Sideways,0.10829103214890017,0.76480541455160744,0.12690355329949238,0.018612521150592212,True,1,1
2025-07-07,108299.8515625,0.035360371614099773,1,Sideways,0.10819949281487742,0.76500422654268807,0.12679628064243448,0.018596787827557054,True,1,1
2025-07-08,108950.2734375,0.03877589875535814,1,Sideways,0.10810810810810811,0.76520270270270274,0.1266891891891892,0.018581081081081086,True,1,1
2025-07-09,111326.5546875,0.063450453592270639,2,Bull,0.0018679950186799503,0.098381070983810714,0.89975093399750938,0.89788293897882943,True,1,1
2025-07-10,115987.203125,0.12271464966235812,2,Bull,0.0018679950186799503,0.098381070983810714,0.89975093399750938,0.89788293897882943,True,1,1
2025-07-11,117516.9921875,0.14922719534067985,2,Bull,0.0018668326073428749,0.098319850653391411,0.89981331673926568,0.8979464841319228,True,1,1
2025-07-12,117435.2265625,0.1628730731032122,2,Bull,0.0018656716417910447,0.098258706467661688,0.89987562189054726,0.89800995024875618,True,1,1
2025-07-13,119116.1171875,0.12823100269314192,2,Bull,0.0018645121193287756,0.09819763828464885,0.89993784959602241,0.8980733374766936,True,1,1
2025-07-14,119849.703125,0.13017104001733926,2,Bull,0.0018633540372670807,0.098136645962732916,0.90000000000000002,0.8981366459627329,True,1,1
2025-07-15,117777.1875,0.09701758250346515,2,Bull,0.0018621973929236499,0.098075729360645555,0.90006207324643084,0.89819987585350713,True,1,1
2025-07-16,118738.5078125,0.11012067887528043,2,Bull,0.0018610421836228288,0.098014888337468978,0.90012406947890822,0.8982630272952854,True,1,1
2025-07-17,119289.84375,0.11393774377031707,2,Bull,0.0018598884066955983,0.097954122752634848,0.90018598884066958,0.89832610043397398,True,1,1
2025-07-18,118003.2265625,0.099466616042893197,2,Bull,0.0018587360594795538,0.097893432465923177,0.9002478314745973,0.8983890954151178,True,1,1
2025-07-19,117939.9765625,0.088152013431792575,2,Bull,0.0018575851393188853,0.097832817337461297,0.90030959752321982,0.89845201238390093,True,1,1
2025-07-20,117300.7890625,0.094884223174791504,2,Bull,0.0018564356435643563,0.097772277227722776,0.90037128712871284,0.89851485148514854,True,1,1
2025-07-21,117439.5390625,0.11108276949867624,2,Bull,0.0018552875695732839,0.097711811997526279,0.90043290043290047,0.89857761286332716,True,1,1
2025-07-22,119995.4140625,0.10229802756467588,2,Bull,0.001854140914709518,0.097651421508034617,0.90049443757725589,0.89864029666254641,True,1,1
2025-07-23,118754.9609375,0.083056565752574141,2,Bull,0.0018529956763434219,0.097591105620753557,0.90055589870290298,0.89870290302655953,True,1,1
2025-07-24,118368,0.095651664564108785,2,Bull,0.0018518518518518519,0.097530864197530862,0.90061728395061724,0.89876543209876536,True,1,1
2025-07-25,117635.8828125,0.086894582061791681,2,Bull,0.0018507094386181369,0.097470697100555212,0.90067859346082668,0.89882788402220859,True,1,1
2025-07-26,117947.3671875,0.079786978769756711,2,Bull,0.0018495684340320592,0.097410604192355116,0.9007398273736128,0.89889025893958074,True,1,1
2025-07-27,119448.4921875,0.10294234446448991,2,Bull,0.0018484288354898336,0.097350585335797907,0.90080098582871226,0.89895255699322241,True,1,1
2025-07-28,117924.4765625,0.08236971640230073,2,Bull,0.0018472906403940886,0.097290640394088676,0.90086206896551724,0.89901477832512311,True,1,1
2025-07-29,117922.1484375,0.059245467251853867,2,Bull,0.0018461538461538461,0.097230769230769232,0.90092307692307694,0.89907692307692311,True,1,1
2025-07-30,117831.1875,0.015898170878495321,1,Sideways,0.10792580101180438,0.76475548060708265,0.12731871838111297,0.019392917369308593,True,1,1
2025-07-31,115758.203125,-0.014966253218035241,1,Sideways,0.10792580101180438,0.76475548060708265,0.12731871838111297,0.019392917369308593,True,0,0
2025-08-01,113320.0859375,-0.03504179065733648,1,Sideways,0.10783487784330244,0.76495366470092674,0.12721145745577084,0.0193765796124684,True,0,0
2025-08-02,112526.9140625,-0.055317477437817897,0,Bear,0.87184466019417473,0.11747572815533981,0.010679611650485437,-0.86116504854368925,True,0,0
2025-08-03,114217.671875,-0.046992450570577882,1,Sideways,0.10849453322119428,0.76450798990748525,0.12699747687132043,0.018502943650126155,True,0,0
2025-08-04,115071.8828125,-0.022969683220700143,1,Sideways,0.10849453322119428,0.76450798990748525,0.12699747687132043,0.018502943650126155,True,0,0
2025-08-05,114141.4453125,-0.038715852040681065,1,Sideways,0.10840336134453782,0.76470588235294112,0.126890756302521,0.018487394957983183,True,0,0
2025-08-06,115028,-0.035726794637535919,1,Sideways,0.10831234256926953,0.76490344248530651,0.12678421494542402,0.018471872376154497,True,0,0
2025-08-07,117496.8984375,-0.0042907989870245578,1,Sideways,0.10822147651006711,0.7651006711409396,0.12667785234899329,0.018456375838926176,True,0,0
2025-08-08,116688.7265625,-0.010609210180204887,1,Sideways,0.10813076278290025,0.76529756915339475,0.12657166806370496,0.018440905280804706,True,0,0
2025-08-09,116500.359375,-0.0068237365997044774,1,Sideways,0.10804020100502512,0.76549413735343386,0.12646566164154105,0.018425460636515928,True,0,0
2025-08-10,119306.7578125,0.015899404620502544,1,Sideways,0.10794979079497909,0.76569037656903771,0.12635983263598327,0.018410041841004185,True,1,1
2025-08-11,118731.4453125,-0.010533475465501208,1,Sideways,0.10785953177257525,0.76588628762541811,0.12625418060200669,0.01839464882943144,True,0,0
2025-08-12,120172.90625,0.011940093292155174,1,Sideways,0.10776942355889724,0.76608187134502925,0.12614870509607351,0.018379281537176273,True,1,1
2025-08-13,123344.0625,0.042038916768045498,1,Sideways,0.10767946577629382,0.76627712854757934,0.12604340567612687,0.018363939899833051,True,1,1
2025-08-14,118359.578125,0.0061519945717030122,1,Sideways,0.10758965804837364,0.76647206005004165,0.12593828190158465,0.01834862385321101,True,1,1
2025-08-15,117398.3515625,-0.0046547509969191436,1,Sideways,0.1075,0.76666666666666672,0.12583333333333332,0.018333333333333326,True,0,0
2025-08-16,117491.3515625,-0.016384808122381744,1,Sideways,0.10741049125728559,0.7668609492089925,0.12572855953372189,0.018318068276436297,True,0,0
2025-08-17,117453.0625,-0.0039975930039439778,1,Sideways,0.10732113144758736,0.76705490848585689,0.12562396006655574,0.018302828618968384,True,0,0
2025-08-18,116252.3125,-0.014160494526480161,1,Sideways,0.10723192019950124,0.76724854530340814,0.12551953449709061,0.018287614297589364,True,0,0
2025-08-19,112831.1796875,-0.042433653759960666,1,Sideways,0.10714285714285714,0.76744186046511631,0.12541528239202657,0.01827242524916943,True,0,0
2025-08-20,114274.7421875,-0.01281516901137536,1,Sideways,0.10705394190871369,0.76763485477178428,0.12531120331950207,0.018257261410788386,True,0,0
2025-08-21,112419.03125,-0.0079514119676626915,1,Sideways,0.10696517412935323,0.76782752902155882,0.12520729684908791,0.018242122719734674,True,0,0
2025-08-22,116874.0859375,0.038632285540021849,1,Sideways,0.10687655343827672,0.76801988400994203,0.12510356255178129,0.018227009113504569,True,1,1
2025-08-23,115374.328125,0.010126771374449284,1,Sideways,0.10678807947019868,0.76821192052980136,0.125,0.01821192052980132,True,1,1
2025-08-24,113458.4296875,-0.014021262932049083,1,Sideways,0.10669975186104218,0.76840363937138134,0.12489660876757651,0.018196856906534331,True,0,0
2025-08-25,110124.3515625,-0.035193997579072822,1,Sideways,0.10661157024793388,0.76859504132231404,0.12479338842975207,0.018181818181818188,True,0,0
2025-08-26,111802.65625,-0.028039640348436867,1,Sideways,0.10652353426919901,0.76878612716763006,0.12469033856317094,0.018166804293971925,True,0,0
2025-08-27,111222.0625,-0.053404268716401582,0,Bear,0.87099903006789525,0.11833171677982542,0.01066925315227934,-0.86032977691561596,True,0,0
2025-08-28,112544.8046875,-0.035512615460590036,1,Sideways,0.10717230008244023,0.76834295136026376,0.12448474855729597,0.017312448474855732,True,0,0
2025-08-29,108410.8359375,-0.06943775522151685,0,Bear,0.87015503875968991,0.11918604651162791,0.01065891472868217,-0.85949612403100772,True,0,0
2025-08-30,108808.0703125,-0.087997425229671578,0,Bear,0.87015503875968991,0.11918604651162791,0.01065891472868217,-0.85949612403100772,True,0,0
2025-08-31,108236.7109375,-0.088390521545307243,0,Bear,0.87028073572120035,0.11907066795740562,0.010648596321393998,-0.85963213939980632,True,0,0
2025-09-01,109250.59375,-0.09088831119119245,0,Bear,0.87040618955512572,0.11895551257253385,0.010638297872340425,-0.85976789168278533,True,0,0
2025-09-02,111200.5859375,-0.098452056113361719,0,Bear,0.87053140096618353,0.11884057971014493,0.010628019323671498,-0.85990338164251201,True,0,0
2025-09-03,111723.2109375,-0.05606954073874193,0,Bear,0.87065637065637069,0.11872586872586872,0.010617760617760617,-0.86003861003861004,True,0,0
2025-09-04,110723.6015625,-0.056855568337742191,0,Bear,0.87078109932497594,0.11861137897782063,0.010607521697203472,-0.86017357762777247,True,0,0
2025-09-05,110650.984375,-0.058220176179190841,0,Bear,0.87090558766859349,0.11849710982658959,0.010597302504816955,-0.86030828516377655,True,0,0
2025-09-06,110224.6953125,-0.061542602922763257,0,Bear,0.87102983638113574,0.11838306063522618,0.010587102983638113,-0.86044273339749766,True,0,0
2025-09-07,111167.6171875,-0.043738444450298619,1,Sideways,0.10790774299835255,0.76771004942339371,0.1243822075782537,0.016474464579901149,True,0,0
2025-09-08,112071.4296875,-0.0067335110924500174,1,Sideways,0.10790774299835255,0.76771004942339371,0.1243822075782537,0.016474464579901149,True,0,0
2025-09-09,111530.546875,-0.024014014470471245,1,Sideways,0.10781893004115227,0.76790123456790127,0.1242798353909465,0.016460905349794233,True,0,0
2025-09-10,113955.359375,0.013666085785630777,1,Sideways,0.10773026315789473,0.76809210526315785,0.12417763157894737,0.016447368421052641,True,1,1
2025-09-11,115507.5390625,-0.011692471124272852,1,Sideways,0.1076417419884963,0.76828266228430564,0.12407559572719803,0.016433853738701737,True,0,0
2025-09-12,116101.578125,0.0063033953204223447,1,Sideways,0.10755336617405582,0.76847290640394084,0.12397372742200329,0.016420361247947463,True,1,1
2025-09-13,115950.5078125,0.021964680208107712,1,Sideways,0.10746513535684987,0.76866283839212468,0.12387202625102543,0.01640689089417556,True,1,1
2025-09-14,115407.65625,0.04797580746254404,1,Sideways,0.10737704918032787,0.76885245901639343,0.12377049180327869,0.016393442622950824,True,1,1
2025-09-15,115444.875,0.032577211241347381,1,Sideways,0.10728910728910729,0.76904176904176902,0.12366912366912367,0.016380016380016377,True,1,1
2025-09-16,116843.1875,0.050539657992765497,2,Bull,0.0018438844499078057,0.097725875845113705,0.90043023970497849,0.89858635525507069,True,1,1
2025-09-17,116468.5078125,0.034863476247480651,1,Sideways,0.107113654946852,0.76860179885527391,0.12428454619787407,0.017170891251022072,True,1,1
2025-09-18,117137.203125,0.080493495987161712,2,Bull,0.0018427518427518428,0.098280098280098274,0.89987714987714984,0.898034398034398,True,1,1
2025-09-19,115688.859375,0.063237855820236222,2,Bull,0.0018427518427518428,0.098280098280098274,0.89987714987714984,0.898034398034398,True,1,1
2025-09-20,115721.9609375,0.069156295818359359,2,Bull,0.001841620626151013,0.09821976672805402,0.899938612645795,0.89809699201964399,True,1,1
2025-09-21,115306.09375,0.055427616383091793,2,Bull,0.0018404907975460123,0.09815950920245399,0.90000000000000002,0.89815950920245402,True,1,1
2025-09-22,112748.5078125,0.013920087398370473,1,Sideways,0.10702614379084967,0.76797385620915037,0.125,0.017973856209150332,True,1,1
2025-09-23,112014.5,0.0026072385501250128,1,Sideways,0.10702614379084967,0.76797385620915037,0.125,0.017973856209150332,True,1,1
2025-09-24,113328.6328125,0.023527334852177395,1,Sideways,0.10693877551020409,0.76816326530612244,0.12489795918367347,0.017959183673469381,True,1,1
2025-09-25,109049.2890625,-0.014475201658141645,1,Sideways,0.1068515497553018,0.76835236541598695,0.12479608482871125,0.017944535073409457,True,0,0
2025-09-26,109712.828125,-0.0046438521426509505,1,Sideways,0.10676446617766912,0.76854115729421357,0.12469437652811736,0.017929910350448247,True,0,0
2025-09-27,109681.9453125,-0.013364250422802537,1,Sideways,0.10667752442996743,0.76872964169381108,0.1245928338762215,0.017915309446254066,True,0,0
2025-09-28,112122.640625,0.00045694908722770933,1,Sideways,0.10659072416598861,0.76891781936533765,0.12449145646867373,0.017900732302685116,True,1,1
2025-09-29,114400.3828125,0.025731389452581244,1,Sideways,0.10650406504065041,0.76910569105691062,0.12439024390243902,0.017886178861788615,True,1,1
2025-09-30,114056.0859375,0.00088391246407759638,1,Sideways,0.10641754670999187,0.76929325751421607,0.12428919577579203,0.01787164906580016,True,1,1
2025-10-01,118648.9296875,0.027196412030735306,1,Sideways,0.10633116883116883,0.76948051948051943,0.12418831168831169,0.017857142857142863,True,1,1
2025-10-02,120681.2578125,0.039445455965889886,1,Sideways,0.10624493106244931,0.76966747769667476,0.12408759124087591,0.017842660178426603,True,1,1
2025-10-03,122266.53125,0.054471718638037014,2,Bull,0.001838235294117647,0.098651960784313722,0.89950980392156865,0.89767156862745101,True,1,1
2025-10-04,122425.4296875,0.060808560415591906,2,Bull,0.001838235294117647,0.098651960784313722,0.89950980392156865,0.89767156862745101,True,1,1
2025-10-05,123513.4765625,0.069891379435423229,2,Bull,0.001837109614206981,0.098591549295774641,0.89957134109001835,0.89773423147581133,True,1,1
2025-10-06,124752.53125,0.06769195465503719,2,Bull,0.0018359853121175031,0.098531211750305991,0.89963280293757653,0.89779681762545904,True,1,1
2025-10-07,121451.3828125,0.042783024300627304,1,Sideways,0.10607287449392712,0.76923076923076927,0.12469635627530365,0.01862348178137653,True,1,1
2025-10-08,123354.8671875,0.053080182014120458,2,Bull,0.0018337408312958435,0.099022004889975548,0.89914425427872857,0.89731051344743273,True,1,1
2025-10-09,121705.5859375,0.052007830269957589,2,Bull,0.0018337408312958435,0.099022004889975548,0.89914425427872857,0.89731051344743273,True,1,1
2025-10-10,113214.3671875,-0.021669125978208359,1,Sideways,0.10598705501618123,0.76860841423948223,0.12540453074433658,0.019417475728155345,True,0,0
2025-10-11,110807.8828125,-0.039011042618898872,1,Sideways,0.10598705501618123,0.76860841423948223,0.12540453074433658,0.019417475728155345,True,0,0
2025-10-12,115169.765625,0.021474854607623994,1,Sideways,0.1059013742926435,0.76879547291835082,0.12530315278900567,0.019401778496362168,True,1,1
2025-10-13,115271.078125,0.029072826509068062,1,Sideways,0.10581583198707593,0.76898222940226169,0.12520193861066237,0.019386106623586433,True,1,1
2025-10-14,113118.6640625,-0.0018527422840032282,1,Sideways,0.10573042776432606,0.76916868442292174,0.12510088781275222,0.019370460048426158,True,0,0
2025-10-15,110783.1640625,0.015899920255383337,1,Sideways,0.10564516129032259,0.76935483870967747,0.125,0.019354838709677413,True,1,1
2025-10-16,108186.0390625,-0.013916231024146741,1,Sideways,0.10556003223207092,0.76954069298952454,0.12489927477840451,0.019339242546333596,True,0,0
2025-10-17,106467.7890625,-0.029304333004328109,1,Sideways,0.10547504025764895,0.76972624798711753,0.12479871175523349,0.019323671497584544,True,0,0
2025-10-18,107198.265625,-0.043919541785229832,1,Sideways,0.10539018503620273,0.76991150442477874,0.1246983105390185,0.019308125502815771,True,0,0
2025-10-19,108666.7109375,-0.050119341684348839,0,Bear,0.87031700288184433,0.11911623439000961,0.010566762728146013,-0.85975024015369828,True,0,0
2025-10-20,110588.9296875,-0.030398695707477774,1,Sideways,0.10602409638554217,0.7694779116465863,0.12449799196787148,0.018473895582329314,True,0,0
2025-10-21,108476.890625,-0.085732244608453967,0,Bear,0.86948176583493286,0.1199616122840691,0.01055662188099808,-0.85892514395393482,True,0,0
2025-10-22,107688.5859375,-0.10766105781882429,0,Bear,0.86948176583493286,0.1199616122840691,0.01055662188099808,-0.85892514395393482,True,0,0
2025-10-23,110069.7265625,-0.099755874013969015,0,Bear,0.86960690316395017,0.11984659635666348,0.010546500479386385,-0.85906040268456374,True,0,0
2025-10-24,111033.921875,-0.093048542623682562,0,Bear,0.86973180076628354,0.11973180076628352,0.010536398467432951,-0.85919540229885061,True,0,0
2025-10-25,111641.7265625,-0.096117041884030252,0,Bear,0.86985645933014355,0.11961722488038277,0.010526315789473684,-0.85933014354066983,True,0,0
2025-10-26,114472.4453125,-0.082403826475464848,0,Bear,0.86998087954110903,0.11950286806883365,0.010516252390057362,-0.85946462715105165,True,0,0
2025-10-27,114119.328125,-0.060370285769569487,0,Bear,0.87010506208213945,0.11938872970391595,0.010506208213944603,-0.85959885386819479,True,0,0
2025-10-28,112956.1640625,-0.084299090600080784,0,Bear,0.87022900763358779,0.11927480916030535,0.01049618320610687,-0.85973282442748089,True,0,0
2025-10-29,110055.3046875,-0.09572511532858341,0,Bear,0.87035271687321258,0.11916110581506197,0.010486177311725452,-0.85986653956148718,True,0,0
2025-10-30,108305.546875,-0.043358634018333175,1,Sideways,0.10674157303370786,0.76886035313001611,0.12439807383627609,0.017656500802568226,True,0,0
2025-10-31,109556.1640625,-0.011296296962176045,1,Sideways,0.10674157303370786,0.76886035313001611,0.12439807383627609,0.017656500802568226,True,0,0
2025-11-01,110064.015625,-0.044332381613284233,1,Sideways,0.10665597433841219,0.76904570970328789,0.12429831595829992,0.01764234161988773,True,0,0
2025-11-02,110639.625,-0.040178795933335953,1,Sideways,0.10657051282051282,0.76923076923076927,0.12419871794871795,0.017628205128205135,True,0,0
2025-11-03,106547.5234375,-0.058090684498972922,0,Bear,0.86964795432921027,0.11988582302568981,0.010466222645099905,-0.85918173168411038,True,0,0
2025-11-04,101590.5234375,-0.082978679141298306,0,Bear,0.86964795432921027,0.11988582302568981,0.010466222645099905,-0.85918173168411038,True,0,0
2025-11-05,103891.8359375,-0.039692765926287454,1,Sideways,0.1072,0.76880000000000004,0.124,0.016799999999999995,True,0,0
2025-11-06,101301.2890625,-0.048526413908784205,1,Sideways,0.1072,0.76880000000000004,0.124,0.016799999999999995,True,0,0
2025-11-07,103372.40625,-0.035689564123953188,1,Sideways,0.10711430855315747,0.76898481215027981,0.12390087929656275,0.016786570743405282,True,0,0
2025-11-08,102282.1171875,-0.058753906278364521,0,Bear,0.86894586894586889,0.12060778727445394,0.010446343779677113,-0.85849952516619177,True,0,0
2025-11-09,104719.640625,-0.053073025293628562,0,Bear,0.86894586894586889,0.12060778727445394,0.010446343779677113,-0.85849952516619177,True,0,0
2025-11-10,105996.59375,-0.022864748986715311,1,Sideways,0.1077414205905826,0.76855546687948928,0.12370311252992817,0.015961691939345574,True,0,0
2025-11-11,102997.46875,-0.043561879345528909,1,Sideways,0.1077414205905826,0.76855546687948928,0.12370311252992817,0.015961691939345574,True,0,0
2025-11-12,101663.1875,-0.076374670175332726,0,Bear,0.8682464454976303,0.12132701421800948,0.01042654028436019,-0.85781990521327012,True,0,0
2025-11-13,99697.4921875,-0.10209879553982026,0,Bear,0.8682464454976303,0.12132701421800948,0.01042654028436019,-0.85781990521327012,True,0,0
2025-11-14,94397.7890625,-0.15445781815588799,0,Bear,0.86837121212121215,0.12121212121212122,0.010416666666666666,-0.85795454545454553,True,0,0
2025-11-15,95549.1484375,-0.16530875027034686,0,Bear,0.86849574266792806,0.12109744560075686,0.010406811731315043,-0.85808893093661298,True,0,0
2025-11-16,94177.078125,-0.17474910103007579,0,Bear,0.86862003780718333,0.12098298676748583,0.010396975425330813,-0.85822306238185253,True,0,0
2025-11-17,92093.875,-0.18469367506988499,0,Bear,0.86874409820585463,0.12086874409820586,0.010387157695939566,-0.85835694050991507,True,0,0
2025-11-18,92948.875,-0.15543484919762285,0,Bear,0.86886792452830186,0.12075471698113208,0.010377358490566037,-0.85849056603773577,True,0,0
2025-11-19,91465.9921875,-0.1554819228874329,0,Bear,0.86899151743638081,0.12064090480678605,0.010367577756833177,-0.85862393967954764,True,0,0
2025-11-20,86631.8984375,-0.20924669845068766,0,Bear,0.86911487758945383,0.12052730696798493,0.010357815442561206,-0.85875706214689262,True,0,0
2025-11-21,85090.6875,-0.22689820994798904,0,Bear,0.86923800564440268,0.12041392285983067,0.010348071495766699,-0.85888993414863601,True,0,0
2025-11-22,84648.359375,-0.234918236798073,0,Bear,0.86936090225563911,0.12030075187969924,0.010338345864661654,-0.85902255639097747,True,0,0
2025-11-23,86805.0078125,-0.18529305035025811,0,Bear,0.8694835680751174,0.12018779342723004,0.010328638497652582,-0.85915492957746487,True,0,0
2025-11-24,88270.5625,-0.13111420717991118,0,Bear,0.8696060037523452,0.1200750469043152,0.010318949343339587,-0.85928705440900566,True,0,0
2025-11-25,87341.890625,-0.15929976752414154,0,Bear,0.86972820993439548,0.11996251171508904,0.010309278350515464,-0.85941893158388005,True,0,0
2025-11-26,90518.3671875,-0.10644407366176012,0,Bear,0.86985018726591756,0.1198501872659176,0.010299625468164793,-0.8595505617977528,True,0,0
2025-11-27,91285.375,-0.1169270571178177,0,Bear,0.86997193638914871,0.11973807296538821,0.01028999064546305,-0.85968194574368562,True,0,0
2025-11-28,90919.265625,-0.11109323775210889,0,Bear,0.87009345794392523,0.11962616822429907,0.010280373831775701,-0.85981308411214952,True,0,0
2025-11-29,90851.7578125,-0.1324286707797323,0,Bear,0.87021475256769376,0.11951447245564893,0.01027077497665733,-0.85994397759103647,True,0,0
2025-11-30,90394.3125,-0.14719606260932327,0,Bear,0.87033582089552242,0.11940298507462686,0.010261194029850746,-0.86007462686567171,True,0,0
2025-12-01,86321.5703125,-0.16190590545459405,0,Bear,0.87045666356011187,0.11929170549860205,0.010251630941286114,-0.86020503261882575,True,0,0
2025-12-02,91350.203125,-0.1014426620747062,0,Bear,0.87057728119180633,0.11918063314711359,0.010242085661080074,-0.86033519553072624,True,0,0
2025-12-03,93527.8046875,-0.061884079174195583,0,Bear,0.87069767441860468,0.11906976744186047,0.010232558139534883,-0.86046511627906985,True,0,0
2025-12-04,92141.625,-0.023900602809735383,1,Sideways,0.10836653386454183,0.7681274900398406,0.12350597609561753,0.015139442231075703,True,0,0
2025-12-05,89387.7578125,-0.064483993062797951,0,Bear,0.87000928505106778,0.11977715877437325,0.01021355617455896,-0.85979572887650879,True,0,0
2025-12-06,89272.375,-0.052079584784845978,0,Bear,0.87000928505106778,0.11977715877437325,0.01021355617455896,-0.85979572887650879,True,0,0
2025-12-07,90405.640625,-0.018331668365567211,1,Sideways,0.10907643312101911,0.76751592356687903,0.12340764331210191,0.014331210191082799,True,0,0
2025-12-08,90640.203125,-0.024838083032204583,1,Sideways,0.10907643312101911,0.76751592356687903,0.12340764331210191,0.014331210191082799,True,0,0
2025-12-09,92691.7109375,0.013400814014976614,1,Sideways,0.10898965791567224,0.76770087509944307,0.12330946698488465,0.014319809069212416,True,1,1
2025-12-10,92020.9453125,0.062206265500321267,2,Bull,0.0018315018315018315,0.099511599511599505,0.89865689865689868,0.89682539682539686,True,1,1
2025-12-11,92511.3359375,0.087208702333025467,2,Bull,0.0018315018315018315,0.099511599511599505,0.89865689865689868,0.89682539682539686,True,1,1
2025-12-12,90270.4140625,0.066416581833485866,2,Bull,0.0018303843807199512,0.099450884685784016,0.89871873093349608,0.89688834655277616,True,1,1
2025-12-13,90298.7109375,0.040247713963075027,1,Sideways,0.10881652104845115,0.76727561556791102,0.12390786338363781,0.015091342335186664,True,1,1
2025-12-14,88175.1796875,-0.0010805732941828738,1,Sideways,0.10881652104845115,0.76727561556791102,0.12390786338363781,0.015091342335186664,True,0,0
2025-12-15,86419.78125,-0.01055746982806971,1,Sideways,0.10873015873015873,0.76746031746031751,0.12380952380952381,0.015079365079365081,True,0,0
2025-12-16,87843.984375,-0.029545195031636773,1,Sideways,0.10864393338620143,0.76764472640761305,0.12371134020618557,0.015067406819984142,True,0,0
2025-12-17,86143.7578125,-0.056324654277862152,0,Bear,0.86932344763670066,0.12048192771084337,0.010194624652455977,-0.85912882298424464,True,0,0
2025-12-18,85462.5078125,-0.060017618653087301,0,Bear,0.86932344763670066,0.12048192771084337,0.010194624652455977,-0.85912882298424464,True,0,0
2025-12-19,88103.3828125,-0.030251203346798206,1,Sideways,0.10926365795724466,0.76722090261282661,0.12351543942992874,0.014251781472684077,True,0,0
2025-12-20,88344,-0.022681875035002852,1,Sideways,0.10926365795724466,0.76722090261282661,0.12351543942992874,0.014251781472684077,True,0,0
2025-12-21,88621.75,0.026646638599980621,1,Sideways,0.10917721518987342,0.76740506329113922,0.12341772151898735,0.014240506329113931,True,1,1
2025-12-22,88490.015625,-0.0313101383703136,1,Sideways,0.10909090909090909,0.76758893280632412,0.12332015810276679,0.014229249011857709,True,0,0
2025-12-23,87414,-0.06536884627975359,0,Bear,0.86864014801110079,0.1211840888066605,0.010175763182238668,-0.85846438482886211,True,0,0
2025-12-24,87611.9609375,-0.049159802233789573,1,Sideways,0.10970797158642462,0.76716653512233624,0.12312549329123915,0.013417521704814528,True,0,0
2025-12-25,87234.7421875,-0.024086247129234128,1,Sideways,0.10970797158642462,0.76716653512233624,0.12312549329123915,0.013417521704814528,True,0,0
2025-12-26,87301.4296875,-0.022077885936158892,1,Sideways,0.10962145110410094,0.76735015772870663,0.12302839116719243,0.013406940063091483,True,0,0
2025-12-27,87802.15625,-0.028797809041574918,1,Sideways,0.1095350669818755,0.76753349093774625,0.12293144208037825,0.01339637509850275,True,0,0
2025-12-28,87835.8359375,-0.030939551002909349,1,Sideways,0.1094488188976378,0.76771653543307083,0.12283464566929134,0.013385826771653536,True,0,0
2025-12-29,87138.140625,-0.059914422296559522,0,Bear,0.86783733826247689,0.12199630314232902,0.010166358595194085,-0.85767097966728278,True,0,0
2025-12-30,88430.1328125,-0.039021686723666238,1,Sideways,0.11006289308176101,0.76729559748427678,0.12264150943396226,0.012578616352201255,True,0,0
2025-12-31,87508.828125,-0.054074538669289796,0,Bear,0.86703601108033246,0.12280701754385964,0.010156971375807941,-0.8568790397045245,True,0,0
