date,close,rolling_return_20,state,regime,bear,sideways,bull,signal,eligible,momentum,filtered_momentum
2020-01-02,295.391845703125,0.054651667166603968,2,Bull,0,0.27500000000000002,0.72499999999999998,0.72499999999999998,True,1,1
2020-01-03,293.155029296875,0.040246693684343748,1,Sideways,0.013824884792626729,0.9649769585253456,0.021198156682027649,0.0073732718894009199,True,1,1
2020-01-06,294.27349853515625,0.042341459364995337,1,Sideways,0.013824884792626729,0.9649769585253456,0.021198156682027649,0.0073732718894009199,True,1,1
2020-01-07,293.4459228515625,0.030001868127347953,1,Sideways,0.013812154696132596,0.96500920810313073,0.02117863720073665,0.0073664825046040536,True,1,1
2020-01-08,295.0098876953125,0.03875716430827536,1,Sideways,0.013799448022079117,0.96504139834406621,0.021159153633854646,0.0073597056117755289,True,1,1
2020-01-09,297.01019287109375,0.046968084482675643,1,Sideways,0.013786764705882353,0.96507352941176472,0.021139705882352942,0.0073529411764705899,True,1,1
2020-01-10,296.15554809570312,0.041000247580724514,1,Sideways,0.013774104683195593,0.96510560146923785,0.021120293847566574,0.0073461891643709816,True,1,1
2020-01-13,298.19229125976562,0.039202731937124868,1,Sideways,0.013761467889908258,0.96513761467889914,0.021100917431192662,0.0073394495412844041,True,1,1
2020-01-14,297.7376708984375,0.03699689866089062,1,Sideways,0.013748854262144821,0.96516956920256647,0.021081576535288724,0.0073327222731439032,True,1,1
2020-01-15,298.41049194335938,0.032248982510604485,1,Sideways,0.013736263736263736,0.96520146520146521,0.021062271062271064,0.0073260073260073277,True,1,1
2020-01-16,300.89285278320312,0.040607807869674994,1,Sideways,0.013723696248856358,0.96523330283623054,0.021043000914913082,0.0073193046660567241,True,1,1
2020-01-17,301.829345703125,0.043781248367499526,1,Sideways,0.013711151736745886,0.96526508226691043,0.021023765996343691,0.0073126142595978053,True,1,1
2020-01-21,301.23828125,0.037484486568479358,1,Sideways,0.013698630136986301,0.96529680365296799,0.021004566210045664,0.0073059360730593631,True,1,1
2020-01-22,301.27468872070312,0.033080833528759346,1,Sideways,0.013686131386861315,0.96532846715328469,0.020985401459854013,0.0072992700729926988,True,1,1
2020-01-23,301.62017822265625,0.032687974530452246,1,Sideways,0.013673655423883319,0.96536007292616222,0.020966271649954422,0.0072926162260711028,True,1,1
2020-01-24,298.9378662109375,0.023472185870883289,1,Sideways,0.013661202185792349,0.96539162112932608,0.020947176684881604,0.0072859744990892549,True,1,1
2020-01-27,294.14605712890625,0.0017340662591029954,1,Sideways,0.01364877161055505,0.96542311191992725,0.020928116469517744,0.0072793448589626945,True,1,1
2020-01-28,297.228515625,0.012482551082654059,1,Sideways,0.013636363636363636,0.96545454545454545,0.020909090909090908,0.0072727272727272727,True,1,1
2020-01-29,296.98300170898438,0.017254528680054948,1,Sideways,0.013623978201634877,0.96548592188919169,0.020890099909173478,0.007266121707538601,True,1,1
2020-01-30,297.94680786132812,0.018082603923328611,1,Sideways,0.013611615245009074,0.96551724137931039,0.020871143375680582,0.0072595281306715078,True,1,1
2020-01-31,292.53662109375,-0.0096658883815112784,1,Sideways,0.013599274705349048,0.96554850407978243,0.02085222121486854,0.0072529465095194923,True,0,0
2020-02-03,294.70977783203125,0.0053035028561005948,1,Sideways,0.01358695652173913,0.96557971014492749,0.020833333333333332,0.0072463768115942021,True,1,1
2020-02-04,299.20147705078125,0.016746253196960215,1,Sideways,0.013574660633484163,0.9656108597285068,0.020814479638009049,0.0072398190045248854,True,1,1
2020-02-05,302.65670776367188,0.031388355382836908,1,Sideways,0.013562386980108499,0.96564195298372513,0.020795660036166366,0.0072332730560578668,True,1,1
2020-02-06,303.6751708984375,0.029372856858528529,1,Sideways,0.013550135501355014,0.96567299006323393,0.02077687443541102,0.0072267389340560061,True,1,1
2020-02-07,302.056640625,0.016990823463410409,1,Sideways,0.013537906137184115,0.96570397111913353,0.020758122743682311,0.0072202166064981952,True,1,1
2020-02-10,304.31167602539062,0.02754001396270267,1,Sideways,0.013525698827772768,0.9657348963029756,0.020739404869251576,0.0072137060414788085,True,1,1
2020-02-11,304.83905029296875,0.022290177271594436,1,Sideways,0.013513513513513514,0.96576576576576578,0.020720720720720721,0.0072072072072072065,True,1,1
2020-02-12,306.80303955078125,0.030447503082121186,1,Sideways,0.013501350135013501,0.96579657965796584,0.020702070207020702,0.0072007200720072013,True,1,1
2020-02-13,306.47567749023438,0.027027151405942584,1,Sideways,0.013489208633093525,0.96582733812949639,0.020683453237410072,0.0071942446043165471,True,1,1
2020-02-14,306.96670532226562,0.020186097751676346,1,Sideways,0.013477088948787063,0.9658580413297394,0.020664869721473494,0.0071877807726864317,True,1,1
2020-02-18,306.17559814453125,0.014399701365291229,1,Sideways,0.013464991023339317,0.96588868940754036,0.020646319569120289,0.0071813285457809715,True,1,1
2020-02-19,307.63949584960938,0.021249671764980382,1,Sideways,0.013452914798206279,0.96591928251121073,0.02062780269058296,0.0071748878923766808,True,1,1
2020-02-20,306.37564086914062,0.016931233652908384,1,Sideways,0.013440860215053764,0.96594982078853042,0.020609318996415771,0.0071684587813620072,True,1,1
2020-02-21,303.22052001953125,0.0053058180865261928,1,Sideways,0.01342882721575649,0.9659803043867502,0.020590868397493287,0.0071620411817367967,True,1,1
2020-02-24,293.16409301757812,-0.019314291851154297,1,Sideways,0.013416815742397137,0.96601073345259392,0.020572450805008944,0.0071556350626118068,True,0,0
2020-02-25,284.28057861328125,-0.033539387241562024,1,Sideways,0.013404825737265416,0.96604110813226096,0.020554066130473638,0.0071492403932082223,True,0,0
2020-02-26,283.23495483398438,-0.047080142231947453,1,Sideways,0.013392857142857142,0.96607142857142858,0.020535714285714286,0.0071428571428571435,True,0,0
2020-02-27,270.514404296875,-0.089124957522135007,0,Bear,0.79452054794520544,0.20547945205479451,0,-0.79452054794520544,True,0,0
2020-02-28,269.37777709960938,-0.095886346179669402,0,Bear,0.79452054794520544,0.20547945205479451,0,-0.79452054794520544,True,0,0
2020-03-02,281.04364013671875,-0.039287323802608798,1,Sideways,0.014260249554367201,0.96524064171122992,0.020499108734402853,0.0062388591800356524,True,0,0
2020-03-03,272.9967041015625,-0.073676122625439433,0,Bear,0.78666666666666663,0.21333333333333335,0,-0.78666666666666663,True,0,0
2020-03-04,284.47152709960938,-0.049230873110535756,1,Sideways,0.015138023152270703,0.9643811219946572,0.020480854853072127,0.0053428317008014231,True,0,0
2020-03-05,275.01516723632812,-0.09132968085058113,0,Bear,0.77631578947368418,0.22368421052631579,0,-0.77631578947368418,True,0,0
2020-03-06,270.46890258789062,-0.10934798591634787,0,Bear,0.77631578947368418,0.22368421052631579,0,-0.77631578947368418,True,0,0
2020-03-09,249.34678649902344,-0.17450321243364175,0,Bear,0.77922077922077926,0.22077922077922077,0,-0.77922077922077926,True,0,0
2020-03-10,262.24923706054688,-0.1382215743878793,0,Bear,0.78205128205128205,0.21794871794871795,0,-0.78205128205128205,True,0,0
2020-03-11,249.46493530273438,-0.18165033297740729,0,Bear,0.78481012658227844,0.21518987341772153,0,-0.78481012658227844,True,0,0
2020-03-12,225.59689331054688,-0.2646849469260012,0,Bear,0.78749999999999998,0.21249999999999999,0,-0.78749999999999998,True,0,0
2020-03-13,244.88233947753906,-0.20097300548314456,0,Bear,0.79012345679012341,0.20987654320987653,0,-0.79012345679012341,True,0,0
2020-03-16,218.08634948730469,-0.28954396126332616,0,Bear,0.79268292682926833,0.2073170731707317,0,-0.79268292682926833,True,0,0
2020-03-17,229.861328125,-0.24925000712665168,0,Bear,0.79518072289156627,0.20481927710843373,0,-0.79518072289156627,True,0,0
2020-03-18,218.22276306152344,-0.29065426902076841,0,Bear,0.79761904761904767,0.20238095238095238,0,-0.79761904761904767,True,0,0
2020-03-19,218.68646240234375,-0.28621459009611905,0,Bear,0.80000000000000004,0.20000000000000001,0,-0.80000000000000004,True,0,0
2020-03-20,209.26237487792969,-0.30986737024113498,0,Bear,0.80232558139534882,0.19767441860465115,0,-0.80232558139534882,True,0,0
2020-03-23,203.91184997558594,-0.30444466142939486,0,Bear,0.8045977011494253,0.19540229885057472,0,-0.8045977011494253,True,0,0
2020-03-24,222.38699340820312,-0.21772006201406591,0,Bear,0.80681818181818177,0.19318181818181818,0,-0.80681818181818177,True,0,0
2020-03-25,225.71609497070312,-0.20307825316615813,0,Bear,0.8089887640449438,0.19101123595505617,0,-0.8089887640449438,True,0,0
2020-03-26,238.89567565917969,-0.11688371537877684,0,Bear,0.81111111111111112,0.18888888888888888,0,-0.81111111111111112,True,0,0
2020-03-27,231.78005981445312,-0.13957245356306258,0,Bear,0.81318681318681318,0.18681318681318682,0,-0.81318681318681318,True,0,0
2020-03-30,239.3072509765625,-0.14850501203248301,0,Bear,0.81521739130434778,0.18478260869565216,0,-0.81521739130434778,True,0,0
2020-03-31,235.74028015136719,-0.13647206501194564,0,Bear,0.81720430107526887,0.18279569892473119,0,-0.81720430107526887,True,0,0
2020-04-01,225.13078308105469,-0.20859994187670028,0,Bear,0.81914893617021278,0.18085106382978725,0,-0.81914893617021278,True,0,0
2020-04-02,230.3258056640625,-0.16249780701681382,0,Bear,0.82105263157894737,0.17894736842105263,0,-0.82105263157894737,True,0,0
2020-04-03,226.99662780761719,-0.16072929037062533,0,Bear,0.82291666666666663,0.17708333333333334,0,-0.82291666666666663,True,0,0
2020-04-06,242.24317932128906,-0.028488865958423704,1,Sideways,0.01601423487544484,0.96352313167259784,0.020462633451957295,0.0044483985765124551,True,0,0
2020-04-07,242.49012756347656,-0.075344773996457559,0,Bear,0.81632653061224492,0.18367346938775511,0,-0.81632653061224492,True,0,0
2020-04-08,250.6300048828125,0.0046702739151065487,1,Sideways,0.016888888888888887,0.96266666666666667,0.020444444444444446,0.0035555555555555583,True,1,1
2020-04-09,254.44400024414062,0.12787014267028973,2,Bull,0,0.2839506172839506,0.71604938271604934,0.71604938271604934,True,1,1
2020-04-13,252.12086486816406,0.02955919731111889,1,Sideways,0.016873889875666074,0.96181172291296624,0.021314387211367674,0.0044404973357016,True,1,1
2020-04-14,259.55667114257812,0.19015551295514488,2,Bull,0,0.29268292682926828,0.70731707317073167,0.70731707317073167,True,1,1
2020-04-15,254.04151916503906,0.10519468949944355,2,Bull,0,0.29268292682926828,0.70731707317073167,0.70731707317073167,True,1,1
2020-04-16,255.26713562011719,0.16975485068049401,2,Bull,0,0.28915662650602408,0.71084337349397586,0.71084337349397586,True,1,1
2020-04-17,262.163330078125,0.19880914071302525,2,Bull,0,0.2857142857142857,0.7142857142857143,0.7142857142857143,True,1,1
2020-04-20,257.54452514648438,0.23072542446638766,2,Bull,0,0.28235294117647058,0.71764705882352942,0.71764705882352942,True,1,1
2020-04-21,249.724609375,0.2246694314474571,2,Bull,0,0.27906976744186046,0.72093023255813948,0.72093023255813948,True,1,1
2020-04-22,255.26713562011719,0.14785101281332946,2,Bull,0,0.27586206896551724,0.72413793103448276,0.72413793103448276,True,1,1
2020-04-23,255.24884033203125,0.13084022814217722,2,Bull,0,0.27272727272727271,0.72727272727272729,0.72727272727272729,True,1,1
2020-04-24,258.80657958984375,0.083345602115753481,2,Bull,0,0.2696629213483146,0.7303370786516854,0.7303370786516854,True,1,1
2020-04-27,262.53823852539062,0.1327041624528027,2,Bull,0,0.26666666666666666,0.73333333333333328,0.73333333333333328,True,1,1
2020-04-28,261.33099365234375,0.092031238443076813,2,Bull,0,0.26373626373626374,0.73626373626373631,0.73626373626373631,True,1,1
2020-04-29,268.17227172851562,0.13757509559386327,2,Bull,0,0.2608695652173913,0.73913043478260865,0.73913043478260865,True,1,1
2020-04-30,265.67538452148438,0.18009354778387743,2,Bull,0,0.25806451612903225,0.74193548387096775,0.74193548387096775,True,1,1
2020-05-01,258.64215087890625,0.12294039364457521,2,Bull,0,0.25531914893617019,0.74468085106382975,0.74468085106382975,True,1,1
2020-05-04,259.35546875,0.14255207777715273,2,Bull,0,0.25263157894736843,0.74736842105263157,0.74736842105263157,True,1,1
2020-05-05,261.751708984375,0.080532833649824331,2,Bull,0,0.25,0.75,0.75,True,1,1
2020-05-06,259.97732543945312,0.072115092072764675,2,Bull,0,0.24742268041237114,0.75257731958762886,0.75257731958762886,True,1,1
2020-05-07,263.11444091796875,0.049812216382446373,1,Sideways,0.016858917480035492,0.96095829636202312,0.022182786157941437,0.0053238686779059456,True,1,1
2020-05-08,267.46804809570312,0.051186303623059759,2,Bull,0,0.25252525252525254,0.74747474747474751,0.74747474747474751,True,1,1
2020-05-11,267.52291870117188,0.061089961122660963,2,Bull,0,0.25252525252525254,0.74747474747474751,0.74747474747474751,True,1,1
2020-05-12,262.19076538085938,0.010148435895274366,1,Sideways,0.016843971631205674,0.96010638297872342,0.023049645390070921,0.0062056737588652468,True,1,1
2020-05-13,257.55374145507812,0.013825386895743419,1,Sideways,0.016843971631205674,0.96010638297872342,0.023049645390070921,0.0062056737588652468,True,1,1
2020-05-14,260.63592529296875,0.021032044175248954,1,Sideways,0.01682905225863596,0.96014171833480955,0.023029229406554472,0.0062001771479185119,True,1,1
2020-05-15,261.83401489257812,-0.0012561451117085731,1,Sideways,0.016814159292035398,0.96017699115044253,0.023008849557522124,0.0061946902654867256,True,0,0
2020-05-18,269.8094482421875,0.047622534739292899,1,Sideways,0.016799292661361626,0.96021220159151188,0.022988505747126436,0.0061892130857648109,True,1,1
2020-05-19,267.03811645507812,0.069330400089160804,2,Bull,0,0.25742574257425743,0.74257425742574257,0.74257425742574257,True,1,1
2020-05-20,271.57455444335938,0.06388373804417391,2,Bull,0,0.25742574257425743,0.74257425742574257,0.74257425742574257,True,1,1
2020-05-21,269.69964599609375,0.056614579111367025,2,Bull,0,0.25490196078431371,0.74509803921568629,0.74509803921568629,True,1,1
2020-05-22,270.2119140625,0.044068950993175759,1,Sideways,0.016769638128861428,0.95939982347749342,0.023830538393645191,0.0070609002647837628,True,1,1
2020-05-26,273.54098510742188,0.041909120148862167,1,Sideways,0.016769638128861428,0.95939982347749342,0.023830538393645191,0.0070609002647837628,True,1,1
2020-05-27,277.61102294921875,0.062296588205426495,2,Bull,0,0.25961538461538464,0.74038461538461542,0.74038461538461542,True,1,1
2020-05-28,277.09881591796875,0.033286603912912716,1,Sideways,0.016740088105726872,0.958590308370044,0.024669603524229075,0.0079295154185022032,True,1,1
2020-05-29,278.33358764648438,0.047645374251735984,1,Sideways,0.016740088105726872,0.958590308370044,0.024669603524229075,0.0079295154185022032,True,1,1
2020-06-01,279.45852661132812,0.080483307387000158,2,Bull,0,0.26666666666666666,0.73333333333333328,0.73333333333333328,True,1,1
2020-06-02,281.77249145507812,0.086433584042473033,2,Bull,0,0.26666666666666666,0.73333333333333328,0.73333333333333328,True,1,1
2020-06-03,285.52236938476562,0.090813773452037339,2,Bull,0,0.26415094339622641,0.73584905660377353,0.73584905660377353,True,1,1
2020-06-04,284.77236938476562,0.095373871176650304,2,Bull,0,0.26168224299065418,0.73831775700934577,0.73831775700934577,True,1,1
2020-06-05,292.07098388671875,0.11005303573503888,2,Bull,0,0.25925925925925924,0.7407407407407407,0.7407407407407407,True,1,1
2020-06-08,295.60134887695312,0.10518378169486464,2,Bull,0,0.25688073394495414,0.74311926605504586,0.74311926605504586,True,1,1
2020-06-09,293.39718627929688,0.096717947395853043,2,Bull,0,0.25454545454545452,0.74545454545454548,0.74545454545454548,True,1,1
2020-06-10,291.76004028320312,0.11277771304947115,2,Bull,0,0.25225225225225223,0.74774774774774777,0.74774774774774777,True,1,1
2020-06-11,274.94033813476562,0.067506674845645875,2,Bull,0,0.25,0.75,0.75,True,1,1
2020-06-12,278.23297119140625,0.067515811101855894,2,Bull,0,0.24778761061946902,0.75221238938053092,0.75221238938053092,True,1,1
2020-06-15,280.83038330078125,0.072551186353677855,2,Bull,0,0.24561403508771928,0.75438596491228072,0.75438596491228072,True,1,1
2020-06-16,286.23580932617188,0.060881341224343188,2,Bull,0,0.24347826086956523,0.75652173913043474,0.75652173913043474,True,1,1
2020-06-17,285.0467529296875,0.067438449288339086,2,Bull,0,0.2413793103448276,0.75862068965517238,0.75862068965517238,True,1,1
2020-06-18,285.15655517578125,0.050012051976889405,2,Bull,0,0.23931623931623933,0.76068376068376065,0.76068376068376065,True,1,1
2020-06-19,283.52694702148438,0.051269259083828844,2,Bull,0,0.23728813559322035,0.76271186440677963,0.76271186440677963,True,1,1
2020-06-22,285.3458251953125,0.05600756423090969,2,Bull,0,0.23529411764705882,0.76470588235294112,0.76470588235294112,True,1,1
2020-06-23,286.65933227539062,0.047957519648534896,1,Sideways,0.016710642040457344,0.95778364116094983,0.025505716798592787,0.0087950747581354433,True,1,1
2020-06-24,279.34713745117188,0.0062537664517403613,1,Sideways,0.016710642040457344,0.95778364116094983,0.025505716798592787,0.0087950747581354433,True,1,1
2020-06-25,282.34182739257812,0.018921089421621629,1,Sideways,0.016695957820738138,0.95782073813708257,0.025483304042179262,0.0087873462214411238,True,1,1
2020-06-26,275.63589477539062,-0.0096923008606497607,1,Sideways,0.016681299385425813,0.95785776997366112,0.025460930640913083,0.0087796312554872698,True,0,0
2020-06-29,279.68695068359375,0.00081738093675465251,1,Sideways,0.016666666666666666,0.95789473684210524,0.025438596491228069,0.008771929824561403,True,1,1
2020-06-30,283.26968383789062,0.0053134795915703581,1,Sideways,0.016652059596844872,0.95793163891323396,0.025416301489921123,0.0087642418930762508,True,1,1
2020-07-01,285.25393676757812,-0.00094014566272304645,1,Sideways,0.016637478108581436,0.95796847635726801,0.025394045534150613,0.0087565674255691769,True,0,0
2020-07-02,286.8248291015625,0.0072073695956917927,1,Sideways,0.016622922134733157,0.95800524934383202,0.025371828521434821,0.0087489063867016645,True,1,1
2020-07-06,291.25259399414062,-0.002802023952148347,1,Sideways,0.016608391608391608,0.95804195804195802,0.025349650349650348,0.0087412587412587402,True,0,0
2020-07-07,288.24868774414062,-0.024873570979113246,1,Sideways,0.016593886462882096,0.95807860262008737,0.025327510917030567,0.0087336244541484712,True,0,0
2020-07-08,290.45333862304688,-0.010033660150536083,1,Sideways,0.016579406631762654,0.95811518324607325,0.02530541012216405,0.0087260034904013961,True,0,0
2020-07-09,288.79983520507812,-0.010146026423809129,1,Sideways,0.016564952048823016,0.95815170008718398,0.025283347863993024,0.0087183958151700082,True,0,0
2020-07-10,291.7486572265625,0.0611344235837743,2,Bull,0,0.23966942148760331,0.76033057851239672,0.76033057851239672,True,1,1
2020-07-13,289.22244262695312,0.039497372969455879,1,Sideways,0.016536118363794605,0.95735422106179291,0.026109660574412531,0.0095735422106179267,True,1,1
2020-07-14,292.970458984375,0.043229210247493821,1,Sideways,0.016536118363794605,0.95735422106179291,0.026109660574412531,0.0095735422106179267,True,1,1
2020-07-15,295.6619873046875,0.032931511961084903,1,Sideways,0.016521739130434782,0.95739130434782604,0.026086956521739129,0.0095652173913043474,True,1,1
2020-07-16,294.68829345703125,0.033824418023530534,1,Sideways,0.016507384882710686,0.95742832319721982,0.026064291920069503,0.0095569070373588173,True,1,1
2020-07-17,295.54254150390625,0.036422050062018263,1,Sideways,0.016493055555555556,0.95746527777777779,0.026041666666666668,0.0095486111111111119,True,1,1
2020-07-20,297.93109130859375,0.050803440161255375,2,Bull,0,0.24590163934426229,0.75409836065573765,0.75409836065573765,True,1,1
2020-07-21,298.56491088867188,0.046326543184261437,1,Sideways,0.016464471403812825,0.95667244367417681,0.026863084922010397,0.010398613518197573,True,1,1
2020-07-22,300.26434326171875,0.047460554932354126,1,Sideways,0.016464471403812825,0.95667244367417681,0.026863084922010397,0.010398613518197573,True,1,1
2020-07-23,296.681640625,0.062053627368414022,2,Bull,0,0.25203252032520324,0.74796747967479671,0.74796747967479671,True,1,1
2020-07-24,294.77099609375,0.044021705235653741,1,Sideways,0.016435986159169549,0.95588235294117652,0.02768166089965398,0.011245674740484431,True,1,1
2020-07-27,296.92059326171875,0.0772203435393366,2,Bull,0,0.25806451612903225,0.74193548387096775,0.74193548387096775,True,1,1
2020-07-28,295.037353515625,0.054884229652161887,2,Bull,0,0.25806451612903225,0.74193548387096775,0.74193548387096775,True,1,1
2020-07-29,298.66595458984375,0.054351989042230375,2,Bull,0,0.25600000000000001,0.74399999999999999,0.74399999999999999,True,1,1
2020-07-30,297.60031127929688,0.04328204774883937,1,Sideways,0.016421780466724288,0.9550561797752809,0.028522039757994815,0.012100259291270527,True,1,1
2020-07-31,299.95205688476562,0.045767403834327203,1,Sideways,0.016421780466724288,0.9550561797752809,0.028522039757994815,0.012100259291270527,True,1,1
2020-08-03,302.03744506835938,0.037029201787764032,1,Sideways,0.016407599309153715,0.95509499136442144,0.028497409326424871,0.012089810017271156,True,1,1
2020-08-04,303.20401000976562,0.051883401040492716,2,Bull,0,0.25984251968503935,0.74015748031496065,0.74015748031496065,True,1,1
2020-08-05,305.087158203125,0.050382686766324403,2,Bull,0,0.25984251968503935,0.74015748031496065,0.74015748031496065,True,1,1
2020-08-06,307.12649536132812,0.063458000740326481,2,Bull,0,0.2578125,0.7421875,0.7421875,True,1,1
2020-08-07,307.34707641601562,0.053465264717019512,2,Bull,0,0.2558139534883721,0.7441860465116279,0.7441860465116279,True,1,1
2020-08-10,308.26565551757812,0.065842791166754067,2,Bull,0,0.25384615384615383,0.74615384615384617,0.74615384615384617,True,1,1
2020-08-11,305.72103881835938,0.043521725289935809,1,Sideways,0.016379310344827588,0.95431034482758625,0.029310344827586206,0.012931034482758619,True,1,1
2020-08-12,309.98345947265625,0.048438665715961893,1,Sideways,0.016379310344827588,0.95431034482758625,0.029310344827586206,0.012931034482758619,True,1,1
2020-08-13,309.42315673828125,0.050001522314962576,2,Bull,0,0.25757575757575757,0.74242424242424243,0.74242424242424243,True,1,1
2020-08-14,309.43234252929688,0.046997636802845966,1,Sideways,0.016351118760757316,0.95352839931153188,0.030120481927710843,0.013769363166953527,True,1,1
2020-08-17,310.41522216796875,0.041902746049569117,1,Sideways,0.016351118760757316,0.95352839931153188,0.030120481927710843,0.013769363166953527,True,1,1
2020-08-18,311.08587646484375,0.041937163811057054,1,Sideways,0.016337059329320721,0.95356835769561477,0.030094582975064489,0.013757523645743768,True,1,1
2020-08-19,309.79058837890625,0.031726195037697691,1,Sideways,0.016323024054982819,0.95360824742268047,0.03006872852233677,0.013745704467353952,True,1,1
2020-08-20,310.75521850585938,0.047436632247318977,1,Sideways,0.016309012875536481,0.95364806866952789,0.030042918454935622,0.013733905579399141,True,1,1
2020-08-21,311.8575439453125,0.057965498905897306,2,Bull,0,0.26315789473684209,0.73684210526315785,0.73684210526315785,True,1,1
2020-08-24,315.01763916015625,0.060949109994826056,2,Bull,0,0.26315789473684209,0.73684210526315785,0.73684210526315785,True,1,1
2020-08-25,316.11993408203125,0.071457326725545389,2,Bull,0,0.26119402985074625,0.73880597014925375,0.73880597014925375,True,1,1
2020-08-26,319.289306640625,0.069051566587504665,2,Bull,0,0.25925925925925924,0.7407407407407407,0.7407407407407407,True,1,1
2020-08-27,319.9874267578125,0.075225443758038857,2,Bull,0,0.25735294117647056,0.74264705882352944,0.74264705882352944,True,1,1
2020-08-28,322.05435180664062,0.073686092208949727,2,Bull,0,0.25547445255474455,0.74452554744525545,0.74452554744525545,True,1,1
2020-08-31,320.88772583007812,0.062410409932624145,2,Bull,0,0.25362318840579712,0.74637681159420288,0.74637681159420288,True,1,1
2020-09-01,323.91000366210938,0.068290632606332835,2,Bull,0,0.25179856115107913,0.74820143884892087,0.74820143884892087,True,1,1
2020-09-02,328.59503173828125,0.077052976184283972,2,Bull,0,0.25,0.75,0.75,True,1,1
2020-09-03,317.28656005859375,0.033081042667167271,1,Sideways,0.016281062553556127,0.95287060839760074,0.030848329048843187,0.01456726649528706,True,1,1
2020-09-04,314.69613647460938,0.023911273678902001,1,Sideways,0.016281062553556127,0.95287060839760074,0.030848329048843187,0.01456726649528706,True,1,1
2020-09-08,306.09768676757812,-0.0070327936673969527,1,Sideways,0.016267123287671232,0.9529109589041096,0.030821917808219176,0.014554794520547944,True,0,0
2020-09-09,312.14227294921875,0.02100357291627053,1,Sideways,0.016253207869974338,0.95295124037639012,0.030795551753635585,0.014542343883661248,True,1,1
2020-09-10,306.72235107421875,-0.010520265836071685,1,Sideways,0.016239316239316241,0.95299145299145294,0.030769230769230771,0.01452991452991453,True,0,0
2020-09-11,306.87857055664062,-0.0082236449542556489,1,Sideways,0.016225448334756618,0.95303159692570449,0.030742954739538857,0.014517506404782238,True,0,0
2020-09-14,310.92059326171875,0.0048096159575852226,1,Sideways,0.016211604095563138,0.95307167235494883,0.030716723549488054,0.014505119453924915,True,1,1
2020-09-15,312.49142456054688,0.0066884683620787033,1,Sideways,0.01619778346121057,0.95311167945439046,0.030690537084398978,0.014492753623188408,True,1,1
2020-09-16,311.25119018554688,0.00053140863411016426,1,Sideways,0.016183986371379896,0.95315161839863716,0.030664395229982964,0.014480408858603067,True,1,1
2020-09-17,308.51373291015625,-0.0041216728869383212,1,Sideways,0.016170212765957447,0.95319148936170217,0.030638297872340424,0.014468085106382977,True,0,0
2020-09-18,304.96194458007812,-0.018642563602425888,1,Sideways,0.016156462585034014,0.95323129251700678,0.030612244897959183,0.014455782312925169,True,0,0
2020-09-21,301.56771850585938,-0.032995275051795891,1,Sideways,0.016142735768903994,0.95327102803738317,0.03058623619371283,0.014443500424808835,True,0,0
2020-09-22,304.6390380859375,-0.032946095024673272,1,Sideways,0.016129032258064516,0.95331069609507635,0.030560271646859084,0.014431239388794568,True,0,0
2020-09-23,297.57421875,-0.058666706311594874,0,Bear,0.80808080808080807,0.19191919191919191,0,-0.80808080808080807,True,0,0
2020-09-24,298.36737060546875,-0.065526579187021983,0,Bear,0.80808080808080807,0.19191919191919191,0,-0.80808080808080807,True,0,0
2020-09-25,303.19107055664062,-0.052490675559838329,0,Bear,0.81000000000000005,0.19,0,-0.81000000000000005,True,0,0
2020-09-28,308.22683715820312,-0.042935344828811561,1,Sideways,0.016949152542372881,0.9525423728813559,0.030508474576271188,0.013559322033898306,True,0,0
2020-09-29,306.5482177734375,-0.044686994554082538,1,Sideways,0.016949152542372881,0.9525423728813559,0.030508474576271188,0.013559322033898306,True,0,0
2020-09-30,308.87246704101562,-0.046425045386311536,1,Sideways,0.016934801016088061,0.95258255715495344,0.030482641828958511,0.01354784081287045,True,0,0
2020-10-01,310.85543823242188,-0.053986189054704203,0,Bear,0.80392156862745101,0.19607843137254902,0,-0.80392156862745101,True,0,0
2020-10-02,307.90402221679688,-0.029571179567341899,1,Sideways,0.017751479289940829,0.95181741335587489,0.030431107354184278,0.012679628064243449,True,0,0
2020-10-05,313.36404418945312,-0.004232947693858069,1,Sideways,0.017751479289940829,0.95181741335587489,0.030431107354184278,0.012679628064243449,True,0,0
2020-10-06,308.90933227539062,0.0091854516690530463,1,Sideways,0.017736486486486486,0.95185810810810811,0.030405405405405407,0.012668918918918921,True,1,1
2020-10-07,314.28646850585938,0.0068692892391075677,1,Sideways,0.017721518987341773,0.95189873417721516,0.030379746835443037,0.012658227848101264,True,1,1
2020-10-08,317.07180786132812,0.033742101776616407,1,Sideways,0.017706576728499158,0.95193929173693081,0.030354131534569982,0.012647554806070823,True,1,1
2020-10-09,319.90328979492188,0.042442583118970978,1,Sideways,0.017691659646166806,0.95197978096040436,0.030328559393428812,0.012636899747262006,True,1,1
2020-10-12,325.04983520507812,0.045443249014599729,1,Sideways,0.017676767676767676,0.95202020202020199,0.030303030303030304,0.012626262626262628,True,1,1
2020-10-13,322.92849731445312,0.033399549343102075,1,Sideways,0.017661900756938603,0.95206055508830956,0.030277544154751892,0.012615643397813289,True,1,1
2020-10-14,320.89944458007812,0.030998289159246628,1,Sideways,0.017647058823529412,0.9521008403361344,0.030252100840336135,0.012605042016806723,True,1,1
2020-10-15,320.50286865234375,0.03886094673678242,1,Sideways,0.017632241813602016,0.95214105793450876,0.030226700251889168,0.012594458438287152,True,1,1
2020-10-16,320.30917358398438,0.050325062771483964,2,Bull,0,0.25352112676056338,0.74647887323943662,0.74647887323943662,True,1,1
2020-10-19,315.43936157226562,0.045998434895931029,1,Sideways,0.017602682313495391,0.95138306789606031,0.031014249790444259,0.013411567476948869,True,1,1
2020-10-20,316.702880859375,0.039600449270176474,1,Sideways,0.017602682313495391,0.95138306789606031,0.031014249790444259,0.013411567476948869,True,1,1
2020-10-21,316.10342407226562,0.062267508926344473,2,Bull,0,0.25874125874125875,0.74125874125874125,0.74125874125874125,True,1,1
2020-10-22,317.83737182617188,0.065255128874156743,2,Bull,0,0.25874125874125875,0.74125874125874125,0.74125874125874125,True,1,1
2020-10-23,318.91641235351562,0.05186611125454399,2,Bull,0,0.25694444444444442,0.74305555555555558,0.74305555555555558,True,1,1
2020-10-26,313.02297973632812,0.015560431474249903,1,Sideways,0.017573221757322177,0.9506276150627615,0.031799163179916316,0.014225941422594139,True,1,1
2020-10-27,311.94381713867188,0.01760114413459779,1,Sideways,0.017573221757322177,0.9506276150627615,0.031799163179916316,0.014225941422594139,True,1,1
2020-10-28,301.2818603515625,-0.024575213071501012,1,Sideways,0.017558528428093644,0.95066889632107021,0.03177257525083612,0.014214046822742476,True,0,0
2020-10-29,304.34396362304688,-0.020946954141772056,1,Sideways,0.017543859649122806,0.95071010860484539,0.031746031746031744,0.014202172096908938,True,0,0
2020-10-30,301.17120361328125,-0.021866614651675498,1,Sideways,0.017529215358931552,0.95075125208681133,0.031719532554257093,0.014190317195325541,True,0,0
2020-11-02,304.54681396484375,-0.028137338626121,1,Sideways,0.017514595496246871,0.95079232693911597,0.031693077564637198,0.014178482068390327,True,0,0
2020-11-03,309.92391967773438,0.0032844181005164952,1,Sideways,0.017500000000000002,0.95083333333333331,0.031666666666666669,0.014166666666666668,True,1,1
2020-11-04,316.8504638671875,0.0081581474809193644,1,Sideways,0.017485428809325562,0.95087427144046632,0.031640299750208163,0.014154870940882601,True,1,1
2020-11-05,323.0299072265625,0.018791009536363923,1,Sideways,0.01747088186356073,0.95091514143094846,0.031613976705490848,0.014143094841930118,True,1,1
2020-11-06,322.9561767578125,0.0095431558857919097,1,Sideways,0.017456359102244388,0.95095594347464674,0.031587697423108893,0.014131338320864505,True,1,1
2020-11-09,327.01422119140625,0.0060433378933688608,1,Sideways,0.017441860465116279,0.95099667774086383,0.031561461794019932,0.014119601328903653,True,1,1
2020-11-10,326.53472900390625,0.011167276098094092,1,Sideways,0.017427385892116183,0.9510373443983402,0.031535269709543567,0.014107883817427384,True,1,1
2020-11-11,328.96038818359375,0.025119842803293047,1,Sideways,0.017412935323383085,0.95107794361525699,0.03150912106135987,0.014096185737976785,True,1,1
2020-11-12,325.76925659179688,0.016431640570324202,1,Sideways,0.017398508699254349,0.95111847555923779,0.031483015741507872,0.014084507042253523,True,1,1
2020-11-13,330.27920532226562,0.031126275987431562,1,Sideways,0.017384105960264899,0.95115894039735094,0.031456953642384107,0.014072847682119208,True,1,1
2020-11-16,334.40203857421875,0.06011512611310188,2,Bull,0,0.26027397260273971,0.73972602739726023,0.73972602739726023,True,1,1
2020-11-17,332.603515625,0.050206789159854104,2,Bull,0,0.26027397260273971,0.73972602739726023,0.73972602739726023,True,1,1
2020-11-18,328.6007080078125,0.039535427280565694,1,Sideways,0.017355371900826446,0.95041322314049592,0.032231404958677684,0.014876033057851238,True,1,1
2020-11-19,329.984130859375,0.038216899930340054,1,Sideways,0.017355371900826446,0.95041322314049592,0.032231404958677684,0.014876033057851238,True,1,1
2020-11-20,327.72451782226562,0.027618852864136345,1,Sideways,0.017341040462427744,0.95045417010734934,0.032204789430222959,0.014863748967795215,True,1,1
2020-11-23,329.68902587890625,0.05324224488763285,2,Bull,0,0.26351351351351349,0.73648648648648651,0.73648648648648651,True,1,1
2020-11-24,335.0015869140625,0.073916418625923574,2,Bull,0,0.26351351351351349,0.73648648648648651,0.73648648648648651,True,1,1
2020-11-25,334.48501586914062,0.11020628815433398,2,Bull,0,0.26174496644295303,0.73825503355704702,0.73825503355704702,True,1,1
2020-11-27,335.41656494140625,0.10209698575406989,2,Bull,0,0.26000000000000001,0.73999999999999999,0.73999999999999999,True,1,1
2020-11-30,333.931640625,0.10877679080429203,2,Bull,0,0.25827814569536423,0.74172185430463577,0.74172185430463577,True,1,1
2020-12-01,337.583984375,0.10847977682002607,2,Bull,0,0.25657894736842107,0.74342105263157898,0.74342105263157898,True,1,1
2020-12-02,338.294189453125,0.091539464927039571,2,Bull,0,0.25490196078431371,0.74509803921568629,0.74509803921568629,True,1,1
2020-12-03,338.201904296875,0.067386489415515838,2,Bull,0,0.25324675324675322,0.74675324675324672,0.74675324675324672,True,1,1
2020-12-04,341.11642456054688,0.055990225453951714,2,Bull,0,0.25161290322580643,0.74838709677419357,0.74838709677419357,True,1,1
2020-12-07,340.41549682617188,0.054060957259387754,2,Bull,0,0.25,0.75,0.75,True,1,1
2020-12-08,341.41159057617188,0.044026737835167751,1,Sideways,0.017312448474855729,0.94971145919208577,0.032976092333058531,0.015663643858202802,True,1,1
2020-12-09,338.3494873046875,0.036182241125843451,1,Sideways,0.017312448474855729,0.94971145919208577,0.032976092333058531,0.015663643858202802,True,1,1
2020-12-10,338.23886108398438,0.028205441243619456,1,Sideways,0.01729818780889621,0.94975288303130145,0.032948929159802305,0.015650741350906095,True,1,1
2020-12-11,337.84222412109375,0.037059873775703966,1,Sideways,0.017283950617283949,0.94979423868312762,0.03292181069958848,0.015637860082304531,True,1,1
2020-12-14,336.3297119140625,0.018319368868207064,1,Sideways,0.017269736842105265,0.94983552631578949,0.032894736842105261,0.015624999999999997,True,1,1
2020-12-15,340.87661743164062,0.0193616608470073,1,Sideways,0.017255546425636811,0.94987674609695971,0.032867707477403453,0.015612161051766642,True,1,1
2020-12-16,341.41159057617188,0.026482206403081854,1,Sideways,0.017241379310344827,0.94991789819376027,0.032840722495894911,0.015599343185550084,True,1,1
2020-12-17,343.32070922851562,0.044796011883069919,1,Sideways,0.017227235438884332,0.94995898277276458,0.032813781788351107,0.015586546349466775,True,1,1
2020-12-18,341.949951171875,0.036261805321781804,1,Sideways,0.017213114754098362,0.94999999999999996,0.032786885245901641,0.015573770491803279,True,1,1
2020-12-21,340.72738647460938,0.039676215678790205,1,Sideways,0.017199017199017199,0.95004095004095002,0.03276003276003276,0.015561015561015561,True,1,1
2020-12-22,340.15301513671875,0.031738967440353649,1,Sideways,0.01718494271685761,0.95008183306055649,0.032733224222585927,0.015548281505728317,True,1,1
2020-12-23,340.458740234375,0.016289932745042313,1,Sideways,0.017170891251022075,0.95012264922322154,0.032706459525756335,0.015535568274734259,True,1,1
2020-12-24,341.78323364257812,0.021819266715052965,1,Sideways,0.017156862745098041,0.95016339869281041,0.032679738562091505,0.015522875816993464,True,1,1
2020-12-28,344.71942138671875,0.027735232596331594,1,Sideways,0.017142857142857144,0.95020408163265302,0.032653061224489799,0.015510204081632655,True,1,1
2020-12-29,344.06170654296875,0.030335747457200801,1,Sideways,0.017128874388254486,0.95024469820554647,0.032626427406199018,0.015497553017944532,True,1,1
2020-12-30,344.55264282226562,0.020642740087825295,1,Sideways,0.017114914425427872,0.95028524857375718,0.032599837000814993,0.015484922575387122,True,1,1
2020-12-31,346.30328369140625,0.023674938819459035,1,Sideways,0.017100977198697069,0.95032573289902278,0.032573289902280131,0.015472312703583062,True,1,1
2021-01-04,341.58868408203125,0.010014076627384405,1,Sideways,0.017087062652563059,0.95036615134255498,0.03254678600488202,0.01545972335231896,True,1,1
2021-01-05,343.94131469726562,0.0082813078858867684,1,Sideways,0.017073170731707318,0.95040650406504068,0.032520325203252036,0.015447154471544718,True,1,1
2021-01-06,345.99758911132812,0.016397879465536391,1,Sideways,0.017059301380991064,0.95044679122664499,0.032493907392363928,0.015434606011372864,True,1,1
2021-01-07,351.13827514648438,0.028489614409099584,1,Sideways,0.017045454545454544,0.95048701298701299,0.032467532467532464,0.01542207792207792,True,1,1
2021-01-08,353.138916015625,0.043710510185048568,1,Sideways,0.017031630170316302,0.95052716950527172,0.032441200324412001,0.015409570154095699,True,1,1
2021-01-11,350.75848388671875,0.037014146637709189,1,Sideways,0.017017828200972446,0.95056726094003241,0.032414910858995137,0.015397082658022691,True,1,1
2021-01-12,350.8326416015625,0.038451136515761819,1,Sideways,0.017004048582995951,0.95060728744939271,0.032388663967611336,0.015384615384615385,True,1,1
2021-01-13,351.77734375,0.045930024284873694,1,Sideways,0.016990291262135922,0.95064724919093846,0.032362459546925564,0.015372168284789642,True,1,1
2021-01-14,350.54544067382812,0.028364583393950316,1,Sideways,0.016976556184316895,0.95068714632174611,0.032336297493936947,0.015359741309620051,True,1,1
2021-01-15,347.989013671875,0.019265377266785011,1,Sideways,0.016962843295638127,0.95072697899838454,0.032310177705977383,0.015347334410339256,True,1,1
2021-01-19,350.72137451171875,0.02155612837872023,1,Sideways,0.016949152542372881,0.95076674737691691,0.032284100080710247,0.015334947538337366,True,1,1
2021-01-20,355.57501220703125,0.039845190760994909,1,Sideways,0.016935483870967744,0.95080645161290323,0.032258064516129031,0.015322580645161288,True,1,1
2021-01-21,355.89920043945312,0.044527720890948475,1,Sideways,0.016921837228041903,0.95084609186140212,0.032232070910556,0.015310233682514097,True,1,1
2021-01-22,354.639404296875,0.042587860508405795,1,Sideways,0.016908212560386472,0.95088566827697263,0.032206119162640899,0.015297906602254427,True,1,1
2021-01-25,356.03805541992188,0.045759774517234897,1,Sideways,0.016894609814963796,0.95092518101367662,0.032180209171359615,0.01528559935639582,True,1,1
2021-01-26,355.48236083984375,0.040081331817439558,1,Sideways,0.016881028938906754,0.95096463022508038,0.03215434083601286,0.015273311897106106,True,1,1
2021-01-27,346.794189453125,0.0060187153310364838,1,Sideways,0.016867469879518072,0.951004016064257,0.032128514056224897,0.015261044176706824,True,1,1
2021-01-28,349.77667236328125,0.016610293187622638,1,Sideways,0.016853932584269662,0.9510433386837881,0.032102728731942212,0.01524879614767255,True,1,1
2021-01-29,342.77423095703125,-0.0051615098658573944,1,Sideways,0.016840417000801924,0.9510825982357658,0.032076984763432237,0.015236567762630313,True,0,0
2021-02-01,348.47988891601562,0.0062852572502574144,1,Sideways,0.016826923076923076,0.95112179487179482,0.032051282051282048,0.015224358974358972,True,1,1
2021-02-02,353.40753173828125,0.034599646320285338,1,Sideways,0.016813450760608487,0.9511609287429944,0.032025620496397116,0.015212169735788629,True,1,1
2021-02-03,353.68545532226562,0.028330823337047173,1,Sideways,0.016799999999999999,0.95120000000000005,0.032000000000000001,0.015200000000000002,True,1,1
2021-02-04,357.70535278320312,0.033837703037022937,1,Sideways,0.016786570743405275,0.95123900879296563,0.031974420463629097,0.015187849720223821,True,1,1
2021-02-05,359.11312866210938,0.022711433301590755,1,Sideways,0.016773162939297124,0.95127795527156545,0.031948881789137379,0.015175718849840255,True,1,1
2021-02-08,361.70663452148438,0.02426160957429091,1,Sideways,0.016759776536312849,0.95131683958499602,0.03192338387869114,0.015163607342378291,True,1,1
2021-02-09,361.46588134765625,0.030526410487039302,1,Sideways,0.016746411483253589,0.95135566188197762,0.031897926634768738,0.015151515151515148,True,1,1
2021-02-10,361.30838012695312,0.029859646119495986,1,Sideways,0.016733067729083666,0.95139442231075699,0.031872509960159362,0.015139442231075696,True,1,1
2021-02-11,361.89190673828125,0.02875274138026751,1,Sideways,0.016719745222929936,0.95143312101910826,0.031847133757961783,0.015127388535031847,True,1,1
2021-02-12,363.6795654296875,0.037467681024784039,1,Sideways,0.016706443914081145,0.95147175815433571,0.031821797931583136,0.01511535401750199,True,1,1
2021-02-16,363.36459350585938,0.044184095560218628,1,Sideways,0.016693163751987282,0.95151033386327499,0.031796502384737677,0.015103338632750395,True,1,1
2021-02-17,363.44805908203125,0.036287165525713538,1,Sideways,0.016679904686258934,0.95154884829229547,0.031771247021445591,0.015091342335186657,True,1,1
2021-02-18,361.90121459960938,0.017791470647253282,1,Sideways,0.016666666666666666,0.95158730158730154,0.031746031746031744,0.015079365079365078,True,1,1
2021-02-19,361.2620849609375,0.01506854894549492,1,Sideways,0.016653449643140365,0.95162569389373508,0.031720856463124503,0.015067406819984138,True,1,1
2021-02-22,358.4832763671875,0.010838818314432785,1,Sideways,0.01664025356576862,0.9516640253565769,0.031695721077654518,0.015055467511885898,True,1,1
2021-02-23,358.91864013671875,0.0080906652335224205,1,Sideways,0.0166270783847981,0.9517022961203484,0.03167062549485352,0.015043547110055421,True,1,1
2021-02-24,362.87380981445312,0.02079273063548559,1,Sideways,0.01661392405063291,0.95174050632911389,0.031645569620253167,0.015031645569620257,True,1,1
2021-02-25,354.13003540039062,0.02115331274388943,1,Sideways,0.016600790513833993,0.95177865612648216,0.031620553359683792,0.015019762845849799,True,1,1
2021-02-26,352.30535888671875,0.0072294315865959469,1,Sideways,0.016587677725118485,0.95181674565560825,0.0315955766192733,0.015007898894154815,True,1,1
2021-03-01,360.84521484375,0.052719785370867189,2,Bull,0,0.25316455696202533,0.74683544303797467,0.74683544303797467,True,1,1
2021-03-02,358.02947998046875,0.027403564361083044,1,Sideways,0.016561514195583597,0.95110410094637221,0.032334384858044164,0.015772870662460567,True,1,1
2021-03-03,353.28720092773438,-0.00034048739695791141,1,Sideways,0.016561514195583597,0.95110410094637221,0.032334384858044164,0.015772870662460567,True,0,0
2021-03-04,348.91525268554688,-0.013487132605926155,1,Sideways,0.016548463356973995,0.95114263199369586,0.032308904649330179,0.015760441292356184,True,0,0
2021-03-05,355.3341064453125,-0.0066290490747220598,1,Sideways,0.016535433070866142,0.95118110236220477,0.032283464566929133,0.015748031496062992,True,0,0
2021-03-08,353.5650634765625,-0.015449352147654416,1,Sideways,0.016522423288749016,0.95121951219512191,0.032258064516129031,0.015735641227380016,True,0,0
2021-03-09,358.61297607421875,-0.0085529491361372445,1,Sideways,0.016509433962264151,0.95125786163522008,0.032232704402515723,0.015723270440251572,True,0,0
2021-03-10,360.84521484375,-0.0017170818490315209,1,Sideways,0.016496465043205028,0.95129615082482322,0.032207384131971717,0.015710919088766689,True,0,0
2021-03-11,364.50390625,0.0088443177595938227,1,Sideways,0.016483516483516484,0.95133437990580849,0.032182103610675042,0.015698587127158558,True,1,1
2021-03-12,364.99484252929688,0.00857420609093551,1,Sideways,0.016470588235294119,0.95137254901960788,0.03215686274509804,0.015686274509803921,True,1,1
2021-03-15,367.17144775390625,0.009601535681811324,1,Sideways,0.016457680250783698,0.95141065830721006,0.032131661442006271,0.015673981191222573,True,1,1
2021-03-16,366.70834350585938,0.0092021899209782099,1,Sideways,0.01644479248238058,0.95144870790916214,0.032106499608457323,0.015661707126076743,True,1,1
2021-03-17,367.958740234375,0.012410799946865891,1,Sideways,0.016431924882629109,0.95148669796557117,0.032081377151799685,0.015649452269170576,True,1,1
2021-03-18,362.60516357421875,0.0019451412324995587,1,Sideways,0.016419077404222049,0.95152462861610632,0.032056293979671621,0.015637216575449572,True,1,1
2021-03-19,361.9342041015625,0.0018604751746855719,1,Sideways,0.016406250000000001,0.95156249999999998,0.032031249999999997,0.015624999999999997,True,1,1
2021-03-22,364.82421875,0.017688251588946047,1,Sideways,0.016393442622950821,0.95160031225604991,0.03200624512099922,0.0156128024980484,True,1,1
2021-03-23,361.9527587890625,0.008453499799252473,1,Sideways,0.016380655226209049,0.95163806552262087,0.031981279251170044,0.015600624024960996,True,1,1
2021-03-24,360.11288452148438,-0.0076084997547232192,1,Sideways,0.016367887763055339,0.95167575993764619,0.031956352299298517,0.015588464536243178,True,0,0
2021-03-25,362.138671875,0.022614959687208058,1,Sideways,0.016355140186915886,0.95171339563862933,0.031931464174454825,0.015576323987538939,True,1,1
2021-03-26,367.97439575195312,0.044475726723965714,1,Sideways,0.016342412451361869,0.95175097276264586,0.031906614785992216,0.015564202334630347,True,1,1
2021-03-29,367.78866577148438,0.019242186516844839,1,Sideways,0.016329704510108865,0.95178849144634525,0.031881804043545882,0.015552099533437017,True,1,1
2021-03-30,366.81295776367188,0.024532833954573396,1,Sideways,0.016317016317016316,0.95182595182595187,0.031857031857031856,0.01554001554001554,True,1,1
2021-03-31,368.29965209960938,0.042493617466050848,1,Sideways,0.016304347826086956,0.95186335403726707,0.03183229813664596,0.015527950310559004,True,1,1
2021-04-01,372.27700805664062,0.066955385845937965,2,Bull,0,0.25786163522012578,0.74213836477987416,0.74213836477987416,True,1,1
2021-04-05,377.62030029296875,0.06271898318628244,2,Bull,0,0.25786163522012578,0.74213836477987416,0.74213836477987416,True,1,1
2021-04-06,377.39736938476562,0.067405715015683265,2,Bull,0,0.25624999999999998,0.74375000000000002,0.74375000000000002,True,1,1
2021-04-07,377.83413696289062,0.053598620716652112,2,Bull,0,0.25465838509316768,0.74534161490683226,0.74534161490683226,True,1,1
2021-04-08,379.62762451171875,0.052051153501098124,2,Bull,0,0.25308641975308643,0.74691358024691357,0.74691358024691357,True,1,1
2021-04-09,382.3875732421875,0.049063032482076441,1,Sideways,0.01627906976744186,0.9511627906976744,0.03255813953488372,0.01627906976744186,True,1,1
2021-04-12,382.52688598632812,0.048033674491233525,1,Sideways,0.01627906976744186,0.9511627906976744,0.03255813953488372,0.01627906976744186,True,1,1
2021-04-13,383.66070556640625,0.044908878164055421,1,Sideways,0.016266460108443067,0.95120061967467084,0.032532920216886134,0.016266460108443067,True,1,1
2021-04-14,382.35037231445312,0.042655230200247196,1,Sideways,0.016253869969040248,0.95123839009287925,0.032507739938080496,0.016253869969040248,True,1,1
2021-04-15,386.457763671875,0.050274722175961628,2,Bull,0,0.25609756097560976,0.74390243902439024,0.74390243902439024,True,1,1
2021-04-16,387.74948120117188,0.06934351783384507,2,Bull,0,0.25609756097560976,0.74390243902439024,0.74390243902439024,True,1,1
2021-04-19,385.84442138671875,0.066062331258547768,2,Bull,0,0.25454545454545452,0.74545454545454548,0.74545454545454548,True,1,1
2021-04-20,383.01950073242188,0.049874106617056491,1,Sideways,0.016228748068006182,0.95054095826893359,0.033230293663060281,0.0170015455950541,True,1,1
2021-04-21,386.64364624023438,0.068215773610282415,2,Bull,0,0.25748502994011974,0.74251497005988021,0.74251497005988021,True,1,1
2021-04-22,383.11239624023438,0.06386750573868416,2,Bull,0,0.25748502994011974,0.74251497005988021,0.74251497005988021,True,1,1
2021-04-23,387.2662353515625,0.06938657875576415,2,Bull,0,0.25595238095238093,0.74404761904761907,0.74404761904761907,True,1,1
2021-04-26,388.07467651367188,0.054624128726793453,2,Bull,0,0.25443786982248523,0.74556213017751483,0.74556213017751483,True,1,1
2021-04-27,387.99099731445312,0.05492918467346386,2,Bull,0,0.25294117647058822,0.74705882352941178,0.74705882352941178,True,1,1
2021-04-28,387.87957763671875,0.057431504059950678,2,Bull,0,0.25146198830409355,0.74853801169590639,0.74853801169590639,True,1,1
2021-04-29,390.35140991210938,0.059874500795173091,2,Bull,0,0.25,0.75,0.75,True,1,1
2021-04-30,387.78656005859375,0.041661321183696032,1,Sideways,0.016216216216216217,0.9498069498069498,0.03397683397683398,0.017760617760617763,True,1,1
2021-05-03,388.62298583984375,0.029136901639924551,1,Sideways,0.016216216216216217,0.9498069498069498,0.03397683397683398,0.017760617760617763,True,1,1
2021-05-04,386.22537231445312,0.023391797733192776,1,Sideways,0.016203703703703703,0.94984567901234573,0.033950617283950615,0.017746913580246913,True,1,1
2021-05-05,386.3463134765625,0.022528870954050095,1,Sideways,0.016191210485736313,0.94988434849653047,0.033924441017733231,0.017733230531996918,True,1,1
2021-05-06,389.4315185546875,0.025825028027342878,1,Sideways,0.016178736517719568,0.94992295839753471,0.033898305084745763,0.017719568567026195,True,1,1
2021-05-07,392.2657470703125,0.025832884014430624,1,Sideways,0.016166281755196306,0.94996150885296382,0.033872209391839873,0.017705927636643568,True,1,1
2021-05-10,388.38134765625,0.015304706373321819,1,Sideways,0.016153846153846154,0.94999999999999996,0.033846153846153845,0.017692307692307691,True,1,1
2021-05-11,384.9151611328125,0.0032697004102995031,1,Sideways,0.016141429669485011,0.9500384319754035,0.033820138355111454,0.017678708685626442,True,1,1
2021-05-12,376.73757934570312,-0.01467971100635912,1,Sideways,0.016129032258064516,0.95007680491551461,0.033794162826420893,0.017665130568356377,True,0,0
2021-05-13,381.26309204101562,-0.013441757726647574,1,Sideways,0.016116653875671526,0.95011511895625478,0.033768227168073678,0.017651573292402151,True,0,0
2021-05-14,387.1175537109375,-0.0016297313623135912,1,Sideways,0.016104294478527608,0.95015337423312884,0.033742331288343558,0.01763803680981595,True,0,0
2021-05-17,386.13250732421875,0.00074663756045678653,1,Sideways,0.016091954022988506,0.95019157088122608,0.033716475095785438,0.017624521072796932,True,1,1
2021-05-18,382.8056640625,-0.00055829186115319285,1,Sideways,0.016079632465543645,0.95022970903522208,0.033690658499234305,0.01761102603369066,True,0,0
2021-05-19,381.80218505859375,-0.012521765788005346,1,Sideways,0.016067329762815608,0.95026778882938023,0.033664881407804131,0.017597551644988524,True,0,0
2021-05-20,385.90951538085938,0.0073010405512199394,1,Sideways,0.016055045871559634,0.95030581039755346,0.033639143730886847,0.017584097859327213,True,1,1
2021-05-21,385.59359741210938,-0.0043190905551956371,1,Sideways,0.016042780748663103,0.95034377387318569,0.033613445378151259,0.017570664629488156,True,0,0
2021-05-24,389.52432250976562,0.0037354820704016412,1,Sideways,0.016030534351145039,0.95038167938931295,0.033587786259541987,0.017557251908396947,True,1,1
2021-05-25,388.66009521484375,0.001724519138387004,1,Sideways,0.016018306636155607,0.95041952707856603,0.033562166285278416,0.01754385964912281,True,1,1
2021-05-26,389.4315185546875,0.00400108953254108,1,Sideways,0.01600609756097561,0.95045731707317072,0.033536585365853661,0.01753048780487805,True,1,1
2021-05-27,389.635986328125,-0.0018327680285450398,1,Sideways,0.015993907083015995,0.95049504950495045,0.033511043412033509,0.017517136329017514,True,0,0
2021-05-28,390.33285522460938,0.0065662285088758932,1,Sideways,0.015981735159817351,0.95053272450532722,0.033485540334855401,0.017503805175038051,True,1,1
2021-06-01,389.989013671875,0.0035150464120878855,1,Sideways,0.01596958174904943,0.95057034220532322,0.033460076045627375,0.017490494296577945,True,1,1
2021-06-02,390.60223388671875,0.011332403011322878,1,Sideways,0.015957446808510637,0.95060790273556228,0.033434650455927049,0.017477203647416412,True,1,1
2021-06-03,389.15264892578125,0.0072637821336141162,1,Sideways,0.015945330296127564,0.95064540622627181,0.033409263477600606,0.017463933181473042,True,1,1
2021-06-04,392.71182250976562,0.0084233139814990921,1,Sideways,0.015933232169954476,0.95068285280728382,0.033383915022761758,0.017450682852807282,True,1,1
2021-06-07,392.330810546875,0.00016586581175759285,1,Sideways,0.015921152388172859,0.95072024260803634,0.033358605003790752,0.017437452615617893,True,1,1
2021-06-08,392.4144287109375,0.010384332509853378,1,Sideways,0.015909090909090907,0.9507575757575758,0.033333333333333333,0.017424242424242425,True,1,1
2021-06-09,391.82904052734375,0.017962086435316271,1,Sideways,0.015897047691143074,0.95079485238455719,0.033308099924299776,0.017411052233156702,True,1,1
2021-06-10,393.65032958984375,0.044892655183254471,1,Sideways,0.01588502269288956,0.95083207261724656,0.033282904689863842,0.017397881996974281,True,1,1
2021-06-11,394.30084228515625,0.034196203399457392,1,Sideways,0.015873015873015872,0.95086923658352229,0.033257747543461828,0.017384731670445956,True,1,1
2021-06-14,395.18374633789062,0.020836545771768744,1,Sideways,0.015861027190332326,0.95090634441087618,0.033232628398791542,0.017371601208459216,True,1,1
2021-06-15,394.45883178710938,0.021563386415170083,1,Sideways,0.015849056603773583,0.95094339622641511,0.033207547169811322,0.017358490566037738,True,1,1
2021-06-16,392.2564697265625,0.024688259739332086,1,Sideways,0.015837104072398189,0.9509803921568627,0.033182503770739065,0.017345399698340876,True,1,1
2021-06-17,392.12628173828125,0.02704043372120335,1,Sideways,0.015825169555388093,0.95101733232856067,0.033157498116051246,0.017332328560663152,True,1,1
2021-06-18,386.83639526367188,0.0024018062418018626,1,Sideways,0.015813253012048192,0.95105421686746983,0.03313253012048193,0.017319277108433739,True,1,1
2021-06-21,392.37432861328125,0.017585175808624287,1,Sideways,0.01580135440180587,0.95109104589917226,0.033107599699021821,0.017306245297215951,True,1,1
2021-06-22,394.4720458984375,0.012701962631737507,1,Sideways,0.015789473684210527,0.95112781954887216,0.03308270676691729,0.017293233082706763,True,1,1
2021-06-23,393.99661254882812,0.013730551192898899,1,Sideways,0.015777610818933134,0.95116453794139744,0.033057851239669422,0.017280240420736288,True,1,1
2021-06-24,396.3272705078125,0.01770722610927189,1,Sideways,0.015765765765765764,0.95120120120120122,0.033033033033033031,0.017267267267267267,True,1,1
2021-06-25,397.73519897460938,0.02078661348200983,1,Sideways,0.015753938484621154,0.95123780945236314,0.033008252063015754,0.0172543135783946,True,1,1
2021-06-28,398.53695678710938,0.021018219329190568,1,Sideways,0.015742128935532233,0.95127436281859068,0.032983508245877063,0.017241379310344831,True,1,1
2021-06-29,398.75140380859375,0.022468299950857418,1,Sideways,0.015730337078651686,0.95131086142322097,0.032958801498127341,0.017228464419475654,True,1,1
2021-06-30,399.08700561523438,0.021722281626725959,1,Sideways,0.015718562874251496,0.95134730538922152,0.032934131736526949,0.017215568862275453,True,1,1
2021-07-01,401.296630859375,0.031206216807507348,1,Sideways,0.015706806282722512,0.95138369483919227,0.032909498878085267,0.017202692595362754,True,1,1
2021-07-02,404.36392211914062,0.029670865355944986,1,Sideways,0.015695067264573991,0.95142002989536623,0.032884902840059793,0.017189835575485802,True,1,1
2021-07-06,403.62734985351562,0.028793403431390585,1,Sideways,0.01568334578043316,0.95145631067961167,0.032860343539955192,0.017176997759522031,True,1,1
2021-07-07,405.05374145507812,0.032209092784024618,1,Sideways,0.015671641791044775,0.95149253731343286,0.032835820895522387,0.017164179104477612,True,1,1
2021-07-08,401.75347900390625,0.025328491382889062,1,Sideways,0.015659955257270694,0.95152870991797167,0.032811334824757642,0.017151379567486948,True,1,1
2021-07-09,406.0421142578125,0.031479167516206941,1,Sideways,0.01564828614008942,0.95156482861400893,0.032786885245901641,0.017138599105812221,True,1,1
2021-07-12,407.49655151367188,0.033466094447174743,1,Sideways,0.015636634400595682,0.95160089352196575,0.03276247207743857,0.017125837676842889,True,1,1
2021-07-13,406.10733032226562,0.027641784576420969,1,Sideways,0.015625,0.95163690476190477,0.03273809523809524,0.01711309523809524,True,1,1
2021-07-14,406.71337890625,0.031066732778224138,1,Sideways,0.015613382899628252,0.95167286245353155,0.032713754646840149,0.017100371747211896,True,1,1
2021-07-15,405.32424926757812,0.033314376051273298,1,Sideways,0.015601783060921248,0.95170876671619609,0.032689450222882617,0.017087667161961369,True,1,1
2021-07-16,402.14495849609375,0.025549618131689877,1,Sideways,0.015590200445434299,0.95174461766889384,0.032665181885671864,0.017074981440237565,True,1,1
2021-07-19,396.20614624023438,0.024221482495658142,1,Sideways,0.015578635014836795,0.95178041543026703,0.032640949554896145,0.01706231454005935,True,1,1
2021-07-20,401.8839111328125,0.02423599564512724,1,Sideways,0.015567086730911787,0.95181616011860637,0.032616753150481841,0.017049666419570054,True,1,1
2021-07-21,405.13778686523438,0.027038014677326361,1,Sideways,0.015555555555555555,0.95185185185185184,0.03259259259259259,0.017037037037037035,True,1,1
2021-07-22,405.98614501953125,0.030430547088059701,1,Sideways,0.015544041450777202,0.95188749074759438,0.03256846780162842,0.017024426350851218,True,1,1
2021-07-23,410.16290283203125,0.034909614739584205,1,Sideways,0.015532544378698224,0.95192307692307687,0.032544378698224852,0.017011834319526627,True,1,1
2021-07-26,411.16986083984375,0.033777905249195772,1,Sideways,0.015521064301552107,0.95195861049519581,0.032520325203252036,0.016999260901699929,True,1,1
2021-07-27,409.29580688476562,0.02699586553877209,1,Sideways,0.0155096011816839,0.95199409158050219,0.032496307237813882,0.01698670605612998,True,1,1
2021-07-28,409.12808227539062,0.026022926484235764,1,Sideways,0.015498154981549815,0.95202952029520294,0.03247232472324723,0.016974169741697416,True,1,1
2021-07-29,410.82489013671875,0.029411843423438944,1,Sideways,0.015486725663716814,0.95206489675516226,0.032448377581120944,0.01696165191740413,True,1,1
2021-07-30,408.82977294921875,0.018772004324361102,1,Sideways,0.015475313190862197,0.95210022107590275,0.032424465733235076,0.016949152542372878,True,1,1
2021-08-02,407.971923828125,0.0089226597913978356,1,Sideways,0.015463917525773196,0.95213549337260672,0.032400589101620032,0.016936671575846836,True,1,1
2021-08-03,411.291015625,0.018986983350522957,1,Sideways,0.015452538631346579,0.95217071376011775,0.032376747608535691,0.01692420897718911,True,1,1
2021-08-04,409.26788330078125,0.010403907961853642,1,Sideways,0.015441176470588236,0.95220588235294112,0.032352941176470591,0.016911764705882355,True,1,1
2021-08-05,411.85971069335938,0.025155305971488184,1,Sideways,0.015429831006612785,0.95224099926524619,0.032329169728141073,0.016899338721528288,True,1,1
2021-08-06,412.54025268554688,0.016003607014045906,1,Sideways,0.015418502202643172,0.95227606461086634,0.032305433186490456,0.016886930983847283,True,1,1
2021-08-09,412.20474243164062,0.011553940519201555,1,Sideways,0.015407190022010272,0.95231107850330154,0.032281731474688186,0.016874541452677916,True,1,1
2021-08-10,412.71746826171875,0.016276824981729998,1,Sideways,0.015395894428152493,0.95234604105571852,0.032258064516129031,0.016862170087976538,True,1,1
2021-08-11,413.74298095703125,0.017283921344524167,1,Sideways,0.015384615384615385,0.95238095238095233,0.032234432234432238,0.016849816849816852,True,1,1
2021-08-12,414.98294067382812,0.023829542455708674,1,Sideways,0.015373352855051245,0.95241581259150809,0.032210834553440704,0.016837481698389459,True,1,1
2021-08-13,415.73828125,0.033802046915473838,1,Sideways,0.015362106803218726,0.95245062179956108,0.032187271397220191,0.016825164594001463,True,1,1
2021-08-16,416.71710205078125,0.05176839381514875,2,Bull,0,0.25287356321839083,0.74712643678160917,0.74712643678160917,True,1,1
2021-08-17,413.98544311523438,0.030112009083196778,1,Sideways,0.015339663988312637,0.95178962746530316,0.032870708546384221,0.017531044558071585,True,1,1
2021-08-18,409.45437622070312,0.010654620465961662,1,Sideways,0.015339663988312637,0.95178962746530316,0.032870708546384221,0.017531044558071585,True,1,1
2021-08-19,410.08837890625,0.010104369168857819,1,Sideways,0.015328467153284672,0.95182481751824821,0.032846715328467155,0.017518248175182483,True,1,1
2021-08-20,413.35140991210938,0.0077737578363683557,1,Sideways,0.015317286652078774,0.9518599562363238,0.032822757111597371,0.017505470459518599,True,1,1
2021-08-23,416.98745727539062,0.01414888830534422,1,Sideways,0.015306122448979591,0.95189504373177847,0.032798833819241979,0.017492711370262388,True,1,1
2021-08-24,417.64938354492188,0.020409631664045191,1,Sideways,0.01529497450837582,0.95193008011653313,0.032774945375091041,0.017479970866715221,True,1,1
2021-08-25,418.52584838867188,0.022970229911901896,1,Sideways,0.015283842794759825,0.95196506550218341,0.032751091703056769,0.017467248908296942,True,1,1
2021-08-26,416.05520629882812,0.01273125433166622,1,Sideways,0.015272727272727273,0.95199999999999996,0.03272727272727273,0.017454545454545459,True,1,1
2021-08-27,419.77511596679688,0.026772372615185391,1,Sideways,0.015261627906976744,0.95203488372093026,0.032703488372093026,0.017441860465116282,True,1,1
2021-08-30,421.62115478515625,0.033456299710422188,1,Sideways,0.015250544662309368,0.95206971677559915,0.032679738562091505,0.017429193899782137,True,1,1
2021-08-31,420.99639892578125,0.023597362772519892,1,Sideways,0.015239477503628448,0.95210449927431062,0.032656023222060959,0.017416545718432513,True,1,1
2021-09-01,421.22021484375,0.029204176605728716,1,Sideways,0.015228426395939087,0.95213923132704859,0.032632342277012324,0.017403915881073238,True,1,1
2021-09-02,422.51614379882812,0.025873939180719674,1,Sideways,0.015217391304347827,0.95217391304347831,0.032608695652173912,0.017391304347826084,True,1,1
2021-09-03,422.41354370117188,0.023932915518793729,1,Sideways,0.015206372194062274,0.95220854453294712,0.032585083272990589,0.017378711078928313,True,1,1
2021-09-07,420.90322875976562,0.02110234413318901,1,Sideways,0.015195369030390739,0.95224312590448623,0.032561505065123009,0.01736613603473227,True,1,1
2021-09-08,420.39044189453125,0.018591346921005059,1,Sideways,0.015184381778741865,0.95227765726681124,0.032537960954446853,0.017353579175704986,True,1,1
2021-09-09,418.59109497070312,0.011717694889850971,1,Sideways,0.015173410404624277,0.95231213872832365,0.032514450867052021,0.017341040462427744,True,1,1
2021-09-10,415.29058837890625,0.00074135024581623021,1,Sideways,0.01516245487364621,0.9523465703971119,0.032490974729241874,0.017328519855595664,True,1,1
2021-09-13,416.353515625,0.0014798598126450901,1,Sideways,0.015151515151515152,0.95238095238095233,0.032467532467532464,0.017316017316017313,True,1,1
2021-09-14,414.10665893554688,-0.0062643052142272726,1,Sideways,0.01514059120403749,0.95241528478731075,0.032444124008651765,0.017303532804614274,True,0,0
2021-09-15,417.56558227539062,0.0086479832073702578,1,Sideways,0.015129682997118156,0.95244956772334299,0.032420749279538905,0.017291066282420747,True,1,1
2021-09-16,416.90362548828125,0.018193111858603839,1,Sideways,0.01511879049676026,0.95248380129589638,0.032397408207343416,0.017278617710583158,True,1,1
2021-09-17,412.84243774414062,0.0067157690379717749,1,Sideways,0.015107913669064749,0.9525179856115108,0.03237410071942446,0.017266187050359712,True,1,1
2021-09-20,405.95870971679688,-0.017884782821678047,1,Sideways,0.01509705248023005,0.95255212077641982,0.03235082674335011,0.01725377426312006,True,0,0
2021-09-21,405.57528686523438,-0.027368138324168623,1,Sideways,0.015086206896551725,0.95258620689655171,0.032327586206896554,0.017241379310344827,True,0,0
2021-09-22,409.53158569335938,-0.019436872581159559,1,Sideways,0.01507537688442211,0.95262024407753054,0.032304379038047379,0.017229002153625269,True,0,0
2021-09-23,414.50738525390625,-0.0096014694199575423,1,Sideways,0.015064562410329985,0.95265423242467717,0.032281205164992825,0.01721664275466284,True,0,0
2021-09-24,415.19021606445312,-0.0020790275455746521,1,Sideways,0.015053763440860216,0.95268817204301071,0.032258064516129031,0.017204301075268817,True,0,0
2021-09-27,414.0023193359375,-0.013752117291573773,1,Sideways,0.015042979942693409,0.95272206303724927,0.032234957020057305,0.017191977077363897,True,0,0
2021-09-28,405.65936279296875,-0.037858138309784461,1,Sideways,0.015032211882605583,0.952755905511811,0.032211882605583393,0.017179670722977811,True,0,0
2021-09-29,406.34213256835938,-0.03480853136704698,1,Sideways,0.015021459227467811,0.9527896995708155,0.032188841201716736,0.017167381974248927,True,0,0
2021-09-30,401.37570190429688,-0.047111967185179737,1,Sideways,0.015010721944245889,0.95282344531808438,0.032165832737669764,0.017155110793423876,True,0,0
2021-10-01,406.14572143554688,-0.038745081350254118,1,Sideways,0.014999999999999999,0.95285714285714285,0.03214285714285714,0.01714285714285714,True,0,0
2021-10-04,400.90805053710938,-0.050910993467757071,0,Bear,0.79611650485436891,0.20388349514563106,0,-0.79611650485436891,True,0,0
2021-10-05,405.07943725585938,-0.037594844664253779,1,Sideways,0.015691868758915834,0.95221112696148358,0.03209700427960057,0.016405135520684736,True,0,0
2021-10-06,406.7630615234375,-0.032416009055012296,1,Sideways,0.015691868758915834,0.95221112696148358,0.03209700427960057,0.016405135520684736,True,0,0
2021-10-07,410.27972412109375,-0.019855584482013633,1,Sideways,0.015680684248039915,0.95224518888096932,0.032074126870990732,0.016393442622950817,True,0,0
2021-10-08,409.53158569335938,-0.013867404768374891,1,Sideways,0.015669515669515671,0.95227920227920226,0.032051282051282048,0.016381766381766378,True,0,0
2021-10-11,406.566650390625,-0.023506142898021776,1,Sideways,0.015658362989323844,0.95231316725978643,0.032028469750889681,0.016370106761565837,True,0,0
2021-10-12,405.56585693359375,-0.020624642993925968,1,Sideways,0.015647226173541962,0.95234708392603129,0.032005689900426744,0.016358463726884782,True,0,0
2021-10-13,407.02487182617188,-0.025243245364669487,1,Sideways,0.015636105188343994,0.95238095238095233,0.031982942430703626,0.016346837242359632,True,0,0
2021-10-14,413.87136840820312,-0.0072732806689477236,1,Sideways,0.015625,0.95241477272727271,0.031960227272727272,0.016335227272727272,True,0,0
2021-10-15,417.02322387695312,0.010126832298678501,1,Sideways,0.015613910574875798,0.95244854506742371,0.031937544357700499,0.016323633782824701,True,1,1
2021-10-18,418.25787353515625,0.030296588110991562,1,Sideways,0.015602836879432624,0.95248226950354609,0.031914893617021274,0.016312056737588648,True,1,1
2021-10-19,421.4847412109375,0.039226883049680472,1,Sideways,0.01559177888022679,0.95251594613749113,0.031892274982282066,0.016300496102055279,True,1,1
2021-10-20,423.14019775390625,0.033229700799528583,1,Sideways,0.015580736543909348,0.9525495750708215,0.031869688385269122,0.016288951841359776,True,1,1
2021-10-21,424.24383544921875,0.023489208013383056,1,Sideways,0.01556970983722576,0.9525831564048125,0.031847133757961783,0.016277423920736021,True,1,1
2021-10-22,423.80429077148438,0.020747296958688599,1,Sideways,0.015558698727015558,0.95261669024045259,0.031824611032531827,0.016265912305516269,True,1,1
2021-10-25,426.07705688476562,0.02916586933183396,1,Sideways,0.015547703180212015,0.9526501766784452,0.031802120141342753,0.016254416961130738,True,1,1
2021-10-26,426.46041870117188,0.051277149786430831,2,Bull,0,0.25714285714285712,0.74285714285714288,0.74285714285714288,True,1,1
2021-10-27,424.5711669921875,0.044861295353765485,1,Sideways,0.015525758645024701,0.95201129146083274,0.032462949894142556,0.016937191249117856,True,1,1
2021-10-28,428.66778564453125,0.067996352571292107,2,Bull,0,0.26136363636363635,0.73863636363636365,0.73863636363636365,True,1,1
2021-10-29,429.53756713867188,0.05759471162331864,2,Bull,0,0.26136363636363635,0.73863636363636365,0.73863636363636365,True,1,1
2021-11-01,430.27658081054688,0.073255027515889415,2,Bull,0,0.25988700564971751,0.74011299435028244,0.74011299435028244,True,1,1
2021-11-02,432.01614379882812,0.066497343645599116,2,Bull,0,0.25842696629213485,0.7415730337078652,0.7415730337078652,True,1,1
2021-11-03,434.65374755859375,0.06856740120574889,2,Bull,0,0.25698324022346369,0.74301675977653636,0.74301675977653636,True,1,1
2021-11-04,436.70208740234375,0.064400850755791827,2,Bull,0,0.25555555555555554,0.74444444444444446,0.74444444444444446,True,1,1
2021-11-05,438.21728515625,0.07004514539293516,2,Bull,0,0.2541436464088398,0.7458563535911602,0.7458563535911602,True,1,1
2021-11-08,438.59130859375,0.07876853197958078,2,Bull,0,0.25274725274725274,0.74725274725274726,0.74725274725274726,True,1,1
2021-11-09,437.1416015625,0.077856022860613772,2,Bull,0,0.25136612021857924,0.74863387978142082,0.74863387978142082,True,1,1
2021-11-10,433.62496948242188,0.065352511596908247,2,Bull,0,0.25,0.75,0.75,True,1,1
2021-11-11,433.76516723632812,0.048067588982148912,1,Sideways,0.015514809590973202,0.95133991537376583,0.033145275035260928,0.017630465444287726,True,1,1
2021-11-12,437.03872680664062,0.047996134948094182,1,Sideways,0.015514809590973202,0.95133991537376583,0.033145275035260928,0.017630465444287726,True,1,1
2021-11-15,437.18844604492188,0.045260528749315743,1,Sideways,0.015503875968992248,0.95137420718816068,0.033121916842847078,0.01761804087385483,True,1,1
2021-11-16,438.91867065429688,0.041363133083468728,1,Sideways,0.015492957746478873,0.95140845070422531,0.033098591549295772,0.017605633802816899,True,1,1
2021-11-17,437.85256958007812,0.034769496975866288,1,Sideways,0.015482054890921885,0.95144264602392681,0.033075299085151305,0.017593244194229418,True,1,1
2021-11-18,439.33966064453125,0.035582898168285748,1,Sideways,0.015471167369901548,0.95147679324894519,0.033052039381153309,0.017580872011251761,True,1,1
2021-11-19,438.55401611328125,0.034803152452625774,1,Sideways,0.015460295151089248,0.95151089248067466,0.03302881236823612,0.017568517217146872,True,1,1
2021-11-22,437.3193359375,0.026385553671750328,1,Sideways,0.015449438202247191,0.9515449438202247,0.033005617977528087,0.017556179775280897,True,1,1
2021-11-23,437.89932250976562,0.02682289681990202,1,Sideways,0.015438596491228071,0.95157894736842108,0.032982456140350877,0.017543859649122806,True,1,1
2021-11-24,439.06832885742188,0.034145422469305631,1,Sideways,0.015427769985974754,0.95161290322580649,0.032959326788218793,0.017531556802244039,True,1,1
2021-11-26,429.2757568359375,0.0014182805700972967,1,Sideways,0.015416958654519973,0.95164681149264185,0.032936229852838124,0.01751927119831815,True,1,1
2021-11-29,434.54156494140625,0.011649732609112728,1,Sideways,0.015406162464985995,0.95168067226890751,0.032913165266106444,0.017507002801120448,True,1,1
2021-11-30,426.08639526367188,-0.0097383537328050718,1,Sideways,0.015395381385584325,0.95171448565430372,0.032890132960111965,0.01749475157452764,True,0,0
2021-12-01,421.353759765625,-0.024680522212540579,1,Sideways,0.015384615384615385,0.95174825174825173,0.032867132867132866,0.01748251748251748,True,0,0
2021-12-02,427.80728149414062,-0.015751540399476682,1,Sideways,0.015373864430468204,0.95178197064989523,0.032844164919636619,0.017470300489168415,True,0,0
2021-12-03,424.0848388671875,-0.028892118675704181,1,Sideways,0.015363128491620111,0.95181564245810057,0.03282122905027933,0.01745810055865922,True,0,0
2021-12-06,429.10745239257812,-0.02078839213387873,1,Sideways,0.015352407536636426,0.95184926727145847,0.032798325191905092,0.017445917655268664,True,0,0
2021-12-07,437.98345947265625,-0.001385912372597331,1,Sideways,0.015341701534170154,0.95188284518828448,0.03277545327754533,0.017433751743375178,True,0,0
2021-12-08,439.14321899414062,0.0045788765573584467,1,Sideways,0.015331010452961672,0.95191637630662018,0.032752613240418116,0.017421602787456442,True,1,1
2021-12-09,436.17825317382812,0.0058882303167502315,1,Sideways,0.01532033426183844,0.95194986072423393,0.032729805013927575,0.017409470752089137,True,1,1
2021-12-10,440.28427124023438,0.01502910905788446,1,Sideways,0.015309672929714684,0.95198329853862218,0.032707028531663185,0.017397355601948501,True,1,1
2021-12-13,436.38409423828125,-0.0014978822886992926,1,Sideways,0.015299026425591099,0.95201668984700971,0.032684283727399163,0.017385257301808066,True,0,0
2021-12-14,433.3817138671875,-0.0087073027939609249,1,Sideways,0.015288394718554551,0.95205003474635164,0.032661570535093817,0.017373175816539264,True,0,0
2021-12-15,440.15335083007812,0.0028130044546537114,1,Sideways,0.015277777777777777,0.95208333333333328,0.032638888888888891,0.017361111111111112,True,1,1
2021-12-16,436.271728515625,-0.0036104414460081946,1,Sideways,0.015267175572519083,0.95211658570437196,0.032616238723108953,0.017349063150589872,True,0,0
2021-12-17,431.62860107421875,-0.017551476138075062,1,Sideways,0.015256588072122053,0.95214979195561722,0.032593619972260748,0.017337031900138695,True,0,0
2021-12-20,427.0389404296875,-0.026256915363920275,1,Sideways,0.015246015246015246,0.95218295218295224,0.032571032571032568,0.017325017325017324,True,0,0
2021-12-21,434.62271118164062,-0.0061662600627491182,1,Sideways,0.015235457063711912,0.95221606648199442,0.03254847645429363,0.017313019390581719,True,0,0
2021-12-22,438.96844482421875,0.0024414797180447589,1,Sideways,0.015224913494809689,0.95224913494809693,0.032525951557093424,0.017301038062283735,True,1,1
2021-12-23,441.69970703125,0.0059930949259667798,1,Sideways,0.015214384508990318,0.9522821576763485,0.032503457814661137,0.017289073305670817,True,1,1
2021-12-27,447.95062255859375,0.043503192121314038,1,Sideways,0.01520387007601935,0.9523151347615757,0.032480995162404977,0.017277125086385625,True,1,1
2021-12-28,447.58462524414062,0.030015679408005758,1,Sideways,0.015193370165745856,0.95234806629834257,0.032458563535911603,0.017265193370165747,True,1,1
2021-12-29,448.15725708007812,0.051799029637518146,2,Bull,0,0.25268817204301075,0.74731182795698925,0.74731182795698925,True,1,1
2021-12-30,446.91818237304688,0.060672112245164111,2,Bull,0,0.25268817204301075,0.74731182795698925,0.74731182795698925,True,1,1
2021-12-31,445.79193115234375,0.042039138734129899,1,Sideways,0.015172413793103448,0.9517241379310345,0.03310344827586207,0.017931034482758623,True,1,1
2022-01-03,448.37307739257812,0.057272121753442651,2,Bull,0,0.25531914893617019,0.74468085106382975,0.74468085106382975,True,1,1
2022-01-04,448.22283935546875,0.044546853838843381,1,Sideways,0.015161957270847692,0.9510682288077188,0.033769813921433495,0.018607856650585803,True,1,1
2022-01-05,439.61599731445312,0.0037273961070640738,1,Sideways,0.015161957270847692,0.9510682288077188,0.033769813921433495,0.018607856650585803,True,1,1
2022-01-06,439.20297241210938,0.00013606817863576204,1,Sideways,0.015151515151515152,0.95110192837465568,0.033746556473829202,0.01859504132231405,True,1,1
2022-01-07,437.4666748046875,0.0029538878233479338,1,Sideways,0.015141087405368204,0.95113558155540257,0.033723331039229178,0.018582243633860976,True,1,1
2022-01-10,436.92227172851562,-0.0076359745994294403,1,Sideways,0.015130674002751032,0.95116918844566711,0.033700137551581841,0.018569463548830809,True,0,0
2022-01-11,440.90191650390625,0.010352857322884157,1,Sideways,0.015120274914089347,0.95120274914089342,0.03367697594501718,0.018556701030927832,True,1,1
2022-01-12,442.09390258789062,0.020102806468140555,1,Sideways,0.01510989010989011,0.95123626373626369,0.033653846153846152,0.018543956043956041,True,1,1
2022-01-13,436.00247192382812,-0.009430528924571191,1,Sideways,0.015099519560741249,0.95126973232669865,0.033630748112560054,0.018531228551818803,True,0,0
2022-01-14,436.1807861328125,-0.00020845353221010665,1,Sideways,0.015089163237311385,0.95130315500685869,0.033607681755829906,0.018518518518518521,True,0,0
2022-01-18,428.4561767578125,-0.0073498936551258387,1,Sideways,0.015078821110349555,0.95133653187114464,0.033584647018505824,0.018505825908156269,True,0,0
2022-01-19,424.00729370117188,-0.0070992278256056807,1,Sideways,0.015068493150684932,0.95136986301369864,0.033561643835616439,0.018493150684931507,True,0,0
2022-01-20,419.31427001953125,-0.035222368201811571,1,Sideways,0.015058179329226557,0.95140314852840524,0.033538672142368241,0.018480492813141684,True,0,0
2022-01-21,411.08294677734375,-0.063525062850568914,0,Bear,0.78846153846153844,0.21153846153846154,0,-0.78846153846153844,True,0,0
2022-01-24,412.82867431640625,-0.065363486222102307,0,Bear,0.78846153846153844,0.21153846153846154,0,-0.78846153846153844,True,0,0
2022-01-25,407.7884521484375,-0.089657583643391159,0,Bear,0.79047619047619044,0.20952380952380953,0,-0.79047619047619044,True,0,0
2022-01-26,406.76535034179688,-0.091199010421947335,0,Bear,0.79245283018867929,0.20754716981132076,0,-0.79245283018867929,True,0,0
2022-01-27,404.75686645507812,-0.096841878468666875,0,Bear,0.79439252336448596,0.20560747663551401,0,-0.79439252336448596,True,0,0
2022-01-28,414.80908203125,-0.07184558965872434,0,Bear,0.79629629629629628,0.20370370370370369,0,-0.79629629629629628,True,0,0
2022-01-31,422.28030395507812,-0.052741257869987845,0,Bear,0.79816513761467889,0.20183486238532111,0,-0.79816513761467889,True,0,0
2022-02-01,425.13360595703125,-0.051830657564658544,0,Bear,0.80000000000000004,0.20000000000000001,0,-0.80000000000000004,True,0,0
2022-02-02,429.26333618164062,-0.042299279530448097,1,Sideways,0.015721120984278879,0.95078605604921396,0.033492822966507178,0.0177717019822283,True,0,0
2022-02-03,419.173583984375,-0.046500612932554142,1,Sideways,0.015721120984278879,0.95078605604921396,0.033492822966507178,0.0177717019822283,True,0,0
2022-02-04,421.1446533203125,-0.041116113109663899,1,Sideways,0.015710382513661202,0.95081967213114749,0.033469945355191259,0.017759562841530057,True,0,0
2022-02-07,419.79302978515625,-0.040399980244030909,1,Sideways,0.015699658703071672,0.95085324232081914,0.033447098976109216,0.017747440273037544,True,0,0
2022-02-08,423.24703979492188,-0.031299004007035225,1,Sideways,0.015688949522510234,0.9508867667121419,0.033424283765347888,0.017735334242837655,True,0,0
2022-02-09,429.4417724609375,-0.025992502218726954,1,Sideways,0.015678254942058625,0.95092024539877296,0.033401499659168374,0.017723244717109749,True,0,0
2022-02-10,421.72659301757812,-0.046070098345822319,1,Sideways,0.015667574931880108,0.95095367847411449,0.03337874659400545,0.017711171662125342,True,0,0
2022-02-11,413.41058349609375,-0.051815964088573585,0,Bear,0.7946428571428571,0.20535714285714285,0,-0.7946428571428571,True,0,0
2022-02-14,412.05905151367188,-0.055302148526541917,0,Bear,0.7946428571428571,0.20535714285714285,0,-0.7946428571428571,True,0,0
2022-02-15,418.70428466796875,-0.022760535660000691,1,Sideways,0.016326530612244899,0.9503401360544218,0.033333333333333333,0.017006802721088433,True,0,0
2022-02-16,419.173583984375,-0.011400062660722798,1,Sideways,0.016326530612244899,0.9503401360544218,0.033333333333333333,0.017006802721088433,True,0,0
2022-02-17,410.21945190429688,-0.021689741479131497,1,Sideways,0.016315431679129844,0.95037389530931338,0.033310673011556761,0.016995241332426917,True,0,0
2022-02-18,407.56332397460938,-0.0085618312078528103,1,Sideways,0.016304347826086956,0.95040760869565222,0.033288043478260872,0.016983695652173916,True,0,0
2022-02-22,403.18948364257812,-0.023349130701227239,1,Sideways,0.016293279022403257,0.95044127630685671,0.03326544467073999,0.016972165648336732,True,0,0
2022-02-23,396.03744506835938,-0.028816429249449826,1,Sideways,0.016282225237449117,0.95047489823609221,0.033242876526458617,0.016960651289009501,True,0,0
2022-02-24,401.9974365234375,-0.011721533838496834,1,Sideways,0.016271186440677966,0.95050847457627119,0.033220338983050844,0.016949152542372878,True,0,0
2022-02-25,410.8670654296875,0.015095973610339097,1,Sideways,0.016260162601626018,0.95054200542005418,0.033197831978319783,0.016937669376693765,True,1,1
2022-02-28,409.81582641601562,-0.012037479003071061,1,Sideways,0.016249153689911984,0.95057549085985105,0.033175355450236969,0.016926201760324985,True,0,0
2022-03-01,403.57424926757812,-0.044297720050637146,1,Sideways,0.016238159675236806,0.9506089309878214,0.033152909336941816,0.01691474966170501,True,0,0
2022-03-02,410.99847412109375,-0.033248681444783657,1,Sideways,0.016227180527383367,0.95064232589587561,0.033130493576741041,0.016903313049357674,True,0,0
2022-03-03,408.95230102539062,-0.047316025954882601,1,Sideways,0.016216216216216217,0.95067567567567568,0.03310810810810811,0.016891891891891893,True,0,0
2022-03-04,405.62973022460938,-0.032310847527716513,1,Sideways,0.016205266711681297,0.95070898041863605,0.033085752869682648,0.016880486158001352,True,0,0
2022-03-07,393.672119140625,-0.065233011895303727,0,Bear,0.78947368421052633,0.21052631578947367,0,-0.78947368421052633,True,0,0
2022-03-08,390.68740844726562,-0.069333264901483616,0,Bear,0.78947368421052633,0.21052631578947367,0,-0.78947368421052633,True,0,0
2022-03-09,401.16207885742188,-0.052179835559395649,0,Bear,0.79130434782608694,0.20869565217391303,0,-0.79130434782608694,True,0,0
2022-03-10,399.35052490234375,-0.070070611403623695,0,Bear,0.7931034482758621,0.20689655172413793,0,-0.7931034482758621,True,0,0
2022-03-11,394.2728271484375,-0.065098493487690257,0,Bear,0.79487179487179482,0.20512820512820512,0,-0.79487179487179482,True,0,0
2022-03-14,391.39141845703125,-0.053262219009617029,0,Bear,0.79661016949152541,0.20338983050847459,0,-0.79661016949152541,True,0,0
2022-03-15,399.99822998046875,-0.029269643486530605,1,Sideways,0.016857720836142953,0.95010114632501685,0.033041132838840186,0.016183412002697233,True,0,0
2022-03-16,408.86785888671875,-0.023492536717292678,1,Sideways,0.016857720836142953,0.95010114632501685,0.033041132838840186,0.016183412002697233,True,0,0
2022-03-17,413.98321533203125,-0.012382384889352283,1,Sideways,0.016846361185983826,0.95013477088948783,0.033018867924528301,0.016172506738544475,True,0,0
2022-03-18,418.5174560546875,0.020228207394530129,1,Sideways,0.016835016835016835,0.95016835016835022,0.032996632996632996,0.016161616161616162,True,1,1
2022-03-21,418.39501953125,0.026576718069252436,1,Sideways,0.016823687752355317,0.95020188425302832,0.032974427994616418,0.0161507402422611,True,1,1
2022-03-22,423.2908935546875,0.049855987637636323,1,Sideways,0.016812373907195696,0.95023537323470075,0.032952252858103562,0.016139878950907866,True,1,1
2022-03-23,417.83956909179688,0.055050663251486887,2,Bull,0,0.25925925925925924,0.7407407407407407,0.7407407407407407,True,1,1
2022-03-24,424.13818359375,0.055076836463910261,2,Bull,0,0.25925925925925924,0.7407407407407407,0.7407407407407407,True,1,1
2022-03-25,426.2095947265625,0.037341832889014048,1,Sideways,0.016789791806581598,0.94963062458025516,0.033579583613163197,0.016789791806581598,True,1,1
2022-03-28,429.24114990234375,0.047400130093094406,1,Sideways,0.016789791806581598,0.94963062458025516,0.033579583613163197,0.016789791806581598,True,1,1
2022-03-29,434.55130004882812,0.076756757492501881,2,Bull,0,0.26178010471204188,0.73821989528795806,0.73821989528795806,True,1,1
2022-03-30,431.86798095703125,0.050777577412096875,2,Bull,0,0.26178010471204188,0.73821989528795806,0.73821989528795806,True,1,1
2022-03-31,425.22091674804688,0.039781205978949075,1,Sideways,0.01676727028839705,0.94902749832327293,0.034205231388329982,0.017437961099932932,True,1,1
2022-04-01,426.42608642578125,0.051269309549022202,2,Bull,0,0.26424870466321243,0.73575129533678751,0.73575129533678751,True,1,1
2022-04-04,430.07907104492188,0.092480392017022295,2,Bull,0,0.26424870466321243,0.73575129533678751,0.73575129533678751,True,1,1
2022-04-05,424.64663696289062,0.086921737894219309,2,Bull,0,0.26288659793814434,0.73711340206185572,0.73711340206185572,True,1,1
2022-04-06,420.40054321289062,0.047956836823318749,1,Sideways,0.01675603217158177,0.94839142091152817,0.034852546916890083,0.018096514745308313,True,1,1
2022-04-07,422.51885986328125,0.058015035704793494,2,Bull,0,0.26530612244897961,0.73469387755102045,0.73469387755102045,True,1,1
2022-04-08,421.38906860351562,0.068775324059725973,2,Bull,0,0.26530612244897961,0.73469387755102045,0.73469387755102045,True,1,1
2022-04-11,414.18649291992188,0.058241119728058566,2,Bull,0,0.26395939086294418,0.73604060913705582,0.73604060913705582,True,1,1
2022-04-12,412.65188598632812,0.031634279997882153,1,Sideways,0.016744809109176157,0.94775619557937041,0.035498995311453452,0.018754186202277295,True,1,1
2022-04-13,417.37826538085938,0.02081456467943732,1,Sideways,0.016744809109176157,0.94775619557937041,0.035498995311453452,0.018754186202277295,True,1,1
2022-04-14,412.18115234375,-0.0043529856321250504,1,Sideways,0.016733601070950468,0.94779116465863456,0.03547523427041499,0.018741633199464522,True,0,0
2022-04-18,412.35067749023438,-0.01473481804698562,1,Sideways,0.016722408026755852,0.94782608695652171,0.035451505016722409,0.018729096989966557,True,0,0
2022-04-19,419.007080078125,0.0014628772291809256,1,Sideways,0.016711229946524065,0.94786096256684493,0.035427807486631019,0.018716577540106954,True,1,1
2022-04-20,418.69635009765625,-0.010854340424022446,1,Sideways,0.016700066800267203,0.94789579158316628,0.035404141616566465,0.018704074816299262,True,0,0
2022-04-21,412.43533325195312,-0.012933757929126322,1,Sideways,0.016688918558077435,0.94793057409879844,0.035380507343124167,0.018691588785046731,True,0,0
2022-04-22,401.11846923828125,-0.054274090958803201,0,Bear,0.79166666666666663,0.20833333333333334,0,-0.79166666666666663,True,0,0
2022-04-25,403.4439697265625,-0.053414154166579575,0,Bear,0.79166666666666663,0.20833333333333334,0,-0.79166666666666663,True,0,0
2022-04-26,391.75991821289062,-0.087319754170774311,0,Bear,0.79338842975206614,0.20661157024793389,0,-0.79338842975206614,True,0,0
2022-04-27,392.86151123046875,-0.095937554009560944,0,Bear,0.79508196721311475,0.20491803278688525,0,-0.79508196721311475,True,0,0
2022-04-28,402.78494262695312,-0.067342427807751126,0,Bear,0.7967479674796748,0.2032520325203252,0,-0.7967479674796748,True,0,0
2022-04-29,387.89968872070312,-0.087769031478424298,0,Bear,0.79838709677419351,0.20161290322580644,0,-0.79838709677419351,True,0,0
2022-05-02,390.23471069335938,-0.084871392451082883,0,Bear,0.80000000000000004,0.20000000000000001,0,-0.80000000000000004,True,0,0
2022-05-03,392.02349853515625,-0.088485060240912516,0,Bear,0.80158730158730163,0.1984126984126984,0,-0.80158730158730163,True,0,0
2022-05-04,403.96182250976562,-0.048710651757575607,1,Sideways,0.017333333333333333,0.94733333333333336,0.035333333333333335,0.018000000000000002,True,0,0
2022-05-05,389.60379028320312,-0.073255740095683031,0,Bear,0.796875,0.203125,0,-0.796875,True,0,0
2022-05-06,387.27838134765625,-0.08340569348082616,0,Bear,0.796875,0.203125,0,-0.796875,True,0,0
2022-05-09,374.87872314453125,-0.11037387755007455,0,Bear,0.79844961240310075,0.20155038759689922,0,-0.79844961240310075,True,0,0
2022-05-10,375.744873046875,-0.092812345477618297,0,Bear,0.80000000000000004,0.20000000000000001,0,-0.80000000000000004,True,0,0
2022-05-11,369.77581787109375,-0.10390372507992107,0,Bear,0.80152671755725191,0.19847328244274809,0,-0.80152671755725191,True,0,0
2022-05-12,369.3897705078125,-0.11497602739150103,0,Bear,0.80303030303030298,0.19696969696969696,0,-0.80303030303030298,True,0,0
2022-05-13,378.22103881835938,-0.082391233398922181,0,Bear,0.80451127819548873,0.19548872180451127,0,-0.80451127819548873,True,0,0
2022-05-16,376.6864013671875,-0.086490160123215754,0,Bear,0.80597014925373134,0.19402985074626866,0,-0.80597014925373134,True,0,0
2022-05-17,384.43496704101562,-0.082509615423833171,0,Bear,0.80740740740740746,0.19259259259259259,0,-0.80740740740740746,True,0,0
2022-05-18,368.93780517578125,-0.11884160182019587,0,Bear,0.80882352941176472,0.19117647058823528,0,-0.80882352941176472,True,0,0
2022-05-19,366.67819213867188,-0.11094379512176422,0,Bear,0.81021897810218979,0.18978102189781021,0,-0.81021897810218979,True,0,0
2022-05-20,366.83828735351562,-0.085461489593992579,0,Bear,0.81159420289855078,0.18840579710144928,0,-0.81159420289855078,True,0,0
2022-05-23,373.70187377929688,-0.073720511840649317,0,Bear,0.81294964028776984,0.18705035971223022,0,-0.81294964028776984,True,0,0
2022-05-24,370.84918212890625,-0.053376405068118915,0,Bear,0.81428571428571428,0.18571428571428572,0,-0.81428571428571428,True,0,0
2022-05-25,374.1256103515625,-0.047690853757152651,1,Sideways,0.017988007994670221,0.94670219853431048,0.03530979347101932,0.017321785476349098,True,0,0
2022-05-26,381.60107421875,-0.052593496345822888,0,Bear,0.8098591549295775,0.19014084507042253,0,-0.8098591549295775,True,0,0
2022-05-27,390.96908569335938,0.0079128626856574957,1,Sideways,0.018641810918774968,0.9460719041278296,0.035286284953395475,0.016644474034620507,True,1,1
2022-05-31,388.77523803710938,-0.0037399867727215819,1,Sideways,0.018641810918774968,0.9460719041278296,0.035286284953395475,0.016644474034620507,True,0,0
2022-06-01,385.63076782226562,-0.016307008984864035,1,Sideways,0.018629407850964737,0.94610778443113774,0.03526280771789754,0.016633399866932803,True,0,0
2022-06-02,392.9744873046875,-0.027198944535934522,1,Sideways,0.018617021276595744,0.94614361702127658,0.035239361702127658,0.016622340425531915,True,0,0
2022-06-03,386.52517700195312,-0.0079019079332163233,1,Sideways,0.018604651162790697,0.94617940199335548,0.035215946843853818,0.016611295681063121,True,0,0
2022-06-06,387.7020263671875,0.0010939030938341698,1,Sideways,0.018592297476759629,0.94621513944223112,0.0351925630810093,0.016600265604249671,True,1,1
2022-06-07,391.42092895507812,0.044126819659938921,1,Sideways,0.018579960185799601,0.94625082946250827,0.035169210351692105,0.016589250165892504,True,1,1
2022-06-08,387.16537475585938,0.030394298174654333,1,Sideways,0.018567639257294429,0.94628647214854111,0.035145888594164454,0.016578249336870025,True,1,1
2022-06-09,377.95742797851562,0.022125865759761609,1,Sideways,0.018555334658714381,0.94632206759443338,0.035122597746852217,0.016567263088137836,True,1,1
2022-06-10,366.99835205078125,-0.0064739704452120295,1,Sideways,0.018543046357615896,0.94635761589403977,0.035099337748344374,0.016556291390728478,True,0,0
2022-06-13,353.0640869140625,-0.066513888235547047,0,Bear,0.80419580419580416,0.19580419580419581,0,-0.80419580419580416,True,0,0
2022-06-14,352.00018310546875,-0.065535198966885533,0,Bear,0.80419580419580416,0.19580419580419581,0,-0.80419580419580416,True,0,0
2022-06-15,357.01837158203125,-0.071316601790958556,0,Bear,0.80555555555555558,0.19444444444444445,0,-0.80555555555555558,True,0,0
2022-06-16,345.20254516601562,-0.064334041339181525,0,Bear,0.80689655172413788,0.19310344827586207,0,-0.80689655172413788,True,0,0
2022-06-17,345.94671630859375,-0.056538611443349263,0,Bear,0.80821917808219179,0.19178082191780821,0,-0.80821917808219179,True,0,0
2022-06-21,354.65545654296875,-0.033210357889405628,1,Sideways,0.019179894179894179,0.94576719576719581,0.035052910052910051,0.015873015873015872,True,0,0
2022-06-22,354.01242065429688,-0.052687595397577058,0,Bear,0.80405405405405406,0.19594594594594594,0,-0.80405405405405406,True,0,0
2022-06-23,357.482666015625,-0.036042997416224853,1,Sideways,0.01982815598149372,0.94514210178453406,0.03502974223397224,0.01520158625247852,True,0,0
2022-06-24,368.84841918945312,-0.014105399406232677,1,Sideways,0.01982815598149372,0.94514210178453406,0.03502974223397224,0.01520158625247852,True,0,0
2022-06-27,367.43951416015625,-0.03711090197423228,1,Sideways,0.019815059445178335,0.94517833553500663,0.035006605019815062,0.015191545574636728,True,0,0
2022-06-28,359.93170166015625,-0.079385775420479199,0,Bear,0.79865771812080533,0.20134228187919462,0,-0.79865771812080533,True,0,0
2022-06-29,359.63858032226562,-0.074944736351913899,0,Bear,0.79865771812080533,0.20134228187919462,0,-0.79865771812080533,True,0,0
2022-06-30,356.71670532226562,-0.074978619219839504,0,Bear,0.80000000000000004,0.20000000000000001,0,-0.80000000000000004,True,0,0
2022-07-01,360.48956298828125,-0.082664206878192314,0,Bear,0.80132450331125826,0.19867549668874171,0,-0.80132450331125826,True,0,0
2022-07-05,361.17037963867188,-0.065596755067660495,0,Bear,0.80263157894736847,0.19736842105263158,0,-0.80263157894736847,True,0,0
2022-07-06,362.39016723632812,-0.065286888923523079,0,Bear,0.80392156862745101,0.19607843137254902,0,-0.80392156862745101,True,0,0
2022-07-07,367.8177490234375,-0.060301272072116219,0,Bear,0.80519480519480524,0.19480519480519481,0,-0.80519480519480524,True,0,0
2022-07-08,367.51516723632812,-0.050754041556330787,0,Bear,0.80645161290322576,0.19354838709677419,0,-0.80645161290322576,True,0,0
2022-07-11,363.31674194335938,-0.038736336294437068,1,Sideways,0.020448548812664908,0.9445910290237467,0.034960422163588391,0.014511873350923483,True,0,0
2022-07-12,360.10189819335938,-0.018791511784411519,1,Sideways,0.020448548812664908,0.9445910290237467,0.034960422163588391,0.014511873350923483,True,0,0
2022-07-13,358.21075439453125,0.01457714809074151,1,Sideways,0.02043506921555702,0.94462755438365198,0.034937376400791038,0.014502307185234018,True,1,1
2022-07-14,357.3408203125,0.015172256900306991,1,Sideways,0.020421607378129116,0.94466403162055335,0.03491436100131752,0.014492753623188404,True,1,1
2022-07-15,364.16790771484375,0.020025681314749244,1,Sideways,0.020408163265306121,0.9447004608294931,0.034891375905200792,0.014483212639894671,True,1,1
2022-07-18,361.16098022460938,0.04622919292474803,1,Sideways,0.020394736842105264,0.94473684210526321,0.034868421052631576,0.014473684210526312,True,1,1
2022-07-19,370.91928100585938,0.072186159081762735,2,Bull,0,0.26633165829145727,0.73366834170854267,0.73366834170854267,True,1,1
2022-07-20,373.28311157226562,0.052523243857211188,2,Bull,0,0.26633165829145727,0.73366834170854267,0.73366834170854267,True,1,1
2022-07-21,377.08438110351562,0.065172742827995789,2,Bull,0,0.26500000000000001,0.73499999999999999,0.73499999999999999,True,1,1
2022-07-22,373.58575439453125,0.045045787977318064,1,Sideways,0.020367936925098553,0.94415243101182655,0.035479632063074903,0.01511169513797635,True,1,1
2022-07-25,374.03964233398438,0.014074136893249989,1,Sideways,0.020367936925098553,0.94415243101182655,0.035479632063074903,0.01511169513797635,True,1,1
2022-07-26,369.61441040039062,0.005919059209528621,1,Sideways,0.020354563361785948,0.94418910045961912,0.03545633617859488,0.015101772816808932,True,1,1
2022-07-27,379.21188354492188,0.053566223246902966,2,Bull,0,0.26732673267326734,0.73267326732673266,0.73267326732673266,True,1,1
2022-07-28,383.9681396484375,0.067650026046623291,2,Bull,0,0.26732673267326734,0.73267326732673266,0.73267326732673266,True,1,1
2022-07-29,389.56591796875,0.092087676737224067,2,Bull,0,0.26600985221674878,0.73399014778325122,0.73399014778325122,True,1,1
2022-08-01,388.41226196289062,0.077457718173985279,2,Bull,0,0.26470588235294118,0.73529411764705888,0.73529411764705888,True,1,1
2022-08-02,385.84979248046875,0.068331774234883458,2,Bull,0,0.26341463414634148,0.73658536585365852,0.73658536585365852,True,1,1
2022-08-03,391.89205932617188,0.081409195825681735,2,Bull,0,0.26213592233009708,0.73786407766990292,0.73786407766990292,True,1,1
2022-08-04,391.627197265625,0.064731645782189595,2,Bull,0,0.2608695652173913,0.73913043478260865,0.73913043478260865,True,1,1
2022-08-05,390.96530151367188,0.0638072557758258,2,Bull,0,0.25961538461538464,0.74038461538461542,0.74038461538461542,True,1,1
2022-08-08,390.51138305664062,0.074851054118284743,2,Bull,0,0.25837320574162681,0.74162679425837319,0.74162679425837319,True,1,1
2022-08-09,388.96078491210938,0.080140890296707123,2,Bull,0,0.25714285714285712,0.74285714285714288,0.74285714285714288,True,1,1
2022-08-10,397.13040161132812,0.1086501360981782,2,Bull,0,0.25592417061611372,0.74407582938388628,0.74407582938388628,True,1,1
2022-08-11,397.13040161132812,0.1113491071745778,2,Bull,0,0.25471698113207547,0.74528301886792447,0.74528301886792447,True,1,1
2022-08-12,403.853515625,0.10897612631267739,2,Bull,0,0.25352112676056338,0.74647887323943662,0.74647887323943662,True,1,1
2022-08-15,405.51766967773438,0.12281694834679868,2,Bull,0,0.25233644859813081,0.74766355140186913,0.74766355140186913,True,1,1
2022-08-16,406.31201171875,0.095418956428774848,2,Bull,0,0.25116279069767444,0.74883720930232556,0.74883720930232556,True,1,1
2022-08-17,403.42800903320312,0.080756124577850308,2,Bull,0,0.25,0.75,0.75,True,1,1
2022-08-18,404.60052490234375,0.072970786321893577,2,Bull,0,0.24884792626728111,0.75115207373271886,0.75115207373271886,True,1,1
2022-08-19,399.16348266601562,0.068465480737984974,2,Bull,0,0.24770642201834864,0.75229357798165142,0.75229357798165142,True,1,1
2022-08-22,390.85189819335938,0.044947791508054058,1,Sideways,0.020327868852459016,0.94360655737704913,0.036065573770491806,0.01573770491803279,True,1,1
2022-08-23,389.90634155273438,0.05490027061001812,2,Bull,0,0.25,0.75,0.75,True,1,1
2022-08-24,391.15444946289062,0.031493121487460085,1,Sideways,0.020314547837483616,0.94298820445609433,0.03669724770642202,0.016382699868938404,True,1,1
2022-08-25,396.676513671875,0.03309747010539299,1,Sideways,0.020314547837483616,0.94298820445609433,0.03669724770642202,0.016382699868938404,True,1,1
2022-08-26,383.24951171875,-0.016213960099319302,1,Sideways,0.020301244269810084,0.94302554027504915,0.036673215455140802,0.016371971185330719,True,0,0
2022-08-29,380.71539306640625,-0.019816235609008026,1,Sideways,0.020287958115183247,0.94306282722513091,0.036649214659685861,0.016361256544502614,True,0,0
2022-08-30,376.53598022460938,-0.024138440495159341,1,Sideways,0.020274689339437543,0.94310006540222369,0.036625245258338782,0.016350555918901239,True,0,0
2022-08-31,373.6707763671875,-0.046495667685419462,1,Sideways,0.020261437908496733,0.94313725490196076,0.036601307189542485,0.016339869281045753,True,0,0
2022-09-01,374.84335327148438,-0.042856686438855318,1,Sideways,0.020248203788373612,0.94317439581972562,0.036577400391900716,0.016329196603527104,True,0,0
2022-09-02,370.89080810546875,-0.051345971958335346,0,Bear,0.80254777070063699,0.19745222929936307,0,-0.80254777070063699,True,0,0
2022-09-06,369.491455078125,-0.053826671617064892,0,Bear,0.80254777070063699,0.19745222929936307,0,-0.80254777070063699,True,0,0
2022-09-07,376.12939453125,-0.032988904996576474,1,Sideways,0.020874103065883887,0.94259621656881931,0.036529680365296802,0.015655577299412915,True,0,0
2022-09-08,378.58782958984375,-0.046691393925645586,1,Sideways,0.020874103065883887,0.94259621656881931,0.036529680365296802,0.015655577299412915,True,0,0
2022-09-09,384.46926879882812,-0.031881550143550763,1,Sideways,0.020860495436766623,0.94263363754889173,0.036505867014341588,0.015645371577574965,True,0,0
2022-09-12,388.60147094726562,-0.037766279325637253,1,Sideways,0.020846905537459284,0.94267100977198692,0.036482084690553744,0.01563517915309446,True,0,0
2022-09-13,371.7039794921875,-0.08338401187898592,0,Bear,0.79874213836477992,0.20125786163522014,0,-0.79874213836477992,True,0,0
2022-09-14,373.1224365234375,-0.081684947129464613,0,Bear,0.79874213836477992,0.20125786163522014,0,-0.79874213836477992,True,0,0
2022-09-15,368.88623046875,-0.085620675290322357,0,Bear,0.80000000000000004,0.20000000000000001,0,-0.80000000000000004,True,0,0
2022-09-16,366.07211303710938,-0.095225807911479499,0,Bear,0.80124223602484468,0.19875776397515527,0,-0.80124223602484468,True,0,0
2022-09-19,368.91091918945312,-0.07578990762006943,0,Bear,0.80246913580246915,0.19753086419753085,0,-0.80246913580246915,True,0,0
2022-09-20,364.67636108398438,-0.066970474571996674,0,Bear,0.80368098159509205,0.19631901840490798,0,-0.80368098159509205,True,0,0
2022-09-21,358.31503295898438,-0.081022812986172754,0,Bear,0.80487804878048785,0.1951219512195122,0,-0.80487804878048785,True,0,0
2022-09-22,355.30526733398438,-0.091649685125996028,0,Bear,0.80606060606060603,0.19393939393939394,0,-0.80606060606060603,True,0,0
2022-09-23,349.3521728515625,-0.11930209929055313,0,Bear,0.80722891566265065,0.19277108433734941,0,-0.80722891566265065,True,0,0
2022-09-26,345.8961181640625,-0.097464947540753855,0,Bear,0.80838323353293418,0.19161676646706588,0,-0.80838323353293418,True,0,0
2022-09-27,345.01315307617188,-0.093776717832911527,0,Bear,0.80952380952380953,0.19047619047619047,0,-0.80952380952380953,True,0,0
2022-09-28,351.80169677734375,-0.065689030388307756,0,Bear,0.81065088757396453,0.1893491124260355,0,-0.81065088757396453,True,0,0
2022-09-29,344.45297241210938,-0.078191300478813064,0,Bear,0.81176470588235294,0.18823529411764706,0,-0.81176470588235294,True,0,0
2022-09-30,339.12652587890625,-0.095284675800853313,0,Bear,0.8128654970760234,0.1871345029239766,0,-0.8128654970760234,True,0,0
2022-10-03,348.07989501953125,-0.061503042371033545,0,Bear,0.81395348837209303,0.18604651162790697,0,-0.81395348837209303,True,0,0
2022-10-04,358.86566162109375,-0.028757886849601233,1,Sideways,0.021470396877033181,0.94209499024072874,0.036434612882238128,0.014964216005204947,True,0,0
2022-10-05,358.03021240234375,-0.048119563086693296,1,Sideways,0.021470396877033181,0.94209499024072874,0.036434612882238128,0.014964216005204947,True,0,0
2022-10-06,354.3367919921875,-0.064056569446327538,0,Bear,0.81034482758620685,0.18965517241379309,0,-0.81034482758620685,True,0,0
2022-10-07,344.45297241210938,-0.10408191144051382,0,Bear,0.81034482758620685,0.18965517241379309,0,-0.81034482758620685,True,0,0
2022-10-10,341.82296752929688,-0.12037654747919557,0,Bear,0.81142857142857139,0.18857142857142858,0,-0.81142857142857139,True,0,0
2022-10-11,339.658203125,-0.08621316460202455,0,Bear,0.8125,0.1875,0,-0.8125,True,0,0
2022-10-12,338.53790283203125,-0.092689504318333449,0,Bear,0.81355932203389836,0.1864406779661017,0,-0.81355932203389836,True,0,0
2022-10-13,347.47222900390625,-0.058050422314849248,0,Bear,0.8146067415730337,0.1853932584269663,0,-0.8146067415730337,True,0,0
2022-10-14,339.55374145507812,-0.07244029424154208,0,Bear,0.81564245810055869,0.18435754189944134,0,-0.81564245810055869,True,0,0
2022-10-17,348.27926635742188,-0.055925839433979774,0,Bear,0.81666666666666665,0.18333333333333332,0,-0.81666666666666665,True,0,0
2022-10-18,352.37142944335938,-0.033742059957078463,1,Sideways,0.022092267706302793,0.94152046783625731,0.036387264457439894,0.014294996751137101,True,0,0
2022-10-19,349.87435913085938,-0.023556571875931298,1,Sideways,0.022092267706302793,0.94152046783625731,0.036387264457439894,0.014294996751137101,True,0,0
2022-10-20,346.94058227539062,-0.023542248954983802,1,Sideways,0.022077922077922078,0.94155844155844159,0.036363636363636362,0.014285714285714284,True,0,0
2022-10-21,355.3717041015625,0.017230553343538624,1,Sideways,0.022063595068137574,0.94159636599610641,0.036340038935756006,0.014276443867618432,True,1,1
2022-10-24,359.72018432617188,0.039965947682455427,1,Sideways,0.022049286640726331,0.94163424124513617,0.036316472114137487,0.014267185473411156,True,1,1
2022-10-25,365.46435546875,0.059276587603206199,2,Bull,0,0.25339366515837103,0.74660633484162897,0.74660633484162897,True,1,1
2022-10-26,362.71099853515625,0.031009804266853846,1,Sideways,0.022020725388601035,0.94106217616580312,0.036917098445595854,0.01489637305699482,True,1,1
2022-10-27,360.77413940429688,0.047382860069097088,1,Sideways,0.022020725388601035,0.94106217616580312,0.036917098445595854,0.01489637305699482,True,1,1
2022-10-28,369.35714721679688,0.089142603220266015,2,Bull,0,0.25675675675675674,0.7432432432432432,0.7432432432432432,True,1,1
2022-10-31,366.689208984375,0.053462765965841097,2,Bull,0,0.25675675675675674,0.7432432432432432,0.7432432432432432,True,1,1
2022-11-01,365.08465576171875,0.017329588215635017,1,Sideways,0.021992238033635189,0.94049159120310477,0.037516170763260026,0.015523932729624837,True,1,1
2022-11-02,355.92236328125,-0.005887349860645319,1,Sideways,0.021992238033635189,0.94049159120310477,0.037516170763260026,0.015523932729624837,True,0,0
2022-11-03,352.25750732421875,-0.0058681026496808508,1,Sideways,0.02197802197802198,0.94053005817711699,0.03749191984486102,0.01551389786683904,True,0,0
2022-11-04,357.32763671875,0.037377132258383128,1,Sideways,0.021963824289405683,0.94056847545219635,0.037467700258397935,0.015503875968992251,True,1,1
2022-11-07,360.74560546875,0.055358006152208983,2,Bull,0,0.25892857142857145,0.7410714285714286,0.7410714285714286,True,1,1
2022-11-08,362.69195556640625,0.067814503608291776,2,Bull,0,0.25892857142857145,0.7410714285714286,0.7410714285714286,True,1,1
2022-11-09,355.21978759765625,0.04927626899698101,1,Sideways,0.021935483870967741,0.93999999999999995,0.038064516129032257,0.016129032258064516,True,1,1
2022-11-10,374.7406005859375,0.078476405611467515,2,Bull,0,0.26106194690265488,0.73893805309734517,0.73893805309734517,True,1,1
2022-11-11,378.36746215820312,0.11430803423575275,2,Bull,0,0.26106194690265488,0.73893805309734517,0.73893805309734517,True,1,1
2022-11-14,375.14883422851562,0.077149490270026044,2,Bull,0,0.25991189427312777,0.74008810572687223,0.74008810572687223,True,1,1
2022-11-15,378.34848022460938,0.073720649890048895,2,Bull,0,0.25877192982456143,0.74122807017543857,0.74122807017543857,True,1,1
2022-11-16,375.462158203125,0.073134250637370446,2,Bull,0,0.2576419213973799,0.74235807860262004,0.74235807860262004,True,1,1
2022-11-17,374.31332397460938,0.078897491667582198,2,Bull,0,0.2565217391304348,0.74347826086956526,0.74347826086956526,True,1,1
2022-11-18,376.01284790039062,0.058083250750118998,2,Bull,0,0.25541125541125542,0.74458874458874458,0.74458874458874458,True,1,1
2022-11-21,374.64559936523438,0.041491736325613093,1,Sideways,0.021921341070277239,0.93939393939393945,0.038684719535783368,0.016763378465506129,True,1,1
2022-11-22,379.68728637695312,0.038917422986328054,1,Sideways,0.021921341070277239,0.93939393939393945,0.038684719535783368,0.016763378465506129,True,1,1
2022-11-23,382.07992553710938,0.053400440240787939,2,Bull,0,0.25751072961373389,0.74248927038626611,0.74248927038626611,True,1,1
2022-11-25,381.99441528320312,0.058818727733492171,2,Bull,0,0.25751072961373389,0.74248927038626611,0.74248927038626611,True,1,1
2022-11-28,375.89886474609375,0.017711089601461394,1,Sideways,0.021893110109465552,0.93882807469414042,0.039278815196394076,0.017385705086928525,True,1,1
2022-11-29,375.2532958984375,0.023355164821409868,1,Sideways,0.021893110109465552,0.93882807469414042,0.039278815196394076,0.017385705086928525,True,1,1
2022-11-30,387.073974609375,0.06023073963976211,2,Bull,0,0.25957446808510637,0.74042553191489358,0.74042553191489358,True,1,1
2022-12-01,386.78921508789062,0.08672355263681375,2,Bull,0,0.25957446808510637,0.74042553191489358,0.74042553191489358,True,1,1
2022-12-02,386.34295654296875,0.096762875197937692,2,Bull,0,0.25847457627118642,0.74152542372881358,0.74152542372881358,True,1,1
2022-12-05,379.39300537109375,0.061751083277421515,2,Bull,0,0.25738396624472576,0.7426160337552743,0.7426160337552743,True,1,1
2022-12-06,373.92398071289062,0.036530937714450484,1,Sideways,0.021864951768488745,0.9382636655948553,0.039871382636655947,0.018006430868167202,True,1,1
2022-12-07,373.28790283203125,0.029214729202023726,1,Sideways,0.021864951768488745,0.9382636655948553,0.039871382636655947,0.018006430868167202,True,1,1
2022-12-08,376.21224975585938,0.059097108019163791,2,Bull,0,0.2594142259414226,0.7405857740585774,0.7405857740585774,True,1,1
2022-12-09,373.40182495117188,-0.0035725395985178876,1,Sideways,0.021836865767501604,0.93770070648683368,0.04046242774566474,0.018625561978163136,True,0,0
2022-12-12,378.78536987304688,0.0011045022541313898,1,Sideways,0.021836865767501604,0.93770070648683368,0.04046242774566474,0.018625561978163136,True,1,1
2022-12-13,381.65261840820312,0.017336543756193201,1,Sideways,0.021822849807445442,0.93774069319640563,0.040436456996148909,0.018613607188703467,True,1,1
2022-12-14,379.21255493164062,0.0022838064699461924,1,Sideways,0.021808851828094934,0.93778062860808209,0.040410519563822966,0.018601667735728033,True,1,1
2022-12-15,369.93634033203125,-0.01471737630641401,1,Sideways,0.021794871794871794,0.93782051282051282,0.040384615384615387,0.018589743589743593,True,0,0
2022-12-16,365.56875610351562,-0.023361625972167954,1,Sideways,0.021780909673286355,0.93786034593209477,0.040358744394618833,0.018577834721332478,True,0,0
2022-12-19,362.4688720703125,-0.036019981513147781,1,Sideways,0.02176696542893726,0.93790012804097311,0.040332906530089627,0.018565941101152367,True,0,0
2022-12-20,362.96484375,-0.031178147120972999,1,Sideways,0.021753039027511197,0.93793985924504164,0.040307101727447218,0.018554062699936022,True,0,0
2022-12-21,368.39215087890625,-0.029748521752801294,1,Sideways,0.021739130434782608,0.93797953964194369,0.040281329923273657,0.018542199488491048,True,0,0
2022-12-22,363.13665771484375,-0.049579332899094664,1,Sideways,0.021725239616613417,0.93801916932907348,0.040255591054313096,0.018530351437699679,True,0,0
2022-12-23,365.22543334960938,-0.043898500246820515,1,Sideways,0.021711366538952746,0.93805874840357595,0.040229885057471264,0.018518518518518517,True,0,0
2022-12-27,363.78512573242188,-0.032226059054087042,1,Sideways,0.021697511167836629,0.93809827696234849,0.040204211869814932,0.018506700701978303,True,0,0
2022-12-28,359.26409912109375,-0.042609077527386297,1,Sideways,0.021683673469387755,0.93813775510204078,0.040178571428571432,0.018494897959183677,True,0,0
2022-12-29,365.73104858398438,-0.055139139868365827,0,Bear,0.81318681318681318,0.18681318681318682,0,-0.81318681318681318,True,0,0
2022-12-30,364.76760864257812,-0.056934385929836462,0,Bear,0.81318681318681318,0.18681318681318682,0,-0.81318681318681318,True,0,0
2023-01-03,363.23199462890625,-0.05981980911690854,0,Bear,0.81420765027322406,0.18579234972677597,0,-0.81420765027322406,True,0,0
2023-01-04,366.03616333007812,-0.035205820486729711,1,Sideways,0.022292993630573247,0.93757961783439492,0.040127388535031845,0.017834394904458598,True,0,0
2023-01-05,361.85845947265625,-0.032267310636860724,1,Sideways,0.022292993630573247,0.93757961783439492,0.040127388535031845,0.017834394904458598,True,0,0
2023-01-06,370.15670776367188,-0.0083881503917053735,1,Sideways,0.022278803309993635,0.93761935073201785,0.04010184595798854,0.017823042647994905,True,0,0
2023-01-09,369.94683837890625,-0.016653927087751708,1,Sideways,0.022264631043256999,0.93765903307888043,0.040076335877862593,0.017811704834605594,True,0,0
2023-01-10,372.54122924804688,-0.0023047442342777336,1,Sideways,0.02225047679593134,0.9376986649713922,0.040050858232676415,0.017800381436745075,True,0,0
2023-01-11,377.25311279296875,-0.0040451854848345681,1,Sideways,0.022236340533672173,0.93773824650571791,0.040025412960609914,0.017789072426937742,True,0,0
2023-01-12,378.62649536132812,-0.0079289985209490821,1,Sideways,0.022222222222222223,0.93777777777777782,0.040000000000000001,0.017777777777777778,True,0,0
2023-01-13,380.095458984375,0.0023282563861672934,1,Sideways,0.022208121827411168,0.93781725888324874,0.039974619289340103,0.017766497461928935,True,1,1
2023-01-17,379.39910888671875,0.025579451173124435,1,Sideways,0.022194039315155359,0.93785668991756499,0.039949270767279645,0.017755231452124286,True,1,1
2023-01-18,373.4091796875,0.021447192773127011,1,Sideways,0.022179974651457542,0.93789607097591887,0.039923954372623575,0.017743979721166033,True,1,1
2023-01-19,370.69085693359375,0.02268328537101616,1,Sideways,0.022165927802406588,0.93793540215326154,0.039898670044331855,0.017732742241925267,True,1,1
2023-01-20,377.59646606445312,0.040311403614976538,1,Sideways,0.022151898734177215,0.9379746835443038,0.039873417721518985,0.017721518987341769,True,1,1
2023-01-23,382.12704467773438,0.03728335081531875,1,Sideways,0.022137887413029727,0.93801391524351674,0.039848197343453511,0.017710309930423784,True,1,1
2023-01-24,381.71694946289062,0.051166114335494006,2,Bull,0,0.26250000000000001,0.73750000000000004,0.73750000000000004,True,1,1
2023-01-25,381.85995483398438,0.045545901148816625,1,Sideways,0.022109917877447885,0.93746051800379027,0.040429564118761842,0.018319646241313957,True,1,1
2023-01-26,386.05685424804688,0.061222207672137596,2,Bull,0,0.26556016597510373,0.73443983402489632,0.73443983402489632,True,1,1
2023-01-27,386.94384765625,0.077045684784180279,2,Bull,0,0.26556016597510373,0.73443983402489632,0.73443983402489632,True,1,1
2023-01-30,382.08892822265625,0.04472652705315916,1,Sideways,0.022095959595959596,0.93686868686868685,0.041035353535353536,0.01893939393939394,True,1,1
2023-01-31,387.7069091796875,0.062887438450124789,2,Bull,0,0.26748971193415638,0.73251028806584362,0.73251028806584362,True,1,1
2023-02-01,391.82736206054688,0.078724803581399661,2,Bull,0,0.26748971193415638,0.73251028806584362,0.73251028806584362,True,1,1
2023-02-02,397.53125,0.086043647664181044,2,Bull,0,0.26639344262295084,0.73360655737704916,0.73360655737704916,True,1,1
2023-02-03,393.30587768554688,0.086905300649098072,2,Bull,0,0.26530612244897961,0.73469387755102045,0.73469387755102045,True,1,1
2023-02-06,390.9022216796875,0.056045219445977734,2,Bull,0,0.26422764227642276,0.73577235772357719,0.73577235772357719,True,1,1
2023-02-07,396.01461791992188,0.070463582430501992,2,Bull,0,0.26315789473684209,0.73684210526315785,0.73684210526315785,True,1,1
2023-02-08,391.68426513671875,0.0513850129482607,2,Bull,0,0.26209677419354838,0.73790322580645162,0.73790322580645162,True,1,1
2023-02-09,388.28875732421875,0.029252626835994278,1,Sideways,0.022082018927444796,0.93627760252365932,0.0416403785488959,0.019558359621451103,True,1,1
2023-02-10,389.19488525390625,0.027912441474790439,1,Sideways,0.022082018927444796,0.93627760252365932,0.0416403785488959,0.019558359621451103,True,1,1
2023-02-13,393.76358032226562,0.035959707002057417,1,Sideways,0.022068095838587643,0.93631778058007564,0.041614123581336697,0.019546027742749054,True,1,1
2023-02-14,393.58242797851562,0.037383638389176355,1,Sideways,0.022054190296156271,0.9363579080025205,0.041587901701323253,0.019533711405166982,True,1,1
2023-02-15,394.86050415039062,0.057447233838340273,2,Bull,0,0.26400000000000001,0.73599999999999999,0.73599999999999999,True,1,1
2023-02-16,389.42379760742188,0.050535211007872283,2,Bull,0,0.26400000000000001,0.73599999999999999,0.73599999999999999,True,1,1
2023-02-17,388.450927734375,0.028746195066531977,1,Sideways,0.022026431718061675,0.93580868470736311,0.042164883574575207,0.020138451856513532,True,1,1
2023-02-21,380.65814208984375,-0.0038440162986355109,1,Sideways,0.022026431718061675,0.93580868470736311,0.042164883574575207,0.020138451856513532,True,0,0
2023-02-22,380.13360595703125,-0.0041479517954003953,1,Sideways,0.0220125786163522,0.9358490566037736,0.042138364779874211,0.020125786163522012,True,0,0
2023-02-23,382.15567016601562,0.00077440781178483853,1,Sideways,0.021998742928975488,0.93588937774984282,0.042111879321181649,0.02011313639220616,True,1,1
2023-02-24,378.07339477539062,-0.020679491595107846,1,Sideways,0.021984924623115579,0.93592964824120606,0.042085427135678394,0.020100502512562814,True,0,0
2023-02-27,379.36099243164062,-0.019596784573625681,1,Sideways,0.021971123666038921,0.935969868173258,0.042059008160703078,0.020087884494664157,True,0,0
2023-02-28,377.95889282226562,-0.010809094677519449,1,Sideways,0.021957340025094103,0.93601003764115431,0.042032622333751567,0.020075282308657464,True,0,0
2023-03-01,376.50909423828125,-0.028882165048589536,1,Sideways,0.021943573667711599,0.93605015673981196,0.04200626959247649,0.020062695924764892,True,0,0
2023-03-02,379.437255859375,-0.031621339908511348,1,Sideways,0.021929824561403508,0.93609022556390975,0.041979949874686714,0.020050125313283207,True,0,0
2023-03-03,385.52264404296875,-0.030207954612451848,1,Sideways,0.021916092673763307,0.93613024420788982,0.041953663118346904,0.020037570444583597,True,0,0
2023-03-06,385.7896728515625,-0.019110329289290906,1,Sideways,0.021902377972465581,0.93617021276595747,0.041927409261576974,0.020025031289111393,True,0,0
2023-03-07,379.87603759765625,-0.028207013085400967,1,Sideways,0.021888680425265792,0.93621013133208253,0.041901188242651655,0.020012507817385863,True,0,0
2023-03-08,380.49609375,-0.039186745811135348,1,Sideways,0.021874999999999999,0.93625000000000003,0.041875000000000002,0.020000000000000004,True,0,0
2023-03-09,373.4759521484375,-0.046487220981229815,1,Sideways,0.021861336664584636,0.9362898188632105,0.041848844472204869,0.019987507807620233,True,0,0
2023-03-10,368.08697509765625,-0.052027728965879261,0,Bear,0.81081081081081086,0.1891891891891892,0,-0.81081081081081086,True,0,0
2023-03-13,367.56228637695312,-0.055582947506723435,0,Bear,0.81081081081081086,0.1891891891891892,0,-0.81081081081081086,True,0,0
2023-03-14,373.6380615234375,-0.05111066590352753,0,Bear,0.81182795698924726,0.18817204301075269,0,-0.81182795698924726,True,0,0
2023-03-15,371.30123901367188,-0.056611239173665617,0,Bear,0.81283422459893051,0.18716577540106952,0,-0.81283422459893051,True,0,0
2023-03-16,377.81573486328125,-0.043166559096063817,1,Sideways,0.022457891453524642,0.93574547723019341,0.041796631316281974,0.019338739862757331,True,0,0
2023-03-17,373.39804077148438,-0.041152484605198825,1,Sideways,0.022457891453524642,0.93574547723019341,0.041796631316281974,0.019338739862757331,True,0,0
2023-03-20,376.988525390625,-0.029507980353153052,1,Sideways,0.022443890274314215,0.93578553615960103,0.041770573566084788,0.019326683291770574,True,0,0
2023-03-21,381.93865966796875,0.0033639568855532431,1,Sideways,0.022429906542056073,0.93582554517133953,0.041744548286604365,0.019314641744548292,True,1,1
2023-03-22,375.42794799804688,-0.012378958043284038,1,Sideways,0.022415940224159402,0.93586550435865501,0.041718555417185554,0.019302615193026153,True,0,0
2023-03-23,376.44284057617188,-0.014948959379202709,1,Sideways,0.022401991288114501,0.93590541381456127,0.041692594897324207,0.019290603609209707,True,0,0
2023-03-24,378.91302490234375,0.0022208125156544245,1,Sideways,0.022388059701492536,0.93594527363184077,0.041666666666666664,0.019278606965174128,True,1,1
2023-03-27,379.62164306640625,0.00068707811284163256,1,Sideways,0.022374145431945307,0.93598508390304536,0.041640770665009326,0.019266625233064019,True,1,1
2023-03-28,378.76947021484375,0.0021446178618140799,1,Sideways,0.02236024844720497,0.93602484472049685,0.041614906832298133,0.019254658385093163,True,1,1
2023-03-29,384.27481079101562,0.020625574977001015,1,Sideways,0.0223463687150838,0.93606455617628803,0.041589075108628179,0.019242706393544379,True,1,1
2023-03-30,386.52487182617188,0.01867928322100143,1,Sideways,0.022332506203473945,0.93610421836228286,0.041563275434243173,0.019230769230769228,True,1,1
2023-03-31,391.9727783203125,0.016730883067467284,1,Sideways,0.022318660880347178,0.93614383137011781,0.041537507749535026,0.019218846869187848,True,1,1
2023-04-03,393.4664306640625,0.019898816253315577,1,Sideways,0.022304832713754646,0.93618339529120198,0.04151177199504337,0.019206939281288724,True,1,1
2023-04-04,391.28341674804688,0.030029214852642871,1,Sideways,0.022291021671826627,0.93622291021671822,0.04148606811145511,0.019195046439628483,True,1,1
2023-04-05,390.25888061523438,0.025658047547917562,1,Sideways,0.022277227722772276,0.93626237623762376,0.041460396039603963,0.019183168316831686,True,1,1
2023-04-06,391.78125,0.049013324007236347,1,Sideways,0.022263450834879406,0.93630179344465059,0.041434755720470007,0.019171304885590601,True,1,1
2023-04-10,392.18331909179688,0.065463723588012446,2,Bull,0,0.26587301587301587,0.73412698412698407,0.73412698412698407,True,1,1
2023-04-11,392.2886962890625,0.067271346458954273,2,Bull,0,0.26587301587301587,0.73412698412698407,0.73412698412698407,True,1,1
2023-04-12,390.68978881835938,0.045637018951968367,1,Sideways,0.022235948116121063,0.93576281655342808,0.042001235330450894,0.019765287214329831,True,1,1
2023-04-13,395.87918090820312,0.066194074546641168,2,Bull,0,0.26771653543307089,0.73228346456692917,0.73228346456692917,True,1,1
2023-04-14,394.912109375,0.045250562467720856,1,Sideways,0.022222222222222223,0.93518518518518523,0.042592592592592592,0.020370370370370369,True,1,1
2023-04-17,396.32916259765625,0.061412003605571863,2,Bull,0,0.27058823529411763,0.72941176470588232,0.72941176470588232,True,1,1
2023-04-18,396.58779907226562,0.051989045717856897,2,Bull,0,0.27058823529411763,0.72941176470588232,0.72941176470588232,True,1,1
2023-04-19,396.52069091796875,0.038178987334449577,1,Sideways,0.022208513263417645,0.93460826650215911,0.043183220234423197,0.020974706971005553,True,1,1
2023-04-20,394.35687255859375,0.050419593590420142,2,Bull,0,0.2723735408560311,0.72762645914396884,0.72762645914396884,True,1,1
2023-04-21,394.66323852539062,0.048401499471556253,1,Sideways,0.022194821208384709,0.93403205918618992,0.043773119605425403,0.021578298397040695,True,1,1
2023-04-24,395.07489013671875,0.042653232198973212,1,Sideways,0.022194821208384709,0.93403205918618992,0.043773119605425403,0.021578298397040695,True,1,1
2023-04-25,388.80352783203125,0.024186937002479647,1,Sideways,0.022181146025878003,0.93407270486752925,0.043746149106592733,0.021565003080714729,True,1,1
2023-04-26,387.15679931640625,0.022143624978024468,1,Sideways,0.022167487684729065,0.93411330049261088,0.043719211822660101,0.021551724137931036,True,1,1
2023-04-27,394.86431884765625,0.027557122557272162,1,Sideways,0.022153846153846152,0.93415384615384611,0.04369230769230769,0.021538461538461538,True,1,1
2023-04-28,398.2344970703125,0.030294622927671933,1,Sideways,0.022140221402214021,0.93419434194341944,0.043665436654366542,0.021525215252152521,True,1,1
2023-05-01,397.8323974609375,0.01494904611931136,1,Sideways,0.022126613398893668,0.93423478795328829,0.043638598647818071,0.021511985248924403,True,1,1
2023-05-02,393.36111450195312,-0.00026766238210362836,1,Sideways,0.022113022113022112,0.9342751842751843,0.043611793611793612,0.0214987714987715,True,0,0
2023-05-03,390.66107177734375,-0.0015905222252335927,1,Sideways,0.022099447513812154,0.93431553100061382,0.043585021485573971,0.021485573971761818,True,0,0
2023-05-04,387.89404296875,-0.0060596638896628363,1,Sideways,0.022085889570552148,0.93435582822085894,0.043558282208588955,0.021472392638036807,True,0,0
2023-05-05,395.07489013671875,0.0084068345198213823,1,Sideways,0.022072348252605765,0.93439607602697727,0.043531575720416923,0.021459227467811159,True,1,1
2023-05-08,395.18023681640625,0.0076416246656016984,1,Sideways,0.022058823529411766,0.93443627450980393,0.043504901960784312,0.021446078431372546,True,1,1
2023-05-09,393.44723510742188,0.0029532811659342961,1,Sideways,0.022045315370483771,0.93447642375995099,0.043478260869565216,0.021432945499081445,True,1,1
2023-05-10,395.28558349609375,0.011763283324179863,1,Sideways,0.022031823745410038,0.93451652386780903,0.043451652386780906,0.021419828641370868,True,1,1
2023-05-11,394.59619140625,-0.0032408612622916166,1,Sideways,0.022018348623853212,0.93455657492354738,0.043425076452599388,0.021406727828746176,True,0,0
2023-05-12,394.07916259765625,-0.002109195331239655,1,Sideways,0.022004889975550123,0.93459657701711496,0.043398533007334962,0.021393643031784839,True,0,0
2023-05-15,395.43881225585938,-0.0022464921227629553,1,Sideways,0.021991447770311544,0.93463653023824067,0.043372021991447768,0.021380574221136223,True,0,0
2023-05-16,392.79623413085938,-0.0095604679475158605,1,Sideways,0.02197802197802198,0.93467643467643469,0.043345543345543344,0.021367521367521364,True,0,0
2023-05-17,397.5643310546875,0.002631994144624894,1,Sideways,0.021964612568639415,0.93471629042098836,0.043319097010372176,0.021354484441732761,True,1,1
2023-05-18,401.3941650390625,0.017844985012713588,1,Sideways,0.021951219512195121,0.93475609756097566,0.043292682926829265,0.021341463414634144,True,1,1
2023-05-19,400.81002807617188,0.015574770971190421,1,Sideways,0.021937842778793418,0.93479585618525285,0.043266301035953685,0.021328458257160267,True,1,1
2023-05-22,400.97280883789062,0.014928609355889133,1,Sideways,0.02192448233861145,0.93483556638246046,0.043239951278928136,0.021315468940316686,True,1,1
2023-05-23,396.4727783203125,0.019725259518721394,1,Sideways,0.021911138161898967,0.93487522824102254,0.043213633597078513,0.021302495435179546,True,1,1
2023-05-24,393.60040283203125,0.016643394942313705,1,Sideways,0.021897810218978103,0.93491484184914841,0.043187347931873482,0.021289537712895379,True,1,1
2023-05-25,397.00894165039062,0.0054312904467870293,1,Sideways,0.02188449848024316,0.93495440729483281,0.043161094224924014,0.021276595744680854,True,1,1
2023-05-26,402.15054321289062,0.0098335181190660759,1,Sideways,0.02187120291616039,0.93499392466585662,0.043134872417982986,0.021263669501822596,True,1,1
2023-05-30,402.30374145507812,0.011239265637182472,1,Sideways,0.02185792349726776,0.93503339404978747,0.043108682452944747,0.021250758955676987,True,1,1
2023-05-31,400.07284545898438,0.017062517644961472,1,Sideways,0.021844660194174758,0.93507281553398058,0.043082524271844662,0.021237864077669904,True,1,1
2023-06-01,403.87396240234375,0.033821876761067848,1,Sideways,0.021831412977562158,0.93511218920557915,0.043056397816858702,0.021224984839296544,True,1,1
2023-06-02,409.71444702148438,0.056253516774147361,2,Bull,0,0.27519379844961239,0.72480620155038755,0.72480620155038755,True,1,1
2023-06-05,408.92929077148438,0.035067783300455346,1,Sideways,0.021804966686856452,0.93458509993943062,0.043609933373712904,0.021804966686856452,True,1,1
2023-06-06,409.81973266601562,0.037045111282755228,1,Sideways,0.021804966686856452,0.93458509993943062,0.043609933373712904,0.021804966686856452,True,1,1
2023-06-07,408.40264892578125,0.038011231199213125,1,Sideways,0.021791767554479417,0.93462469733656173,0.043583535108958835,0.021791767554479417,True,1,1
2023-06-08,410.8729248046875,0.039433113575081391,1,Sideways,0.021778584392014518,0.93466424682395643,0.043557168784029036,0.021778584392014518,True,1,1
2023-06-09,411.61016845703125,0.043117438589935109,1,Sideways,0.021765417170495769,0.93470374848851268,0.043530834340991538,0.021765417170495769,True,1,1
2023-06-12,415.34423828125,0.053961431361710499,2,Bull,0,0.27799227799227799,0.72200772200772201,0.72200772200772201,True,1,1
2023-06-13,418.0826416015625,0.057262536311311729,2,Bull,0,0.27799227799227799,0.72200772200772201,0.72200772200772201,True,1,1
2023-06-14,418.5804443359375,0.065642712339467391,2,Bull,0,0.27692307692307694,0.72307692307692306,0.72307692307692306,True,1,1
2023-06-15,423.76986694335938,0.065915208789359747,2,Bull,0,0.27586206896551724,0.72413793103448276,0.72413793103448276,True,1,1
2023-06-16,422.326416015625,0.05214886712298239,2,Bull,0,0.27480916030534353,0.72519083969465647,0.72519083969465647,True,1,1
2023-06-20,420.13531494140625,0.048215577234913098,1,Sideways,0.021739130434782608,0.9341787439613527,0.044082125603864736,0.022342995169082128,True,1,1
2023-06-21,417.98263549804688,0.042421396875899298,1,Sideways,0.021739130434782608,0.9341787439613527,0.044082125603864736,0.022342995169082128,True,1,1
2023-06-22,419.491455078125,0.058058656272274023,2,Bull,0,0.27651515151515149,0.72348484848484851,0.72348484848484851,True,1,1
2023-06-23,416.32009887695312,0.05772274591552562,2,Bull,0,0.27651515151515149,0.72348484848484851,0.72348484848484851,True,1,1
2023-06-26,414.61907958984375,0.044357031018612991,1,Sideways,0.021712907117008445,0.93365500603136309,0.044632086851628471,0.022919179734620026,True,1,1
2023-06-27,419.16470336914062,0.042307937769570536,1,Sideways,0.021712907117008445,0.93365500603136309,0.044632086851628471,0.022919179734620026,True,1,1
2023-06-28,419.3760986328125,0.042436486213093483,1,Sideways,0.021699819168173599,0.93369499698613623,0.044605183845690177,0.022905364677516579,True,1,1
2023-06-29,421.029052734375,0.052380978897351937,2,Bull,0,0.2781954887218045,0.72180451127819545,0.72180451127819545,True,1,1
2023-06-30,425.9974365234375,0.054778163933861368,2,Bull,0,0.2781954887218045,0.72180451127819545,0.72180451127819545,True,1,1
2023-07-03,426.48760986328125,0.040938665853091916,1,Sideways,0.021673690547862733,0.93317278747742327,0.045153521974714027,0.023479831426851294,True,1,1
2023-07-05,425.85336303710938,0.041386304790483663,1,Sideways,0.021673690547862733,0.93317278747742327,0.045153521974714027,0.023479831426851294,True,1,1
2023-07-06,422.51864624023438,0.030986584007578255,1,Sideways,0.021660649819494584,0.93321299638989175,0.045126353790613721,0.023465703971119137,True,1,1
2023-07-07,421.451904296875,0.031951936172346374,1,Sideways,0.02164762477450391,0.93325315694527966,0.045099218280216478,0.023451593505712569,True,1,1
2023-07-10,422.51864624023438,0.028343852155950033,1,Sideways,0.021634615384615384,0.93329326923076927,0.045072115384615384,0.0234375,True,1,1
2023-07-11,425.20947265625,0.033039281440002677,1,Sideways,0.021621621621621623,0.93333333333333335,0.045045045045045043,0.02342342342342342,True,1,1
2023-07-12,428.63067626953125,0.031988978692138126,1,Sideways,0.021608643457382955,0.93337334933973592,0.045018007202881155,0.0234093637454982,True,1,1
2023-07-13,432.03265380859375,0.033366638121096193,1,Sideways,0.021595680863827234,0.93341331733653266,0.044991001799640072,0.023395320935812838,True,1,1
2023-07-14,431.76358032226562,0.031494868345420812,1,Sideways,0.021582733812949641,0.93345323741007191,0.044964028776978415,0.023381294964028774,True,1,1
2023-07-17,433.26272583007812,0.022400976631940628,1,Sideways,0.021569802276812461,0.9334931096464949,0.044937088076692631,0.023367285799880171,True,1,1
2023-07-18,436.482177734375,0.033518532542435864,1,Sideways,0.021556886227544911,0.93353293413173655,0.044910179640718563,0.023353293413173652,True,1,1
2023-07-19,437.45272827148438,0.04121865673799241,1,Sideways,0.021543985637342909,0.93357271095152605,0.044883303411131059,0.02333931777378815,True,1,1
2023-07-20,434.55047607421875,0.03963762886089861,1,Sideways,0.021531100478468901,0.93361244019138756,0.044856459330143539,0.023325358851674638,True,1,1
2023-07-21,434.55047607421875,0.035898278293390318,1,Sideways,0.021518230723251645,0.93365212193664071,0.044829647340107588,0.023311416616855943,True,1,1
2023-07-24,436.49179077148438,0.048452361413598544,1,Sideways,0.021505376344086023,0.93369175627240142,0.044802867383512544,0.023297491039426521,True,1,1
2023-07-25,437.68341064453125,0.055627760974009233,2,Bull,0,0.27985074626865669,0.72014925373134331,0.72014925373134331,True,1,1
2023-07-26,437.75070190429688,0.044340562041046638,1,Sideways,0.021479713603818614,0.93317422434367536,0.045346062052505964,0.02386634844868735,True,1,1
2023-07-27,434.848388671875,0.03689359047762375,1,Sideways,0.021479713603818614,0.93317422434367536,0.045346062052505964,0.02386634844868735,True,1,1
2023-07-28,439.105712890625,0.042934472191054507,1,Sideways,0.021466905187835419,0.93321407274895651,0.045319022063208113,0.023852116875372694,True,1,1
2023-07-31,439.9417724609375,0.032733379926648487,1,Sideways,0.021454112038140644,0.93325387365911805,0.045292014302741358,0.023837902264600714,True,1,1
2023-08-01,438.68283081054688,0.028594549209002951,1,Sideways,0.021441334127456819,0.9332936271590232,0.045265038713519952,0.023823704586063133,True,1,1
2023-08-02,432.58041381835938,0.015796636507162676,1,Sideways,0.021428571428571429,0.93333333333333335,0.045238095238095237,0.023809523809523808,True,1,1
2023-08-03,431.3406982421875,0.020879674969272566,1,Sideways,0.021415823914336704,0.93337299226650805,0.045211183819155266,0.023795359904818562,True,1,1
2023-08-04,429.38986206054688,0.018834789172242683,1,Sideways,0.021403091557669441,0.93341260404280624,0.045184304399524373,0.023781212841854932,True,1,1
2023-08-07,433.1378173828125,0.025133023683267863,1,Sideways,0.021390374331550801,0.93345216874628645,0.045157456922162803,0.023767082590612002,True,1,1
2023-08-08,431.25418090820312,0.014215836289328987,1,Sideways,0.021377672209026127,0.9334916864608076,0.045130641330166268,0.023752969121140142,True,1,1
2023-08-09,428.37118530273438,-0.00060539522988711791,1,Sideways,0.021364985163204748,0.93353115727002967,0.045103857566765576,0.023738872403560828,True,0,0
2023-08-10,428.52499389648438,-0.0081189694371189836,1,Sideways,0.021352313167259787,0.93357058125741399,0.045077105575326216,0.023724792408066429,True,0,0
2023-08-11,428.27511596679688,-0.0080795706596303862,1,Sideways,0.021339656194427979,0.93360995850622408,0.045050385299347954,0.023710729104919975,True,0,0
2023-08-14,430.63912963867188,-0.0060554394250734722,1,Sideways,0.02132701421800948,0.93364928909952605,0.045023696682464455,0.023696682464454975,True,0,0
2023-08-15,425.62274169921875,-0.024879448896456102,1,Sideways,0.021314387211367674,0.93368857312018949,0.044997039668442866,0.023682652457075192,True,0,0
2023-08-16,422.49945068359375,-0.034182613620849511,1,Sideways,0.021301775147928994,0.93372781065088761,0.044970414201183431,0.023668639053254437,True,0,0
2023-08-17,419.28005981445312,-0.035140719204177162,1,Sideways,0.021289178001182733,0.93376700177409822,0.0449438202247191,0.023654642223536367,True,0,0
2023-08-18,419.48184204101562,-0.034676372165864278,1,Sideways,0.021276595744680851,0.93380614657210403,0.044917257683215132,0.023640661938534282,True,0,0
2023-08-21,422.21112060546875,-0.032716927254863193,1,Sideways,0.021264028352037802,0.93384524512699352,0.044890726520968698,0.023626698168930895,True,0,0
2023-08-22,421.06753540039062,-0.037963228306213681,1,Sideways,0.021251475796930343,0.93388429752066116,0.044864226682408498,0.023612750885478154,True,0,0
2023-08-23,425.75729370117188,-0.027397804620190036,1,Sideways,0.021238938053097345,0.93392330383480826,0.044837758112094395,0.02359882005899705,True,0,0
2023-08-24,419.85665893554688,-0.034475762419440614,1,Sideways,0.021226415094339621,0.93396226415094341,0.044811320754716978,0.023584905660377357,True,0,0
2023-08-25,422.8165283203125,-0.037096271107659007,1,Sideways,0.021213906894519741,0.934001178550383,0.044784914555097227,0.023571007660577487,True,0,0
2023-08-28,425.49777221679688,-0.032831618064690815,1,Sideways,0.021201413427561839,0.93404004711425204,0.0447585394581861,0.023557126030624261,True,0,0
2023-08-29,431.64822387695312,-0.01603574710365574,1,Sideways,0.021188934667451441,0.93407886992348443,0.044732195409064153,0.023543260741612712,True,0,0
2023-08-30,433.4261474609375,0.0019550900030653739,1,Sideways,0.021176470588235293,0.9341176470588235,0.044705882352941179,0.023529411764705885,True,1,1
2023-08-31,432.79183959960938,0.0033642579133748018,1,Sideways,0.021164021164021163,0.93415637860082301,0.044679600235155791,0.023515579071134628,True,1,1
2023-09-01,433.59902954101562,0.0098026708415281938,1,Sideways,0.021151586368977675,0.93419506462984725,0.04465334900117509,0.023501762632197415,True,1,1
2023-09-05,431.72515869140625,-0.0032614531327282981,1,Sideways,0.021139166177334117,0.93423370522607163,0.044627128596594248,0.023487962419260131,True,0,0
2023-09-06,428.82293701171875,-0.0056376123504803255,1,Sideways,0.021126760563380281,0.93427230046948362,0.044600938967136149,0.023474178403755867,True,0,0
2023-09-07,427.50631713867188,-0.0020189690477226963,1,Sideways,0.021114369501466276,0.93431085043988271,0.04457478005865103,0.023460410557184754,True,0,0
2023-09-08,428.15017700195312,-0.00087466752201104114,1,Sideways,0.021101992966002344,0.93434935521688156,0.044548651817116064,0.02344665885111372,True,0,0
2023-09-11,430.96591186523438,0.0062828677131130384,1,Sideways,0.0210896309314587,0.9343878148799063,0.04452255418863503,0.02343292325717633,True,1,1
2023-09-12,428.601806640625,-0.0047309286542454032,1,Sideways,0.021077283372365339,0.93442622950819676,0.04449648711943794,0.023419203747072601,True,0,0
2023-09-13,429.10159301757812,0.008173556009885008,1,Sideways,0.021064950263311878,0.93446459918080749,0.044470450555880635,0.023405500292568757,True,1,1
2023-09-14,432.80142211914062,0.024383396046737005,1,Sideways,0.021052631578947368,0.93450292397660817,0.044444444444444446,0.023391812865497078,True,1,1
2023-09-15,427.5869140625,0.019812185324823206,1,Sideways,0.021040327293980129,0.93454120397428408,0.044418468731735827,0.023378141437755698,True,1,1
2023-09-18,427.83767700195312,0.019919419921209602,1,Sideways,0.021028037383177569,0.93457943925233644,0.044392523364485979,0.02336448598130841,True,1,1
2023-09-19,426.95037841796875,0.011224853115435973,1,Sideways,0.021015761821366025,0.93461762988908348,0.044366608289550497,0.023350846468184472,True,1,1
2023-09-20,423.02536010742188,0.0046496690968340637,1,Sideways,0.021003500583430573,0.93465577596266047,0.044340723453908985,0.023337222870478413,True,1,1
2023-09-21,416.03338623046875,-0.022839086058096036,1,Sideways,0.02099125364431487,0.9346938775510204,0.044314868804664724,0.023323615160349854,True,0,0
2023-09-22,415.097900390625,-0.011334245732785631,1,Sideways,0.02097902097902098,0.93473193473193472,0.044289044289044288,0.023310023310023308,True,0,0
2023-09-25,416.84353637695312,-0.014126675622374019,1,Sideways,0.020966802562609202,0.93476994758299359,0.044263249854397203,0.023296447291788001,True,0,0
2023-09-26,410.71954345703125,-0.034731624287414387,1,Sideways,0.020954598370197905,0.93480791618160652,0.044237485448195578,0.023282887077997673,True,0,0
2023-09-27,410.88348388671875,-0.048105700062265555,1,Sideways,0.020942408376963352,0.93484584060500286,0.044211751018033742,0.02326934264107039,True,0,0
2023-09-28,413.2655029296875,-0.046514601505593278,1,Sideways,0.020930232558139535,0.93488372093023253,0.044186046511627906,0.023255813953488372,True,0,0
2023-09-29,412.26254272460938,-0.04743457476922941,1,Sideways,0.020918070889018012,0.93492155723416615,0.044160371876815804,0.023242300987797792,True,0,0
2023-10-02,412.09866333007812,-0.0495858264113197,1,Sideways,0.020905923344947737,0.93495934959349591,0.044134727061556328,0.023228803716608591,True,0,0
2023-10-03,406.58224487304688,-0.058238240955355902,0,Bear,0.80952380952380953,0.19047619047619047,0,-0.80952380952380953,True,0,0
2023-10-04,409.54293823242188,-0.044960278742669058,1,Sideways,0.021461716937354988,0.93445475638051045,0.044083526682134569,0.022621809744779581,True,0,0
2023-10-05,409.38864135742188,-0.042379901898322303,1,Sideways,0.021461716937354988,0.93445475638051045,0.044083526682134569,0.022621809744779581,True,0,0
2023-10-06,414.24923706054688,-0.032467439436193013,1,Sideways,0.021449275362318842,0.9344927536231884,0.044057971014492756,0.022608695652173914,True,0,0
2023-10-09,416.9013671875,-0.032634935363826223,1,Sideways,0.021436848203939745,0.93453070683661643,0.044032444959443799,0.022595596755504054,True,0,0
2023-10-10,419.07125854492188,-0.022236369394714961,1,Sideways,0.021424435437174292,0.93456861609727848,0.044006948465547188,0.022582513028372896,True,0,0
2023-10-11,420.78793334960938,-0.019374571903833959,1,Sideways,0.021412037037037038,0.93460648148148151,0.043981481481481483,0.022569444444444444,True,0,0
2023-10-12,418.22262573242188,-0.033684723851728826,1,Sideways,0.021399652978600348,0.93464430306535573,0.043956043956043959,0.022556390977443611,True,0,0
2023-10-13,416.13946533203125,-0.026772214850325105,1,Sideways,0.021387283236994219,0.9346820809248555,0.043930635838150288,0.022543352601156069,True,0,0
2023-10-16,420.51788330078125,-0.017108810407874486,1,Sideways,0.021374927787406125,0.93471981513575964,0.043905257076834202,0.022530329289428077,True,0,0
2023-10-17,420.49856567382812,-0.015111387810563204,1,Sideways,0.021362586605080832,0.934757505773672,0.043879907621247112,0.02251732101616628,True,0,0
2023-10-18,414.89541625976562,-0.019218573197577915,1,Sideways,0.021350259665320254,0.93479515291402193,0.043854587420657822,0.022504327755337568,True,0,0
2023-10-19,411.24996948242188,-0.011497675201953661,1,Sideways,0.021337946943483274,0.93483275663206455,0.043829296424452137,0.022491349480968863,True,0,0
2023-10-20,406.19647216796875,-0.021444165856487452,1,Sideways,0.02132564841498559,0.93487031700288181,0.043804034582132563,0.022478386167146973,True,0,0
2023-10-23,405.49246215820312,-0.027231018903181914,1,Sideways,0.021313364055299541,0.93490783410138245,0.04377880184331797,0.02246543778801843,True,0,0
2023-10-24,408.54962158203125,-0.0052832204105403013,1,Sideways,0.021301093839953943,0.9349453080023028,0.043753598157743233,0.02245250431778929,True,0,0
2023-10-25,402.68606567382812,-0.019950712390159442,1,Sideways,0.021288837744533946,0.9349827387802071,0.043728423475258918,0.022439585730724972,True,0,0
2023-10-26,397.86404418945312,-0.037267709574236529,1,Sideways,0.021276595744680851,0.93502012650948818,0.043703277745830937,0.022426682001150087,True,0,0
2023-10-27,396.06060791015625,-0.039300040957822358,1,Sideways,0.021264367816091954,0.93505747126436778,0.043678160919540229,0.022413793103448276,True,0,0
2023-10-30,400.79580688476562,-0.027427549397944229,1,Sideways,0.021252153934520391,0.93509477311889722,0.043653072946582425,0.022400919012062034,True,0,0
2023-10-31,403.31295776367188,-0.0080408998440052448,1,Sideways,0.021239954075774971,0.9351320321469575,0.043628013777267508,0.022388059701492536,True,0,0
2023-11-01,407.61416625976562,-0.0047095720438515842,1,Sideways,0.021227768215720023,0.93516924842226046,0.04360298336201951,0.022375215146299487,True,0,0
2023-11-02,415.42587280273438,0.014746944188032796,1,Sideways,0.021215596330275231,0.93520642201834858,0.043577981651376149,0.022362385321100919,True,1,1
2023-11-03,419.2159423828125,0.011989654724553489,1,Sideways,0.021203438395415473,0.93524355300859596,0.04355300859598854,0.022349570200573068,True,1,1
2023-11-06,420.18032836914062,0.0078650765857668503,1,Sideways,0.021191294387170677,0.93528064146620848,0.043528064146620846,0.022336769759450169,True,1,1
2023-11-07,421.37615966796875,0.0055000219558121177,1,Sideways,0.021179164281625643,0.93531768746422439,0.04350314825414997,0.022323983972524327,True,1,1
2023-11-08,421.684814453125,0.0021314325636103693,1,Sideways,0.02116704805491991,0.93535469107551483,0.043478260869565216,0.022311212814645306,True,1,1
2023-11-09,418.39617919921875,0.00041497866475515011,1,Sideways,0.021154945683247571,0.93539165237278443,0.043453401943967983,0.022298456260720412,True,1,1
2023-11-10,424.92510986328125,0.021112259862784422,1,Sideways,0.021142857142857144,0.93542857142857139,0.043428571428571427,0.022285714285714284,True,1,1
2023-11-13,424.5201416015625,0.009517450885480061,1,Sideways,0.0211307824100514,0.93546544831524847,0.043403769274700174,0.022272986864648774,True,1,1
2023-11-14,432.75613403320312,0.029150083638770141,1,Sideways,0.021118721461187213,0.93550228310502281,0.043378995433789952,0.022260273972602738,True,1,1
2023-11-15,433.67230224609375,0.045256913550888456,1,Sideways,0.021106674272675412,0.93553907586993723,0.043354249857387339,0.022247575584711927,True,1,1
2023-11-16,434.20269775390625,0.055812109361057294,2,Bull,0,0.28252788104089221,0.71747211895910779,0.71747211895910779,True,1,1
2023-11-17,434.7427978515625,0.070277138378959991,2,Bull,0,0.28252788104089221,0.71747211895910779,0.71747211895910779,True,1,1
2023-11-20,438.08926391601562,0.080388181778567436,2,Bull,0,0.2814814814814815,0.71851851851851856,0.71851851851851856,True,1,1
2023-11-21,437.13449096679688,0.069966701410898668,2,Bull,0,0.28044280442804426,0.71955719557195574,0.71955719557195574,True,1,1
2023-11-22,438.82217407226562,0.089737667823120981,2,Bull,0,0.27941176470588236,0.72058823529411764,0.72058823529411764,True,1,1
2023-11-24,439.09222412109375,0.10362378941689121,2,Bull,0,0.2783882783882784,0.7216117216117216,0.7216117216117216,True,1,1
2023-11-27,438.30148315429688,0.10665255367613513,2,Bull,0,0.27737226277372262,0.72262773722627738,0.72262773722627738,True,1,1
2023-11-28,438.73541259765625,0.09466068521969051,2,Bull,0,0.27636363636363637,0.72363636363636363,0.72363636363636363,True,1,1
2023-11-29,438.42681884765625,0.087063557984070394,2,Bull,0,0.27536231884057971,0.72463768115942029,0.72463768115942029,True,1,1
2023-11-30,440.153076171875,0.079827720931987534,2,Bull,0,0.27436823104693142,0.72563176895306858,0.72563176895306858,True,1,1
2023-12-01,442.7569580078125,0.065790522435891452,2,Bull,0,0.2733812949640288,0.72661870503597126,0.72661870503597126,True,1,1
2023-12-04,440.43280029296875,0.050610808810276131,2,Bull,0,0.27240143369175629,0.72759856630824371,0.72759856630824371,True,1,1
2023-12-05,440.34600830078125,0.047992917731085383,1,Sideways,0.021082621082621083,0.93504273504273505,0.043874643874643876,0.022792022792022793,True,1,1
2023-12-06,438.57147216796875,0.040807511543959674,1,Sideways,0.021082621082621083,0.93504273504273505,0.043874643874643876,0.022792022792022793,True,1,1
2023-12-07,441.91793823242188,0.047981627712956332,1,Sideways,0.021070615034168565,0.93507972665148065,0.043849658314350795,0.02277904328018223,True,1,1
2023-12-08,443.81781005859375,0.06075971082725995,2,Bull,0,0.27402135231316727,0.72597864768683273,0.72597864768683273,True,1,1
2023-12-11,445.54409790039062,0.048523816452606283,1,Sideways,0.02104664391353811,0.93458475540386798,0.044368600682593858,0.023321956769055747,True,1,1
2023-12-12,447.57901000976562,0.05431748967483685,2,Bull,0,0.27659574468085107,0.72340425531914898,0.72340425531914898,True,1,1
2023-12-13,453.75119018554688,0.048514751152511471,1,Sideways,0.021034678794769755,0.93405343945423536,0.044911881750994885,0.02387720295622513,True,1,1
2023-12-14,455.20742797851562,0.04965760003783104,1,Sideways,0.021034678794769755,0.93405343945423536,0.044911881750994885,0.02387720295622513,True,1,1
2023-12-15,454.45794677734375,0.046649293355882415,1,Sideways,0.021022727272727273,0.93409090909090908,0.044886363636363634,0.023863636363636361,True,1,1
2023-12-18,457.0142822265625,0.05122910485248422,2,Bull,0,0.27915194346289751,0.72084805653710249,0.72084805653710249,True,1,1
2023-12-19,459.79330444335938,0.049542507235476485,1,Sideways,0.020998864926220204,0.93359818388195237,0.045402951191827468,0.024404086265607264,True,1,1
2023-12-20,453.42184448242188,0.037259364914451698,1,Sideways,0.020998864926220204,0.93359818388195237,0.045402951191827468,0.024404086265607264,True,1,1
2023-12-21,457.72113037109375,0.043067459703428401,1,Sideways,0.020986954055587068,0.93363584798638688,0.04537719795802609,0.024390243902439022,True,1,1
2023-12-22,458.6409912109375,0.044520868318662199,1,Sideways,0.020975056689342405,0.93367346938775508,0.045351473922902494,0.024376417233560089,True,1,1
2023-12-26,460.57763671875,0.050823815160605301,2,Bull,0,0.28169014084507044,0.71830985915492962,0.71830985915492962,True,1,1
2023-12-27,461.41036987304688,0.051682532625158206,2,Bull,0,0.28169014084507044,0.71830985915492962,0.71830985915492962,True,1,1
2023-12-28,461.58468627929688,0.052820371464747273,2,Bull,0,0.2807017543859649,0.7192982456140351,0.7192982456140351,True,1,1
2023-12-29,460.2484130859375,0.045655336749743647,1,Sideways,0.020951302378255945,0.93318233295583242,0.045866364665911666,0.02491506228765572,True,1,1
2024-01-02,457.6727294921875,0.033688395438184804,1,Sideways,0.020951302378255945,0.93318233295583242,0.045866364665911666,0.02491506228765572,True,1,1
2024-01-03,453.93502807617188,0.03065672623433513,1,Sideways,0.020939445387662705,0.93322014714204871,0.045840407470288627,0.024900962082625922,True,1,1
2024-01-04,452.47283935546875,0.027539323227847134,1,Sideways,0.02092760180995475,0.93325791855203621,0.045814479638009047,0.024886877828054297,True,1,1
2024-01-05,453.0926513671875,0.033110177293194543,1,Sideways,0.020915771622385528,0.93329564725833802,0.045788581119276431,0.024872809496890903,True,1,1
2024-01-08,459.56088256835938,0.039923575871360972,1,Sideways,0.020903954802259886,0.93333333333333335,0.04576271186440678,0.024858757062146894,True,1,1
2024-01-09,458.86383056640625,0.033901344576113601,1,Sideways,0.020892151326933936,0.93337097684923775,0.045736871823828344,0.024844720496894408,True,1,1
2024-01-10,461.45880126953125,0.035719704164274724,1,Sideways,0.0208803611738149,0.93340857787810383,0.045711060948081264,0.024830699774266364,True,1,1
2024-01-11,461.25546264648438,0.03055651031629103,1,Sideways,0.020868584320360969,0.93344613649182173,0.045685279187817257,0.024816694867456288,True,1,1
2024-01-12,461.574951171875,0.017242403227920589,1,Sideways,0.020856820744081173,0.93348365276211953,0.045659526493799327,0.024802705749718153,True,1,1
2024-01-16,459.88046264648438,0.010265725866382969,1,Sideways,0.020845070422535212,0.93352112676056342,0.045633802816901409,0.024788732394366197,True,1,1
2024-01-17,457.3240966796875,0.0063067439411461645,1,Sideways,0.020833333333333332,0.93355855855855852,0.045608108108108107,0.024774774774774775,True,1,1
2024-01-18,461.39102172851562,0.009576811211741143,1,Sideways,0.020821609454136185,0.93359594822734948,0.045582442318514348,0.024760832864378163,True,1,1
2024-01-19,467.14279174804688,0.015984328683483096,1,Sideways,0.020809898762654669,0.93363329583802024,0.045556805399325086,0.024746906636670417,True,1,1
2024-01-22,468.13058471679688,0.032439416877157567,1,Sideways,0.020798201236649803,0.93367060146149528,0.045531197301854974,0.024732996065205171,True,1,1
2024-01-23,469.49578857421875,0.025724523999097082,1,Sideways,0.020786516853932586,0.93370786516853932,0.045505617977528091,0.024719101123595506,True,1,1
2024-01-24,470.00900268554688,0.024786296237051753,1,Sideways,0.020774845592363842,0.93374508702975856,0.045480067377877596,0.024705221785513754,True,1,1
2024-01-25,472.56536865234375,0.026027603118112363,1,Sideways,0.020763187429854096,0.93378226711560042,0.045454545454545456,0.02469135802469136,True,1,1
2024-01-26,471.96499633789062,0.022874705802012674,1,Sideways,0.020751542344363431,0.93381940549635445,0.045429052159282106,0.024677509814918674,True,1,1
2024-01-29,475.70266723632812,0.030585895452538203,1,Sideways,0.020739910313901346,0.93385650224215244,0.045403587443946188,0.024663677130044841,True,1,1
2024-01-30,475.33477783203125,0.032778743646155295,1,Sideways,0.02072829131652661,0.9338935574229692,0.0453781512605042,0.02464985994397759,True,1,1
2024-01-31,467.57858276367188,0.021643966601364806,1,Sideways,0.020716685330347144,0.93393057110862265,0.045352743561030237,0.024636058230683093,True,1,1
2024-02-01,473.69830322265625,0.043537673728866855,1,Sideways,0.020705092333519866,0.93396754336877452,0.045327364297705654,0.024622271964185788,True,1,1
2024-02-02,478.68508911132812,0.057931100998676044,2,Bull,0,0.28222996515679444,0.71777003484320556,0.71777003484320556,True,1,1
2024-02-05,476.94210815429688,0.052637041706910637,2,Bull,0,0.28222996515679444,0.71777003484320556,0.71777003484320556,True,1,1
2024-02-06,478.32681274414062,0.040834481104883524,1,Sideways,0.020681945220793741,0.93348239239798769,0.045835662381218556,0.025153717160424815,True,1,1
2024-02-07,482.3162841796875,0.051109832702072699,2,Bull,0,0.2837370242214533,0.7162629757785467,0.7162629757785467,True,1,1
2024-02-08,482.52926635742188,0.045660555243335121,1,Sideways,0.020670391061452513,0.93296089385474856,0.046368715083798882,0.025698324022346369,True,1,1
2024-02-09,485.31802368164062,0.052167536178532536,2,Bull,0,0.28620689655172415,0.71379310344827585,0.71379310344827585,True,1,1
2024-02-12,485.10498046875,0.050977699801810106,2,Bull,0,0.28620689655172415,0.71379310344827585,0.71379310344827585,True,1,1
2024-02-13,478.42361450195312,0.040321677830708502,1,Sideways,0.020658849804578449,0.93243997766610831,0.04690117252931323,0.026242322724734781,True,1,1
2024-02-14,482.7713623046875,0.055643832917956715,2,Bull,0,0.28767123287671231,0.71232876712328763,0.71232876712328763,True,1,1
2024-02-15,486.1024169921875,0.053558465813000167,2,Bull,0,0.28767123287671231,0.71232876712328763,0.71232876712328763,True,1,1
2024-02-16,483.68154907226562,0.035404072622700067,1,Sideways,0.020647321428571428,0.9319196428571429,0.047433035714285712,0.026785714285714284,True,1,1
2024-02-20,481.01876831054688,0.027531171887747785,1,Sideways,0.020647321428571428,0.9319196428571429,0.047433035714285712,0.026785714285714284,True,1,1
2024-02-21,481.45449829101562,0.025471388685111451,1,Sideways,0.02063580591187953,0.93195761293920798,0.047406581148912434,0.026770775237032904,True,1,1
2024-02-22,491.41845703125,0.045551158006279291,1,Sideways,0.020624303232998884,0.93199554069119284,0.047380156075808248,0.026755852842809364,True,1,1
2024-02-23,491.75729370117188,0.040612212239672596,1,Sideways,0.020612813370473538,0.93203342618384399,0.047353760445682451,0.026740947075208913,True,1,1
2024-02-26,489.9561767578125,0.038119734640323921,1,Sideways,0.020601336302895321,0.93207126948775054,0.047327394209354119,0.026726057906458798,True,1,1
2024-02-27,490.86648559570312,0.031876672980354792,1,Sideways,0.020589872008903727,0.93210907067334448,0.047301057317751811,0.026711185308848084,True,1,1
2024-02-28,490.21774291992188,0.031310490588908335,1,Sideways,0.020578420467185762,0.93214682981090102,0.047274749721913235,0.026696329254727473,True,1,1
2024-02-29,491.97998046875,0.052186730967982209,2,Bull,0,0.28911564625850339,0.71088435374149661,0.71088435374149661,True,1,1
2024-03-01,496.59884643554688,0.048344152928338602,1,Sideways,0.020555555555555556,0.93166666666666664,0.04777777777777778,0.027222222222222224,True,1,1
2024-03-04,496.0662841796875,0.036310291387240179,1,Sideways,0.020555555555555556,0.93166666666666664,0.04777777777777778,0.027222222222222224,True,1,1
2024-03-05,491.10855102539062,0.029702646566301283,1,Sideways,0.020544142143253747,0.93170460855080506,0.047751249305941143,0.027207107162687396,True,1,1
2024-03-06,493.59710693359375,0.031924395167914899,1,Sideways,0.020532741398446172,0.93174250832408434,0.047724750277469481,0.027192008879023309,True,1,1
2024-03-07,498.4967041015625,0.033547322478224562,1,Sideways,0.020521353300055462,0.93178036605657233,0.047698280643372157,0.027176927343316695,True,1,1
2024-03-08,495.504638671875,0.026890332295081754,1,Sideways,0.020509977827050999,0.93181818181818177,0.047671840354767181,0.027161862527716182,True,1,1
2024-03-11,495.07867431640625,0.020111865124482708,1,Sideways,0.020498614958448753,0.93185595567867041,0.047645429362880888,0.027146814404432135,True,1,1
2024-03-12,500.40435791015625,0.031538281521296119,1,Sideways,0.020487264673311186,0.93189368770764125,0.047619047619047616,0.02713178294573643,True,1,1
2024-03-13,499.6199951171875,0.044304628728036644,1,Sideways,0.020475926950747094,0.9319313779745434,0.047592695074709465,0.027116768123962371,True,1,1
2024-03-14,498.63232421875,0.032853982552619287,1,Sideways,0.020464601769911505,0.93196902654867253,0.047566371681415927,0.027101769911504422,True,1,1
2024-03-15,495.20846557617188,0.018732777837907166,1,Sideways,0.020453289110005528,0.93200663349917079,0.047540077390823658,0.02708678828081813,True,1,1
2024-03-18,498.15155029296875,0.029916380412809973,1,Sideways,0.020441988950276244,0.93204419889502765,0.047513812154696133,0.027071823204419889,True,1,1
2024-03-19,500.9197998046875,0.041372671515578885,1,Sideways,0.020430701270016567,0.93208172280508006,0.047487575924903366,0.027056874654886799,True,1,1
2024-03-20,505.55294799804688,0.050053431409555316,2,Bull,0,0.29152542372881357,0.70847457627118648,0.70847457627118648,True,1,1
2024-03-21,507.2236328125,0.032162356857192487,1,Sideways,0.020408163265306121,0.9316050744622173,0.047986762272476557,0.027578599007170437,True,1,1
2024-03-22,506.26211547851562,0.029495895562980712,1,Sideways,0.020408163265306121,0.9316050744622173,0.047986762272476557,0.027578599007170437,True,1,1
2024-03-25,504.86334228515625,0.030425507901520765,1,Sideways,0.020396912899669238,0.93164277839029763,0.047960308710033074,0.027563395810363836,True,1,1
2024-03-26,503.93084716796875,0.026614898257743214,1,Sideways,0.020385674931129475,0.93168044077134982,0.047933884297520664,0.027548209366391189,True,1,1
2024-03-27,508.16586303710938,0.036612546927170975,1,Sideways,0.020374449339207047,0.93171806167400884,0.047907488986784139,0.027533039647577091,True,1,1
2024-03-28,508.06875610351562,0.03270209413691294,1,Sideways,0.020363236103467255,0.93175564116675835,0.04788112272977435,0.027517886626307095,True,1,1
2024-04-01,507.18475341796875,0.021316817504520413,1,Sideways,0.020352035203520351,0.93179317931793182,0.047854785478547858,0.027502750275027507,True,1,1
2024-04-02,503.9600830078125,0.015912790447305758,1,Sideways,0.020340846619021441,0.93183067619571192,0.04782847718526663,0.027487630566245189,True,1,1
2024-04-03,504.51364135742188,0.027295575090359625,1,Sideways,0.02032967032967033,0.93186813186813189,0.047802197802197799,0.027472527472527469,True,1,1
2024-04-04,498.35546875,0.0096401736346611866,1,Sideways,0.020318506315211423,0.93190554640307521,0.047775947281713346,0.027457440966501923,True,1,1
2024-04-05,503.561767578125,0.010160675958111431,1,Sideways,0.020307354555433591,0.9319429198682766,0.047749725576289793,0.027442371020856202,True,1,1
2024-04-08,503.8433837890625,0.016828793247098961,1,Sideways,0.02029621503017005,0.93198025233132198,0.047723532638507954,0.027427317608337904,True,1,1
2024-04-09,504.42626953125,0.018881029823695661,1,Sideways,0.020285087719298246,0.93201754385964908,0.047697368421052634,0.027412280701754388,True,1,1
2024-04-10,499.37542724609375,-0.0020561984479104956,1,Sideways,0.020273972602739727,0.93205479452054796,0.047671232876712329,0.027397260273972601,True,0,0
2024-04-11,503.14407348632812,0.0070535174804484679,1,Sideways,0.020262869660460023,0.93209200438116102,0.04764512595837897,0.027382256297918947,True,1,1
2024-04-12,496.19918823242188,-0.0048796194473359478,1,Sideways,0.020251778872468526,0.9321291735084839,0.047619047619047616,0.02736726874657909,True,0,0
2024-04-15,489.98275756835938,-0.010552541749730415,1,Sideways,0.02024070021881838,0.93216630196936545,0.047592997811816196,0.027352297592997815,True,0,0
2024-04-16,489.08908081054688,-0.018192193674981261,1,Sideways,0.020229633679606344,0.93220338983050843,0.047566976489885185,0.027337342810278841,True,0,0
2024-04-17,486.19454956054688,-0.02939642284030719,1,Sideways,0.020218579234972677,0.93224043715846994,0.047540983606557376,0.027322404371584699,True,0,0
2024-04-18,485.19406127929688,-0.040270533085346893,1,Sideways,0.020207536865101038,0.93227744401966139,0.047515019115237575,0.027307482250136537,True,0,0
2024-04-19,480.95919799804688,-0.051780778960987428,0,Bear,0.80526315789473679,0.19473684210526315,0,-0.80526315789473679,True,0,0
2024-04-22,485.38836669921875,-0.041231109619109363,1,Sideways,0.020731042007637753,0.93180578286961269,0.047463175122749592,0.026732133115111838,True,0,0
2024-04-23,491.14828491210938,-0.02716588079254989,1,Sideways,0.020731042007637753,0.93180578286961269,0.047463175122749592,0.026732133115111838,True,0,0
2024-04-24,490.91519165039062,-0.025828257172039737,1,Sideways,0.020719738276990186,0.93184296619411122,0.047437295528898582,0.026717557251908396,True,0,0
2024-04-25,489.05023193359375,-0.037616913086740866,1,Sideways,0.020708446866485014,0.93188010899182561,0.047411444141689373,0.026702997275204358,True,0,0
2024-04-26,493.68344116210938,-0.028313716930224553,1,Sideways,0.020697167755991286,0.93191721132897598,0.047385620915032678,0.026688453159041392,True,0,0
2024-04-29,495.43179321289062,-0.023172936737300809,1,Sideways,0.020685900925421885,0.93195427327163849,0.047359825802939577,0.026673924877517692,True,0,0
2024-04-30,487.58358764648438,-0.0324956200173383,1,Sideways,0.020674646354733407,0.93199129488574539,0.047334058759521222,0.026659412404787815,True,0,0
2024-05-01,486.00030517578125,-0.036695412500303171,1,Sideways,0.020663404023926048,0.9320282762370854,0.04730831973898858,0.026644915715062532,True,0,0
2024-05-02,490.54605102539062,-0.015670376296255673,1,Sideways,0.020652173913043477,0.93206521739130432,0.047282608695652172,0.026630434782608695,True,0,0
2024-05-03,496.6265869140625,-0.013772254191213085,1,Sideways,0.020640956002172733,0.93210211841390544,0.047256925583921784,0.026615969581749051,True,0,0
2024-05-06,501.75506591796875,-0.0041447758138430935,1,Sideways,0.020629750271444081,0.9321389793702497,0.047231270358306189,0.026601520086862108,True,0,0
2024-05-07,502.30874633789062,-0.0041978844506396218,1,Sideways,0.020618556701030927,0.93217580032555614,0.047205642973412912,0.026587086272381984,True,0,0
2024-05-08,502.35733032226562,0.005971265131358594,1,Sideways,0.020607375271149676,0.93221258134490237,0.047180043383947941,0.026572668112798264,True,1,1
2024-05-09,505.25189208984375,0.0041892943087062928,1,Sideways,0.020596205962059622,0.9322493224932249,0.04715447154471545,0.026558265582655827,True,1,1
2024-05-10,505.90274047851562,0.019555760017786472,1,Sideways,0.020585048754062838,0.93228602383531955,0.047128927410617555,0.026543878656554717,True,1,1
2024-05-13,505.97073364257812,0.032629670794054766,1,Sideways,0.02057390362750406,0.93232268543584196,0.04710341093665403,0.02652950730914997,True,1,1
2024-05-14,508.29217529296875,0.039262979354593996,1,Sideways,0.020562770562770564,0.93235930735930739,0.04707792207792208,0.026515151515151516,True,1,1
2024-05-15,514.58624267578125,0.058395745367562313,2,Bull,0,0.29391891891891891,0.70608108108108103,0.70608108108108103,True,1,1
2024-05-16,513.527587890625,0.058396276608625231,2,Bull,0,0.29391891891891891,0.70608108108108103,0.70608108108108103,True,1,1
2024-05-17,514.26568603515625,0.069250132185318281,2,Bull,0,0.29292929292929293,0.70707070707070707,0.70707070707070707,True,1,1
2024-05-20,514.85821533203125,0.060713957430039045,2,Bull,0,0.29194630872483224,0.70805369127516782,0.70805369127516782,True,1,1
2024-05-21,516.12091064453125,0.050845389263429297,2,Bull,0,0.29096989966555181,0.70903010033444813,0.70903010033444813,True,1,1
2024-05-22,514.6348876953125,0.048317298890627969,1,Sideways,0.020540540540540539,0.93189189189189192,0.047567567567567567,0.027027027027027029,True,1,1
2024-05-23,510.8758544921875,0.044628590548460023,1,Sideways,0.020540540540540539,0.93189189189189192,0.047567567567567567,0.027027027027027029,True,1,1
2024-05-24,514.25616455078125,0.041671892701615754,1,Sideways,0.020529443544030253,0.93192868719611022,0.047541869259859537,0.027012425715829284,True,1,1
2024-05-28,514.615478515625,0.038721142981817058,1,Sideways,0.020518358531317494,0.93196544276457882,0.047516198704103674,0.02699784017278618,True,1,1
2024-05-29,511.01181030273438,0.048049653946178994,1,Sideways,0.020507285483000539,0.93200215866162983,0.047490555855369668,0.026983270372369129,True,1,1
2024-05-30,507.62188720703125,0.044488823980120218,1,Sideways,0.020496224379719527,0.93203883495145634,0.047464940668824167,0.02696871628910464,True,1,1
2024-05-31,512.24542236328125,0.044235136115217566,1,Sideways,0.020485175202156335,0.93207547169811322,0.047439353099730457,0.026954177897574122,True,1,1
2024-06-03,512.6630859375,0.032290858858534,1,Sideways,0.020474137931034482,0.93211206896551724,0.047413793103448273,0.026939655172413791,True,1,1
2024-06-04,513.23614501953125,0.022881839928327707,1,Sideways,0.020463112547119008,0.93214862681744748,0.047388260635433492,0.026925148088314484,True,1,1
2024-06-05,519.3359375,0.033897859207602909,1,Sideways,0.020452099031216361,0.9321851453175457,0.047362755651237889,0.026910656620021529,True,1,1
2024-06-06,519.326416015625,0.033778915264307097,1,Sideways,0.020441097364174286,0.93222162452931678,0.047337278106508875,0.026896180742334588,True,1,1
2024-06-07,518.69500732421875,0.026606758816421383,1,Sideways,0.020430107526881722,0.93225806451612903,0.047311827956989246,0.026881720430107524,True,1,1
2024-06-10,520.29754638671875,0.028453702177196227,1,Sideways,0.020419129500268671,0.93229446534121441,0.047286405158516925,0.026867275658248254,True,1,1
2024-06-11,521.55059814453125,0.030792027020596136,1,Sideways,0.020408163265306121,0.93233082706766912,0.047261009667024706,0.026852846401718585,True,1,1
2024-06-12,525.834228515625,0.034511751459769036,1,Sideways,0.020397208803005905,0.93236714975845414,0.047235641438539991,0.026838432635534086,True,1,1
2024-06-13,526.892822265625,0.023915485042606655,1,Sideways,0.0203862660944206,0.93240343347639487,0.047210300429184553,0.026824034334763953,True,1,1
2024-06-14,527.2135009765625,0.026650784512189496,1,Sideways,0.020375335120643431,0.93243967828418228,0.047184986595174262,0.026809651474530832,True,1,1
2024-06-17,531.4095458984375,0.033336581321331327,1,Sideways,0.020364415862808145,0.932475884244373,0.047159699892818867,0.026795284030010722,True,1,1
2024-06-18,532.7596435546875,0.034769627228559807,1,Sideways,0.020353508302088912,0.93251205141938942,0.047134440278521691,0.026780931976432779,True,1,1
2024-06-20,531.31243896484375,0.029434049283803221,1,Sideways,0.020342612419700215,0.93254817987152039,0.047109207708779445,0.02676659528907923,True,1,1
2024-06-21,530.60003662109375,0.031022282607535479,1,Sideways,0.020331728196896735,0.93258426966292129,0.047084002140181914,0.026752273943285179,True,1,1
2024-06-24,528.875244140625,0.035232414079011454,1,Sideways,0.020320855614973262,0.93262032085561497,0.047058823529411764,0.026737967914438502,True,1,1
2024-06-25,530.9119873046875,0.032388182975804813,1,Sideways,0.020309994655264563,0.93265633351149113,0.047033671833244257,0.026723677177979695,True,1,1
2024-06-26,531.57452392578125,0.032954790747984353,1,Sideways,0.0202991452991453,0.93269230769230771,0.047008547008547008,0.026709401709401708,True,1,1
2024-06-27,532.41253662109375,0.041879122726500517,1,Sideways,0.0202883075280299,0.9327282434596903,0.046983449012279764,0.026695141484249865,True,1,1
2024-06-28,530.3175048828125,0.044709690909219946,1,Sideways,0.020277481323372464,0.93276414087513337,0.046958377801494131,0.026680896478121666,True,1,1
2024-07-01,531.408935546875,0.037410804171136292,1,Sideways,0.020266666666666665,0.93279999999999996,0.046933333333333334,0.026666666666666668,True,1,1
2024-07-02,534.9852294921875,0.043541546421013155,1,Sideways,0.020255863539445629,0.93283582089552242,0.046908315565031986,0.026652452025586356,True,1,1
2024-07-03,537.37261962890625,0.047028010095540917,1,Sideways,0.020245071923281833,0.9328716036228023,0.046883324453915826,0.026638252530633993,True,1,1
2024-07-05,540.4713134765625,0.040696925535915751,1,Sideways,0.020234291799787009,0.93290734824281152,0.046858359957401494,0.026624068157614485,True,1,1
2024-07-08,541.09503173828125,0.041917019915276743,1,Sideways,0.020223523150612027,0.93294305481639173,0.046833422032996272,0.026609898882384245,True,1,1
2024-07-09,541.62115478515625,0.044199668663105429,1,Sideways,0.02021276595744681,0.93297872340425536,0.046808510638297871,0.026595744680851061,True,1,1
2024-07-10,546.98065185546875,0.051284319240124665,2,Bull,0,0.29235880398671099,0.70764119601328901,0.70764119601328901,True,1,1
2024-07-11,542.2642822265625,0.03971557918967461,1,Sideways,0.020191285866099893,0.93251859723698194,0.047290116896918172,0.027098831030818279,True,1,1
2024-07-12,545.68463134765625,0.037750305620208202,1,Sideways,0.020191285866099893,0.93251859723698194,0.047290116896918172,0.027098831030818279,True,1,1
2024-07-15,547.18536376953125,0.03851360399378545,1,Sideways,0.020180562931492299,0.93255443441317043,0.047265002655337229,0.02708443972384493,True,1,1
2024-07-16,550.43017578125,0.044036571069752561,1,Sideways,0.020169851380042462,0.93259023354564752,0.047239915074309982,0.02707006369426752,True,1,1
2024-07-17,542.712646484375,0.021270036778936019,1,Sideways,0.020159151193633953,0.93262599469496021,0.047214854111405836,0.027055702917771884,True,1,1
2024-07-18,538.54180908203125,0.010853234844824033,1,Sideways,0.020148462354188761,0.93266171792152708,0.047189819724284196,0.027041357370095435,True,1,1
2024-07-19,534.96563720703125,0.0068758003281552682,1,Sideways,0.020137784843667197,0.93269740328563855,0.047164811870694226,0.027027027027027029,True,1,1
2024-07-22,540.48114013671875,0.018622508167448926,1,Sideways,0.020127118644067795,0.93273305084745761,0.047139830508474576,0.027012711864406781,True,1,1
2024-07-23,539.63330078125,0.020341388181452702,1,Sideways,0.020116463737427211,0.93276866066701958,0.047114875595553204,0.026998411858125994,True,1,1
2024-07-24,527.40386962890625,-0.0066077198474856491,1,Sideways,0.020105820105820106,0.93280423280423286,0.047089947089947091,0.026984126984126985,True,0,0
2024-07-25,524.65594482421875,-0.013015257109139533,1,Sideways,0.020095187731359071,0.93283976731887885,0.047065044949762033,0.026969857218402962,True,0,0
2024-07-26,530.53179931640625,-0.0035324812533968908,1,Sideways,0.020084566596194502,0.93287526427061307,0.047040169133192387,0.026955602536997886,True,0,0
2024-07-29,530.84368896484375,0.00099220575822323021,1,Sideways,0.020073956682514528,0.93291072371896455,0.047015319598520865,0.026941362916006337,True,1,1
2024-07-30,528.1541748046875,-0.0061247760895063452,1,Sideways,0.020063357972544878,0.93294614572333689,0.046990496304118265,0.026927138331573387,True,0,0
2024-07-31,536.73919677734375,0.003278534038820391,1,Sideways,0.020052770448548814,0.9329815303430079,0.046965699208443269,0.026912928759894456,True,1,1
2024-08-01,529.13848876953125,-0.015322944561375729,1,Sideways,0.020042194092827006,0.93301687763713081,0.046940928270042197,0.026898734177215191,True,0,0
2024-08-02,519.28680419921875,-0.039196362043852351,1,Sideways,0.020031628887717447,0.93305218766473375,0.046916183447548762,0.026884554559831315,True,0,0
2024-08-05,504.16314697265625,-0.068253971297759675,0,Bear,0.80104712041884818,0.19895287958115182,0,-0.80104712041884818,True,0,0
2024-08-06,508.81134033203125,-0.060577054945609721,0,Bear,0.80104712041884818,0.19895287958115182,0,-0.80104712041884818,True,0,0
2024-08-07,505.410400390625,-0.075999491616072778,0,Bear,0.80208333333333337,0.19791666666666666,0,-0.80208333333333337,True,0,0
2024-08-08,517.0941162109375,-0.046416787608203003,1,Sideways,0.020537124802527645,0.93259610321221698,0.0468667719852554,0.026329647182727754,True,0,0
2024-08-09,519.3743896484375,-0.048215104820235388,1,Sideways,0.020537124802527645,0.93259610321221698,0.0468667719852554,0.026329647182727754,True,0,0
2024-08-12,519.647216796875,-0.050326907106848395,0,Bear,0.7989690721649485,0.20103092783505155,0,-0.7989690721649485,True,0,0
2024-08-13,528.19317626953125,-0.04039931037602873,1,Sideways,0.021041557075223566,0.93214097843240395,0.046817464492372438,0.025775907417148872,True,0,0
2024-08-14,529.85955810546875,-0.023683045645180645,1,Sideways,0.021041557075223566,0.93214097843240395,0.046817464492372438,0.025775907417148872,True,0,0
2024-08-15,538.9415283203125,0.00074222508176768898,1,Sideways,0.021030494216614092,0.93217665615141954,0.046792849631966352,0.02576235541535226,True,1,1
2024-08-16,540.14984130859375,0.0096907235549341664,1,Sideways,0.021019442984760904,0.93221229637414604,0.046768260641093011,0.025748817656332107,True,1,1
2024-08-19,545.314453125,0.0089426117386051107,1,Sideways,0.02100840336134454,0.93224789915966388,0.046743697478991597,0.025735294117647058,True,1,1
2024-08-20,544.4276123046875,0.0088843878176096958,1,Sideways,0.020997375328083989,0.93228346456692912,0.046719160104986876,0.025721784776902887,True,1,1
2024-08-21,546.298583984375,0.035825892534242287,1,Sideways,0.02098635886673662,0.93231899265477436,0.046694648478488983,0.025708289611752363,True,1,1
2024-08-22,542.01092529296875,0.033078783610399398,1,Sideways,0.02097535395909806,0.93235448348190875,0.046670162558993186,0.025694808599895126,True,1,1
2024-08-23,547.77001953125,0.032492341151002302,1,Sideways,0.020964360587002098,0.9323899371069182,0.046645702306079666,0.025681341719077568,True,1,1
2024-08-26,546.4642333984375,0.029425883284124765,1,Sideways,0.020953378732320588,0.93242535358826606,0.046621267679413304,0.025667888947092717,True,1,1
2024-08-27,547.21453857421875,0.036088636005915831,1,Sideways,0.020942408376963352,0.93246073298429322,0.046596858638743459,0.025654450261780107,True,1,1
2024-08-28,544.03778076171875,0.013598008172678089,1,Sideways,0.020931449502878074,0.93249607535321821,0.046572475143903717,0.025641025641025644,True,1,1
2024-08-29,544.0865478515625,0.028249804917407806,1,Sideways,0.020920502092050208,0.93253138075313813,0.046548117154811712,0.025627615062761504,True,1,1
2024-08-30,549.2803955078125,0.057759201786084846,2,Bull,0,0.29470198675496689,0.70529801324503316,0.70529801324503316,True,1,1
2024-09-03,537.9766845703125,0.067068641967775955,2,Bull,0,0.29470198675496689,0.70529801324503316,0.70529801324503316,True,1,1
2024-09-04,536.87554931640625,0.055156414096551698,2,Bull,0,0.29372937293729373,0.70627062706270627,0.70627062706270627,True,1,1
2024-09-05,535.56976318359375,0.059673015770270954,2,Bull,0,0.29276315789473684,0.70723684210526316,0.70723684210526316,True,1,1
2024-09-06,526.55609130859375,0.018298361557447018,1,Sideways,0.020898641588296761,0.93207941483803558,0.047021943573667714,0.026123301985370953,True,1,1
2024-09-09,532.45147705078125,0.02517853722282215,1,Sideways,0.020898641588296761,0.93207941483803558,0.047021943573667714,0.026123301985370953,True,1,1
2024-09-10,534.77069091796875,0.029103348641632998,1,Sideways,0.020887728459530026,0.93211488250652741,0.046997389033942558,0.026109660574412531,True,1,1
2024-09-11,540.25689697265625,0.022839599686477197,1,Sideways,0.020876826722338204,0.93215031315240082,0.04697286012526096,0.026096033402922755,True,1,1
2024-09-12,544.80767822265625,0.028211475830756116,1,Sideways,0.020865936358894107,0.93218570683359414,0.046948356807511735,0.026082420448617628,True,1,1
2024-09-13,547.653076171875,0.016164179959769154,1,Sideways,0.020855057351407715,0.93222106360792489,0.04692387904066736,0.026068821689259645,True,1,1
2024-09-16,548.46185302734375,0.015388344276123345,1,Sideways,0.020844189682126108,0.93225638353309015,0.046899426784783739,0.026055237102657631,True,1,1
2024-09-17,548.6859130859375,0.0061825978416982785,1,Sideways,0.020833333333333332,0.93229166666666663,0.046875,0.026041666666666668,True,1,1
2024-09-18,547.05865478515625,0.0048326764128125976,1,Sideways,0.020822488287350338,0.93232691306611137,0.046850598646538261,0.026028110359187923,True,1,1
2024-09-19,556.3939208984375,0.018479522389447167,1,Sideways,0.02081165452653486,0.93236212278876174,0.046826222684703434,0.026014568158168574,True,1,1
2024-09-20,555.43212890625,0.024761869156100014,1,Sideways,0.020800832033281331,0.93239729589183562,0.046801872074882997,0.026001040041601666,True,1,1
2024-09-23,556.82012939453125,0.016521732735621075,1,Sideways,0.020790020790020791,0.93243243243243246,0.04677754677754678,0.025987525987525989,True,1,1
2024-09-24,558.41326904296875,0.021866089149551016,1,Sideways,0.020779220779220779,0.93246753246753245,0.046753246753246755,0.025974025974025976,True,1,1
2024-09-25,557.18170166015625,0.018214360882858216,1,Sideways,0.020768431983385256,0.93250259605399788,0.046728971962616821,0.025960539979231565,True,1,1
2024-09-26,559.3907470703125,0.028220404632740337,1,Sideways,0.020757654385054489,0.93253762324857292,0.046704722366372603,0.025947067981318114,True,1,1
2024-09-27,558.579345703125,0.02663693470972639,1,Sideways,0.020746887966804978,0.93257261410788383,0.046680497925311204,0.025933609958506226,True,1,1
2024-09-30,560.81768798828125,0.021004376953600357,1,Sideways,0.020736132711249352,0.93260756868843964,0.046656298600311043,0.025920165889061691,True,1,1
2024-10-01,555.793701171875,0.033118566496600277,1,Sideways,0.02072538860103627,0.93264248704663211,0.046632124352331605,0.025906735751295335,True,1,1
2024-10-02,556.0283203125,0.035674507845404158,1,Sideways,0.020714655618850338,0.93267736923873645,0.046607975142413258,0.02589331952356292,True,1,1
2024-10-03,555.01171875,0.036301443626759688,1,Sideways,0.020703933747412008,0.93271221532091098,0.046583850931677016,0.025879917184265008,True,1,1
2024-10-04,560.055419921875,0.063619677307367173,2,Bull,0,0.29411764705882354,0.70588235294117652,0.70588235294117652,True,1,1
2024-10-07,554.9921875,0.04233383025636539,1,Sideways,0.020682523267838676,0.93226473629782836,0.047052740434332989,0.026370217166494313,True,1,1
2024-10-08,560.24102783203125,0.04762852068489587,1,Sideways,0.020682523267838676,0.93226473629782836,0.047052740434332989,0.026370217166494313,True,1,1
2024-10-09,564.12152099609375,0.044172733670154951,1,Sideways,0.020671834625322998,0.93229974160206719,0.047028423772609816,0.026356589147286818,True,1,1
2024-10-10,563.1343994140625,0.033638881983444335,1,Sideways,0.020661157024793389,0.9323347107438017,0.047004132231404962,0.026342975206611573,True,1,1
2024-10-11,566.50653076171875,0.034425908317050613,1,Sideways,0.020650490449148167,0.93236964377903975,0.046979865771812082,0.026329375322663915,True,1,1
2024-10-14,571.1395263671875,0.041347767788534107,1,Sideways,0.02063983488132095,0.93240454076367385,0.046955624355005159,0.026315789473684209,True,1,1
2024-10-15,566.7020263671875,0.032835020640357149,1,Sideways,0.020629190304280558,0.93243940175348117,0.046931407942238268,0.02630221763795771,True,1,1
2024-10-16,569.1651611328125,0.040409755250719881,1,Sideways,0.020618556701030927,0.93247422680412373,0.046907216494845361,0.026288659793814433,True,1,1
2024-10-17,569.21405029296875,0.023041462016389236,1,Sideways,0.020607934054611025,0.93250901597114888,0.046883049974240081,0.026275115919629055,True,1,1
2024-10-18,571.40350341796875,0.028754862530493863,1,Sideways,0.020597322348094749,0.93254376930998972,0.046858908341915549,0.0262615859938208,True,1,1
2024-10-21,570.4652099609375,0.024505365101012977,1,Sideways,0.020586721564590838,0.93257848687596501,0.046834791559444158,0.02624806999485332,True,1,1
2024-10-22,570.1622314453125,0.021039905485196631,1,Sideways,0.020576131687242798,0.9326131687242798,0.046810699588477368,0.02623456790123457,True,1,1
2024-10-23,564.952392578125,0.013946421597865744,1,Sideways,0.02056555269922879,0.93264781491002569,0.0467866323907455,0.02622107969151671,True,1,1
2024-10-24,566.1741943359375,0.012126491725420685,1,Sideways,0.020554984583761562,0.93268242548818092,0.046762589928057555,0.026207605344295993,True,1,1
2024-10-25,565.9786376953125,0.013246626551995933,1,Sideways,0.02054442732408834,0.93271700051361073,0.046738572162300977,0.026194144838212637,True,1,1
2024-10-28,567.72833251953125,0.012322443958640683,1,Sideways,0.020533880903490759,0.93275154004106775,0.046714579055441477,0.026180698151950718,True,1,1
2024-10-29,568.647216796875,0.023126414707289378,1,Sideways,0.020523345305284761,0.93278604412519239,0.046690610569522832,0.026167265264238071,True,1,1
2024-10-30,566.9268798828125,0.01960072746688013,1,Sideways,0.020512820512820513,0.93282051282051281,0.046666666666666669,0.026153846153846156,True,1,1
2024-10-31,555.813232421875,0.0014441382853684903,1,Sideways,0.020502306509482315,0.93285494618144538,0.046642747309072273,0.026140440799589958,True,1,1
2024-11-01,558.15924072265625,-0.0033856992214864601,1,Sideways,0.020491803278688523,0.93288934426229508,0.046618852459016397,0.026127049180327874,True,0,0
2024-11-04,556.9569091796875,0.0035400888948324827,1,Sideways,0.020481310803891449,0.93292370711725547,0.046594982078853049,0.0261136712749616,True,1,1
2024-11-05,563.6915283203125,0.0061589571574820479,1,Sideways,0.020470829068577279,0.9329580348004094,0.046571136131013303,0.026100307062436025,True,1,1
2024-11-06,577.70806884765625,0.024084434551569833,1,Sideways,0.020460358056265986,0.9329923273657289,0.046547314578005115,0.026086956521739129,True,1,1
2024-11-07,582.17486572265625,0.033811584460841315,1,Sideways,0.020449897750511249,0.93302658486707568,0.046523517382413088,0.026073619631901839,True,1,1
2024-11-08,584.69671630859375,0.032109401320434383,1,Sideways,0.020439448134900357,0.93306080735820129,0.046499744506898311,0.026060296371997953,True,1,1
2024-11-11,585.25384521484375,0.024712558308531696,1,Sideways,0.020429009193054137,0.93309499489274772,0.046475995914198161,0.026046986721144024,True,1,1
2024-11-12,583.43585205078125,0.029528438059177375,1,Sideways,0.02041858090862685,0.93312914752424703,0.046452271567126086,0.026033690658499236,True,1,1
2024-11-13,583.71917724609375,0.025570813372192802,1,Sideways,0.020408163265306121,0.93316326530612248,0.04642857142857143,0.026020408163265309,True,1,1
2024-11-14,579.9659423828125,0.018889013867998905,1,Sideways,0.020397756246812851,0.93319734829168788,0.046404895461499236,0.026007139214686385,True,1,1
2024-11-15,572.53741455078125,0.0019844315374857313,1,Sideways,0.020387359836901122,0.93323139653414888,0.046381243628950054,0.025993883792048932,True,1,1
2024-11-18,574.8831787109375,0.007744501632803269,1,Sideways,0.020376974019358125,0.93326541008660213,0.046357615894039736,0.025980641874681611,True,1,1
2024-11-19,576.9847412109375,0.011965909682110087,1,Sideways,0.020366598778004074,0.93329938900203668,0.046334012219959267,0.025967413441955193,True,1,1
2024-11-20,577.18023681640625,0.021644025937265665,1,Sideways,0.020356234096692113,0.93333333333333335,0.046310432569974552,0.025954198473282439,True,1,1
2024-11-21,580.27874755859375,0.024912038315697771,1,Sideways,0.020345879959308241,0.93336724313326547,0.046286876907426243,0.025940996948118002,True,1,1
2024-11-22,582.07720947265625,0.02844377986225366,1,Sideways,0.020335536349771224,0.93340111845449925,0.046263345195729534,0.02592780884595831,True,1,1
2024-11-25,584.05169677734375,0.028752069119698076,1,Sideways,0.02032520325203252,0.93343495934959353,0.046239837398373985,0.025914634146341466,True,1,1
2024-11-26,587.101318359375,0.032452636744535246,1,Sideways,0.020314880650076181,0.93346876587100047,0.046216353478923312,0.025901472828847132,True,1,1
2024-11-27,585.32232666015625,0.032447653180858627,1,Sideways,0.02030456852791878,0.93350253807106598,0.046192893401015227,0.025888324873096447,True,1,1
2024-11-29,588.95843505859375,0.059633705538627346,2,Bull,0,0.29641693811074921,0.70358306188925079,0.70358306188925079,True,1,1
2024-12-02,590.0140380859375,0.057071163637886668,2,Bull,0,0.29641693811074921,0.70358306188925079,0.70358306188925079,True,1,1
2024-12-03,590.28765869140625,0.05984439543233222,2,Bull,0,0.29545454545454547,0.70454545454545459,0.70454545454545459,True,1,1
2024-12-04,593.95306396484375,0.053684567044504972,2,Bull,0,0.29449838187702265,0.70550161812297729,0.70550161812297729,True,1,1
2024-12-05,592.9755859375,0.026427737317738398,1,Sideways,0.020283975659229209,0.93306288032454365,0.04665314401622718,0.026369168356997971,True,1,1
2024-12-06,594.09979248046875,0.020483410500743648,1,Sideways,0.020283975659229209,0.93306288032454365,0.04665314401622718,0.026369168356997971,True,1,1
2024-12-09,591.04034423828125,0.010849433138152564,1,Sideways,0.020273694880892042,0.9330968068930563,0.046629498226051697,0.026355803345159655,True,1,1
2024-12-10,589.2027587890625,0.0067473517799256921,1,Sideways,0.020263424518743668,0.93313069908814594,0.046605876393110438,0.026342451874366769,True,1,1
2024-12-11,593.75762939453125,0.01769136625298029,1,Sideways,0.020253164556962026,0.93316455696202527,0.046582278481012658,0.026329113924050632,True,1,1
2024-12-12,590.69818115234375,0.01195609837452305,1,Sideways,0.020242914979757085,0.9331983805668016,0.046558704453441298,0.026315789473684213,True,1,1
2024-12-13,590.5809326171875,0.018302782040550358,1,Sideways,0.020232675771370764,0.93323216995447644,0.046535154274152758,0.026302478502781994,True,1,1
2024-12-16,593.10272216796875,0.035919587252342788,1,Sideways,0.020222446916076844,0.9332659251769464,0.046511627906976744,0.026289180990899899,True,1,1
2024-12-17,590.65911865234375,0.027441992609317012,1,Sideways,0.0202122283981809,0.93329964628600304,0.046488125315816066,0.026275896917635166,True,1,1
2024-12-18,573.05548095703125,-0.0068099898892642896,1,Sideways,0.020202020202020204,0.93333333333333335,0.046464646464646465,0.026262626262626262,True,0,0
2024-12-19,572.87945556640625,-0.0074513660996470277,1,Sideways,0.020191822311963654,0.93336698637051996,0.046441191317516409,0.026249369005552754,True,0,0
2024-12-20,579.76031494140625,-0.00089341996302416682,1,Sideways,0.020181634712411706,0.93340060544904135,0.046417759838546922,0.026236125126135216,True,0,0
2024-12-23,583.23211669921875,0.0019841134608393762,1,Sideways,0.020171457387796268,0.93343419062027233,0.046394351991931419,0.026222894604135152,True,1,1
2024-12-24,589.71466064453125,0.0096959976290358352,1,Sideways,0.020161290322580645,0.93346774193548387,0.046370967741935484,0.02620967741935484,True,1,1
2024-12-26,589.75396728515625,0.0045182131990333385,1,Sideways,0.020151133501259445,0.93350125944584383,0.046347607052896728,0.026196473551637282,True,1,1
2024-12-27,583.5458984375,-0.0030349572222753141,1,Sideways,0.02014098690835851,0.93353474320241692,0.04632426988922457,0.026183282980866061,True,0,0
2024-12-30,576.88665771484375,-0.020496823927055208,1,Sideways,0.020130850528434826,0.93356819325616502,0.046300956215400098,0.026170105686965272,True,0,0
2024-12-31,574.78802490234375,-0.025806187990015328,1,Sideways,0.020120724346076459,0.9336016096579477,0.046277665995975853,0.026156941649899394,True,0,0
2025-01-02,573.3756103515625,-0.028650519947063802,1,Sideways,0.020110608345902465,0.93363499245852188,0.046254399195575668,0.026143790849673203,True,0,0
2025-01-03,580.544921875,-0.022574413540928151,1,Sideways,0.020100502512562814,0.93366834170854274,0.046231155778894473,0.026130653266331658,True,0,0
2025-01-06,583.88909912109375,-0.015323542877470175,1,Sideways,0.020090406830738324,0.93370165745856348,0.046207935710698145,0.026117528879959821,True,0,0
2025-01-07,577.288818359375,-0.028296549390978698,1,Sideways,0.020080321285140562,0.9337349397590361,0.046184738955823292,0.026104417670682729,True,0,0
2025-01-08,578.13226318359375,-0.021839593828951065,1,Sideways,0.020070245860511791,0.93376818866031108,0.046161565479177123,0.026091319618665332,True,0,0
2025-01-10,569.30560302734375,-0.033769624233619733,1,Sideways,0.020060180541624874,0.93380140421263791,0.04613841524573721,0.026078234704112337,True,0,0
2025-01-13,570.18829345703125,-0.039695213620301928,1,Sideways,0.020050125313283207,0.93383458646616546,0.04611528822055138,0.026065162907268173,True,0,0
2025-01-14,570.97283935546875,-0.033393266521312914,1,Sideways,0.02004008016032064,0.93386773547094193,0.046092184368737472,0.026052104208416832,True,0,0
2025-01-15,581.35894775390625,-0.015615107691360097,1,Sideways,0.020030045067601403,0.93390085127691536,0.046069103655483223,0.02603905858788182,True,0,0
2025-01-16,580.24090576171875,-0.021685647233646521,1,Sideways,0.02002002002002002,0.93393393393393398,0.046046046046046049,0.026026026026026029,True,0,0
2025-01-17,586.06640625,-0.0077755718269829632,1,Sideways,0.02001000500250125,0.93396698349174589,0.04602301150575288,0.02601300650325163,True,0,0
2025-01-21,591.4310302734375,0.032065916699231645,1,Sideways,0.02,0.93400000000000005,0.045999999999999999,0.025999999999999999,True,1,1
2025-01-22,594.755615234375,0.038186322542042905,1,Sideways,0.01999000499750125,0.93403298350824593,0.045977011494252873,0.025987006496751622,True,1,1
2025-01-23,598.00189208984375,0.031463997583693004,1,Sideways,0.01998001998001998,0.93406593406593408,0.045954045954045952,0.025974025974025972,True,1,1
2025-01-24,596.25616455078125,0.022330813888082224,1,Sideways,0.0199700449326011,0.93409885172241636,0.04593110334498253,0.02596105841238143,True,1,1
2025-01-27,587.82196044921875,-0.0032095186394787145,1,Sideways,0.019960079840319361,0.93413173652694614,0.04590818363273453,0.025948103792415168,True,0,0
2025-01-28,592.8726806640625,0.0052881600665830586,1,Sideways,0.019950124688279301,0.93416458852867834,0.045885286783042392,0.025935162094763091,True,1,1
2025-01-29,590.21490478515625,0.011428417825424031,1,Sideways,0.019940179461615155,0.93419740777667004,0.045862412761714856,0.025922233300099701,True,1,1
2025-01-30,593.3826904296875,0.028594928473796966,1,Sideways,0.019930244145490782,0.93423019431988041,0.0458395615346288,0.025909317389138018,True,1,1
2025-01-31,590.22467041015625,0.026856240629639316,1,Sideways,0.019920318725099601,0.93426294820717126,0.045816733067729085,0.025896414342629483,True,1,1
2025-02-03,586.2528076171875,0.022458571716591491,1,Sideways,0.019910403185664508,0.93429566948730713,0.045793927327028375,0.025883524141363867,True,1,1
2025-02-04,590.18548583984375,0.01660606027472844,1,Sideways,0.019900497512437811,0.93432835820895521,0.045771144278606964,0.025870646766169153,True,1,1
2025-02-05,592.57843017578125,0.014881817570780553,1,Sideways,0.019890601690701143,0.9343610144206862,0.045748383888612631,0.025857782197911489,True,1,1
2025-02-06,594.63800048828125,0.030052863622426873,1,Sideways,0.019880715705765408,0.93439363817097421,0.045725646123260438,0.02584493041749503,True,1,1
2025-02-07,589.19488525390625,0.01913510588285483,1,Sideways,0.01987083954297069,0.93442622950819676,0.045702930948832592,0.025832091405861901,True,1,1
2025-02-10,593.1962890625,0.041964607248049068,1,Sideways,0.019860973187686197,0.93445878848063557,0.045680238331678252,0.025819265143992055,True,1,1
2025-02-11,593.64752197265625,0.041142950118096211,1,Sideways,0.019851116625310174,0.93449131513647643,0.045657568238213403,0.025806451612903229,True,1,1
2025-02-12,591.7349853515625,0.036362755922909828,1,Sideways,0.01984126984126984,0.93452380952380953,0.045634920634920632,0.025793650793650792,True,1,1
2025-02-13,597.98223876953125,0.028593850803964482,1,Sideways,0.01983143282102132,0.9345562716906296,0.045612295488349032,0.025780862667327712,True,1,1
2025-02-14,597.952880859375,0.030525209308372769,1,Sideways,0.019821605550049554,0.93458870168483643,0.045589692765113973,0.02576808721506442,True,1,1
2025-02-18,599.7083740234375,0.023277170689115056,1,Sideways,0.019811788013868251,0.93462109955423478,0.045567112431896976,0.025755324418028726,True,1,1
2025-02-19,601.12066650390625,0.016383374788416116,1,Sideways,0.019801980198019802,0.93465346534653471,0.045544554455445543,0.025742574257425741,True,1,1
2025-02-20,598.6197509765625,0.0064970143084144283,1,Sideways,0.019792182088075209,0.93468579910935179,0.045522018802572985,0.025729836714497776,True,1,1
2025-02-21,588.3809814453125,-0.016088428434413382,1,Sideways,0.019782393669634024,0.93471810089020768,0.04549950544015826,0.025717111770524236,True,0,0
2025-02-24,585.7034912109375,-0.017698220944674214,1,Sideways,0.019772614928324272,0.93475037073652989,0.045477014335145824,0.025704399406821551,True,0,0
2025-02-25,582.79071044921875,-0.0085591392267058142,1,Sideways,0.019762845849802372,0.93478260869565222,0.045454545454545456,0.025691699604743084,True,0,0
2025-02-26,583.08489990234375,-0.016509077042908604,1,Sideways,0.019753086419753086,0.93481481481481477,0.045432098765432097,0.025679012345679011,True,0,0
2025-02-27,573.77777099609375,-0.027849404777478104,1,Sideways,0.019743336623889437,0.93484698914116482,0.045409674234945706,0.025666337611056269,True,0,0
2025-02-28,582.73187255859375,-0.017949323502141845,1,Sideways,0.019733596447952639,0.9348791317217563,0.045387271830291072,0.025653675382338433,True,0,0
2025-03-03,572.5224609375,-0.029992323872796933,1,Sideways,0.019723865877712032,0.9349112426035503,0.045364891518737675,0.025641025641025644,True,0,0
2025-03-04,565.74560546875,-0.034980134648375683,1,Sideways,0.019714144898965006,0.93494332183341544,0.045342533267619514,0.025628388368654508,True,0,0
2025-03-05,571.826171875,-0.031107701570664892,1,Sideways,0.019704433497536946,0.93497536945812809,0.045320197044334973,0.025615763546798027,True,0,0
2025-03-06,561.6756591796875,-0.052149672385015444,0,Bear,0.79487179487179482,0.20512820512820512,0,-0.79487179487179482,True,0,0
2025-03-07,564.8236083984375,-0.050138726528344946,0,Bear,0.79487179487179482,0.20512820512820512,0,-0.79487179487179482,True,0,0
2025-03-10,549.77923583984375,-0.066897473824941378,0,Bear,0.79591836734693877,0.20408163265306123,0,-0.79591836734693877,True,0,0
2025-03-11,545.20904541015625,-0.080896061787884443,0,Bear,0.79695431472081213,0.20304568527918782,0,-0.79695431472081213,True,0,0
2025-03-12,548.102294921875,-0.076720992449251901,0,Bear,0.79797979797979801,0.20202020202020202,0,-0.79797979797979801,True,0,0
2025-03-13,540.79571533203125,-0.086084600844188897,0,Bear,0.79899497487437188,0.20100502512562815,0,-0.79899497487437188,True,0,0
2025-03-14,551.96636962890625,-0.076951899500078635,0,Bear,0.80000000000000004,0.20000000000000001,0,-0.80000000000000004,True,0,0
2025-03-17,556.22271728515625,-0.069788381175192815,0,Bear,0.80099502487562191,0.19900497512437812,0,-0.80099502487562191,True,0,0
2025-03-18,550.21087646484375,-0.082535945307075753,0,Bear,0.80198019801980203,0.19801980198019803,0,-0.80198019801980203,True,0,0
2025-03-19,556.20306396484375,-0.074723104764142456,0,Bear,0.80295566502463056,0.19704433497536947,0,-0.80295566502463056,True,0,0
2025-03-20,554.5946044921875,-0.073544426846181232,0,Bear,0.80392156862745101,0.19607843137254902,0,-0.80392156862745101,True,0,0
2025-03-21,554.77764892578125,-0.057111520561027085,0,Bear,0.80487804878048785,0.1951219512195122,0,-0.80487804878048785,True,0,0
2025-03-24,564.71282958984375,-0.035838375451195836,1,Sideways,0.020177165354330708,0.93454724409448819,0.045275590551181105,0.025098425196850398,True,0,0
2025-03-25,566.0703125,-0.028690227296743531,1,Sideways,0.020177165354330708,0.93454724409448819,0.045275590551181105,0.025098425196850398,True,0,0
2025-03-26,559.31243896484375,-0.040770153611389137,1,Sideways,0.020167240531234629,0.93457943925233644,0.045253320216428923,0.025086079685194294,True,0,0
2025-03-27,557.82708740234375,-0.027799410155013859,1,Sideways,0.020157325467059981,0.93461160275319566,0.045231071779744343,0.025073746312684362,True,0,0
2025-03-28,546.59332275390625,-0.062015742585032174,0,Bear,0.80193236714975846,0.19806763285024154,0,-0.80193236714975846,True,0,0
2025-03-31,550.26251220703125,-0.038880481115130872,1,Sideways,0.020628683693516701,0.93418467583497056,0.045186640471512773,0.024557956777996073,True,0,0
2025-04-01,551.81671142578125,-0.024620419333929999,1,Sideways,0.020628683693516701,0.93418467583497056,0.045186640471512773,0.024557956777996073,True,0,0
2025-04-02,555.308837890625,-0.028885236102809353,1,Sideways,0.020618556701030927,0.93421698576337753,0.045164457535591555,0.024545900834560628,True,0,0
2025-04-03,527.94281005859375,-0.060057523536554358,0,Bear,0.79807692307692313,0.20192307692307693,0,-0.79807692307692313,True,0,0
2025-04-04,497.035400390625,-0.12001659810224041,0,Bear,0.79807692307692313,0.20192307692307693,0,-0.79807692307692313,True,0,0
2025-04-07,496.150146484375,-0.097546589356989566,0,Bear,0.79904306220095689,0.20095693779904306,0,-0.79904306220095689,True,0,0
2025-04-08,488.3790283203125,-0.10423527923512532,0,Bear,0.80000000000000004,0.20000000000000001,0,-0.80000000000000004,True,0,0
2025-04-09,539.66827392578125,-0.015387676851993271,1,Sideways,0.021088769004413928,0.93379107405590978,0.045120156939676311,0.024031387935262383,True,0,0
2025-04-10,516.0205078125,-0.045812507046806172,1,Sideways,0.021088769004413928,0.93379107405590978,0.045120156939676311,0.024031387935262383,True,0,0
2025-04-11,525.227783203125,-0.048442419496966704,1,Sideways,0.021078431372549021,0.93382352941176472,0.045098039215686274,0.024019607843137253,True,0,0
2025-04-14,530.32330322265625,-0.046563028185744315,1,Sideways,0.021068103870651642,0.93385595296423318,0.045075943165115137,0.024007839294463495,True,0,0
2025-04-15,528.83782958984375,-0.038845191524245815,1,Sideways,0.021057786483839373,0.93388834476003912,0.045053868756121447,0.023996082272282074,True,0,0
2025-04-16,517.08282470703125,-0.070334454792369105,0,Bear,0.79716981132075471,0.20283018867924529,0,-0.79716981132075471,True,0,0
2025-04-17,517.82061767578125,-0.066307869781889073,0,Bear,0.79716981132075471,0.20283018867924529,0,-0.79716981132075471,True,0,0
2025-04-21,505.4951171875,-0.088832943853645263,0,Bear,0.7981220657276995,0.20187793427230047,0,-0.7981220657276995,True,0,0
2025-04-22,518.64703369140625,-0.081573843349540209,0,Bear,0.7990654205607477,0.20093457943925233,0,-0.7990654205607477,True,0,0
2025-04-23,526.68365478515625,-0.06957909087458769,0,Bear,0.80000000000000004,0.20000000000000001,0,-0.80000000000000004,True,0,0
2025-04-24,537.769775390625,-0.03851633197017601,1,Sideways,0.021526418786692758,0.93346379647749511,0.045009784735812131,0.023483365949119372,True,0,0
2025-04-25,541.65533447265625,-0.028990619664948758,1,Sideways,0.021526418786692758,0.93346379647749511,0.045009784735812131,0.023483365949119372,True,0,0
2025-04-28,541.86181640625,-0.0086563559243962862,1,Sideways,0.021515892420537898,0.93349633251833741,0.044987775061124696,0.023471882640586798,True,0,0
2025-04-29,545.27532958984375,-0.0090632789015274717,1,Sideways,0.021505376344086023,0.93352883675464315,0.044965786901270774,0.023460410557184751,True,0,0
2025-04-30,545.49169921875,-0.011462161395382031,1,Sideways,0.021494870542256961,0.93356130923302394,0.0449438202247191,0.023448949682462139,True,0,0
2025-05-01,549.3575439453125,-0.010717088472639635,1,Sideways,0.021484375,0.93359375,0.044921875,0.0234375,True,0,0
2025-05-02,557.51220703125,0.056008712325061216,2,Bull,0,0.29581993569131831,0.70418006430868163,0.70418006430868163,True,1,1
2025-05-05,554.31536865234375,0.11524323663204239,2,Bull,0,0.29581993569131831,0.70418006430868163,0.70418006430868163,True,1,1
2025-05-06,549.68218994140625,0.10789484561548357,2,Bull,0,0.29487179487179488,0.70512820512820518,0.70512820512820518,True,1,1
2025-05-07,551.9937744140625,0.1302569160525604,2,Bull,0,0.29392971246006389,0.70607028753993606,0.70607028753993606,True,1,1
2025-05-08,555.84002685546875,0.029966099011244696,1,Sideways,0.021463414634146343,0.93317073170731712,0.045365853658536584,0.023902439024390241,True,1,1
2025-05-09,555.1317138671875,0.0757938986194302,2,Bull,0,0.29523809523809524,0.70476190476190481,0.70476190476190481,True,1,1
2025-05-12,573.47747802734375,0.091864323189390085,2,Bull,0,0.29523809523809524,0.70476190476190481,0.70476190476190481,True,1,1
2025-05-13,577.26470947265625,0.088514696534637505,2,Bull,0,0.29430379746835444,0.70569620253164556,0.70569620253164556,True,1,1
2025-05-14,578.00250244140625,0.092967390191608823,2,Bull,0,0.29337539432176657,0.70662460567823349,0.70662460567823349,True,1,1
2025-05-15,580.82562255859375,0.12327386408101626,2,Bull,0,0.29245283018867924,0.70754716981132071,0.70754716981132071,True,1,1
2025-05-16,584.5045166015625,0.12877799116050936,2,Bull,0,0.29153605015673983,0.70846394984326022,0.70846394984326022,True,1,1
2025-05-19,585.1439208984375,0.15756592102034861,2,Bull,0,0.29062500000000002,0.70937499999999998,0.70937499999999998,True,1,1
2025-05-20,583.17657470703125,0.12441899176853277,2,Bull,0,0.28971962616822428,0.71028037383177567,0.71028037383177567,True,1,1
2025-05-21,573.349609375,0.088603384908308325,2,Bull,0,0.28881987577639751,0.71118012422360244,0.71118012422360244,True,1,1
2025-05-22,573.5758056640625,0.066582452030571559,2,Bull,0,0.28792569659442724,0.71207430340557276,0.71207430340557276,True,1,1
2025-05-23,569.6607666015625,0.05170341792382005,2,Bull,0,0.28703703703703703,0.71296296296296291,0.71296296296296291,True,1,1
2025-05-27,581.50439453125,0.073159940273921809,2,Bull,0,0.28615384615384615,0.7138461538461538,0.7138461538461538,True,1,1
2025-05-28,578.14007568359375,0.060271837565933684,2,Bull,0,0.28527607361963192,0.71472392638036808,0.71472392638036808,True,1,1
2025-05-29,580.4222412109375,0.064034965229012419,2,Bull,0,0.28440366972477066,0.7155963302752294,0.7155963302752294,True,1,1
2025-05-30,579.77301025390625,0.055365520404360824,2,Bull,0,0.28353658536585363,0.71646341463414631,0.71646341463414631,True,1,1
2025-06-02,583.038818359375,0.045786641092675051,1,Sideways,0.021452949780594831,0.93271574841540716,0.045831301803998047,0.024378352023403216,True,1,1
2025-06-03,586.36376953125,0.057816186761739274,2,Bull,0,0.28484848484848485,0.7151515151515152,0.7151515151515152,True,1,1
2025-06-04,586.20635986328125,0.066445976584703192,2,Bull,0,0.28484848484848485,0.7151515151515152,0.7151515151515152,True,1,1
2025-06-05,583.373291015625,0.056847591505668094,2,Bull,0,0.28398791540785501,0.71601208459214505,0.71601208459214505,True,1,1
2025-06-06,589.36395263671875,0.060312183652738272,2,Bull,0,0.28313253012048195,0.7168674698795181,0.7168674698795181,True,1,1
2025-06-09,589.89520263671875,0.062622055092763418,2,Bull,0,0.2822822822822823,0.71771771771771775,0.71771771771771775,True,1,1
2025-06-10,593.23956298828125,0.034460089049905607,1,Sideways,0.021442495126705652,0.93226120857699801,0.046296296296296294,0.024853801169590642,True,1,1
2025-06-11,591.54766845703125,0.024742477324523726,1,Sideways,0.021442495126705652,0.93226120857699801,0.046296296296296294,0.024853801169590642,True,1,1
2025-06-12,593.898681640625,0.027501921067945911,1,Sideways,0.021432050657574281,0.93229420360448123,0.046273745737944474,0.024841695080370194,True,1,1
2025-06-13,587.25885009765625,0.011076005067964356,1,Sideways,0.021421616358325218,0.93232716650438174,0.046251217137293084,0.024829600778967866,True,1,1
2025-06-16,592.84619140625,0.014271360729918525,1,Sideways,0.021411192214111922,0.93236009732360092,0.046228710462287104,0.024817518248175182,True,1,1
2025-06-17,587.7802734375,0.0045054771055548226,1,Sideways,0.021400778210116732,0.93239299610894943,0.046206225680933855,0.024805447470817123,True,1,1
2025-06-18,587.69171142578125,0.0077423149601272279,1,Sideways,0.021390374331550801,0.93242586290714635,0.046183762761302871,0.02479338842975207,True,1,1
2025-06-20,586.31146240234375,0.022607241402803568,1,Sideways,0.021379980563654033,0.93245869776482027,0.04616132167152575,0.024781341107871717,True,1,1
2025-06-23,592.1026611328125,0.032300622316696836,1,Sideways,0.021369596891694997,0.93249150072850895,0.046138902379796017,0.02476930548810102,True,1,1
2025-06-24,598.64385986328125,0.050877811780200011,2,Bull,0,0.28358208955223879,0.71641791044776115,0.71641791044776115,True,1,1
2025-06-25,598.97930908203125,0.030051216663405933,1,Sideways,0.021348859776807377,0.93207180980106741,0.046579330422125184,0.025230470645317808,True,1,1
2025-06-26,603.66558837890625,0.044151086854048449,1,Sideways,0.021348859776807377,0.93207180980106741,0.046579330422125184,0.025230470645317808,True,1,1
2025-06-27,606.664794921875,0.045212867198520135,1,Sideways,0.02133850630455868,0.9321047526673133,0.046556741028128033,0.025218234723569353,True,1,1
2025-06-30,609.5654296875,0.051386351048915646,2,Bull,0,0.2857142857142857,0.7142857142857143,0.7142857142857143,True,1,1
2025-07-01,609.3681640625,0.045158821117972314,1,Sideways,0.021317829457364341,0.9316860465116279,0.046996124031007752,0.025678294573643411,True,1,1
2025-07-02,612.13055419921875,0.04394334371744546,1,Sideways,0.021317829457364341,0.9316860465116279,0.046996124031007752,0.025678294573643411,True,1,1
2025-07-03,616.9549560546875,0.052453535643280258,2,Bull,0,0.28783382789317508,0.71216617210682498,0.71216617210682498,True,1,1
2025-07-07,612.357421875,0.04968367819670827,1,Sideways,0.021297192642787996,0.93126815101645688,0.047434656340755083,0.026137463697967087,True,1,1
2025-07-08,612.02203369140625,0.038444972674896327,1,Sideways,0.021297192642787996,0.93126815101645688,0.047434656340755083,0.026137463697967087,True,1,1
2025-07-09,615.692138671875,0.043731388083593226,1,Sideways,0.021286889211417512,0.93130140299951625,0.047411707789066282,0.02612481857764877,True,1,1
2025-07-10,617.42852783203125,0.040774362252417484,1,Sideways,0.021276595744680851,0.93133462282398449,0.047388781431334626,0.026112185686653775,True,1,1
2025-07-11,615.2579345703125,0.040081750596914878,1,Sideways,0.021266312228129532,0.93136781053649109,0.047365877235379411,0.026099565007249879,True,1,1
2025-07-14,616.43212890625,0.03794156808595206,1,Sideways,0.021256038647342997,0.93140096618357493,0.047342995169082129,0.026086956521739132,True,1,1
2025-07-15,613.79791259765625,0.045191421969352552,1,Sideways,0.021245774987928536,0.93143408981168518,0.04732013520038629,0.026074360212457754,True,1,1
2025-07-16,615.8499755859375,0.03880228044498657,1,Sideways,0.021235521235521235,0.93146718146718144,0.0472972972972973,0.026061776061776065,True,1,1
2025-07-17,619.61871337890625,0.054167248171168358,2,Bull,0,0.28994082840236685,0.7100591715976331,0.7100591715976331,True,1,1
2025-07-18,619.16497802734375,0.053554042008191916,2,Bull,0,0.28994082840236685,0.7100591715976331,0.7100591715976331,True,1,1
2025-07-21,620.3389892578125,0.058036605179173639,2,Bull,0,0.28908554572271389,0.71091445427728617,0.71091445427728617,True,1,1
2025-07-22,620.42779541015625,0.047838214783821442,1,Sideways,0.021215043394406944,0.93105110896817744,0.047733847637415623,0.026518804243008679,True,1,1
2025-07-23,625.70599365234375,0.045205731827338891,1,Sideways,0.021215043394406944,0.93105110896817744,0.047733847637415623,0.026518804243008679,True,1,1
2025-07-24,625.91326904296875,0.044966427975976719,1,Sideways,0.021204819277108433,0.93108433734939755,0.047710843373493975,0.026506024096385541,True,1,1
2025-07-25,628.5572509765625,0.041234191706207346,1,Sideways,0.02119460500963391,0.93111753371868977,0.047687861271676298,0.026493256262042388,True,1,1
2025-07-28,628.3994140625,0.035826405821725471,1,Sideways,0.02118440057775638,0.93115069812229179,0.047664901299951851,0.026480500722195471,True,1,1
2025-07-29,626.741943359375,0.02817829364221125,1,Sideways,0.021174205967276226,0.93118383060635224,0.04764196342637151,0.026467757459095284,True,1,1
2025-07-30,625.95269775390625,0.027215950339186445,1,Sideways,0.021164021164021163,0.93121693121693117,0.047619047619047616,0.026455026455026454,True,1,1
2025-07-31,623.6046142578125,0.018744465506388419,1,Sideways,0.021153846153846155,0.93125000000000002,0.047596153846153844,0.026442307692307689,True,1,1
2025-08-01,613.38348388671875,-0.0057888702131637659,1,Sideways,0.02114368092263335,0.93128303700144166,0.047573282075925039,0.026429601153291689,True,0,0
2025-08-04,622.70672607421875,0.016900757351041573,1,Sideways,0.021133525456292025,0.93131604226705089,0.047550432276657062,0.026416906820365037,True,1,1
2025-08-05,619.5496826171875,0.012299637123157625,1,Sideways,0.021123379740758522,0.93134901584253482,0.04752760441670667,0.026404224675948149,True,1,1
2025-08-06,624.2952880859375,0.013973135068153564,1,Sideways,0.021113243761996161,0.93138195777351251,0.047504798464491363,0.026391554702495202,True,1,1
2025-08-07,623.77227783203125,0.010274468564442252,1,Sideways,0.021103117505995205,0.93141486810551555,0.047482014388489209,0.026378896882494004,True,1,1
2025-08-08,628.63616943359375,0.021744107814918978,1,Sideways,0.02109300095877277,0.93144774688398846,0.047459252157238736,0.026366251198465966,True,1,1
2025-08-11,627.39300537109375,0.017781157001488301,1,Sideways,0.021082894106372783,0.93148059415428841,0.047436511739338764,0.026353617632965981,True,1,1
2025-08-12,634.07232666015625,0.033031089950593895,1,Sideways,0.021072796934865901,0.93151340996168586,0.047413793103448273,0.026340996168582372,True,1,1
2025-08-13,636.2427978515625,0.033113295565567968,1,Sideways,0.021062709430349449,0.93154619435136432,0.047391096218286265,0.026328386787936815,True,1,1
2025-08-14,636.30206298828125,0.026925186811091129,1,Sideways,0.021052631578947368,0.93157894736842106,0.04736842105263158,0.026315789473684213,True,1,1
2025-08-15,634.812255859375,0.025271580898976964,1,Sideways,0.021042563366810138,0.93161166905786708,0.047345767575322814,0.026303204208512676,True,1,1
2025-08-18,634.67413330078125,0.023108565302528694,1,Sideways,0.021032504780114723,0.9316443594646272,0.047323135755258129,0.026290630975143406,True,1,1
2025-08-19,631.23101806640625,0.017412538148952716,1,Sideways,0.0210224558050645,0.93167701863354035,0.047300525561395128,0.026278069756330628,True,1,1
2025-08-20,629.5537109375,0.0061494013549343585,1,Sideways,0.021012416427889206,0.93170964660936006,0.047277936962750719,0.026265520534861513,True,1,1
2025-08-21,627.028076171875,0.0017810888249913948,1,Sideways,0.021002386634844869,0.93174224343675416,0.047255369928400952,0.026252983293556083,True,1,1
2025-08-22,636.6571044921875,0.012886421249680202,1,Sideways,0.020992366412213741,0.93177480916030531,0.047232824427480918,0.026240458015267178,True,1,1
2025-08-25,633.85528564453125,0.0086821716569720486,1,Sideways,0.020982355746304245,0.93180734382451125,0.047210300429184553,0.026227944682880307,True,1,1
2025-08-26,636.5091552734375,0.015584104458861825,1,Sideways,0.020972354623450904,0.93183984747378457,0.04718779790276454,0.026215443279313636,True,1,1
2025-08-27,637.95947265625,0.019181601014625294,1,Sideways,0.020962363030014291,0.93187232015245358,0.047165316817532159,0.026202953787517868,True,1,1
2025-08-28,640.21875,0.026642098795181202,1,Sideways,0.020952380952380951,0.9319047619047619,0.047142857142857146,0.026190476190476195,True,1,1
2025-08-29,636.40069580078125,0.037524994589377192,1,Sideways,0.020942408376963352,0.93193717277486909,0.04712041884816754,0.026178010471204188,True,1,1
2025-09-02,631.68475341796875,0.014417745895167977,1,Sideways,0.02093244529019981,0.93196955280685057,0.04709800190294957,0.02616555661274976,True,1,1
2025-09-03,635.10821533203125,0.025112647381432263,1,Sideways,0.020922491678554447,0.93200190204469802,0.047075606276747506,0.026153114598193059,True,1,1
2025-09-04,640.41607666015625,0.025822377458020629,1,Sideways,0.020912547528517109,0.93203422053231944,0.047053231939163498,0.026140684410646389,True,1,1
2025-09-05,638.56134033203125,0.023709073047299523,1,Sideways,0.020902612826603325,0.93206650831353921,0.047030878859857482,0.026128266033254157,True,1,1
2025-09-08,640.1300048828125,0.018283764135898828,1,Sideways,0.020892687559354226,0.9320987654320988,0.047008547008547008,0.026115859449192782,True,1,1
2025-09-09,641.6099853515625,0.022660405613001089,1,Sideways,0.020882771713336499,0.93213099193165638,0.046986236355007122,0.026103464641670623,True,1,1
2025-09-10,643.4647216796875,0.014812813341032793,1,Sideways,0.020872865275142316,0.93216318785578745,0.046963946869070211,0.026091081593927895,True,1,1
2025-09-11,648.81195068359375,0.019755277190522502,1,Sideways,0.020862968231389285,0.93219535324798486,0.04694167852062589,0.026078710289236605,True,1,1
2025-09-12,648.59490966796875,0.019319199786900443,1,Sideways,0.020853080568720379,0.93222748815165879,0.046919431279620852,0.026066350710900472,True,1,1
2025-09-15,652.0479736328125,0.027150890069229439,1,Sideways,0.020843202273803884,0.93225959261013736,0.046897205116058743,0.026054002842254859,True,1,1
2025-09-16,651.15020751953125,0.02595989556571654,1,Sideways,0.020833333333333332,0.93229166666666663,0.046875,0.026041666666666668,True,1,1
2025-09-17,650.34124755859375,0.030274541245970621,1,Sideways,0.020823473734027449,0.93232371036441075,0.046852815901561762,0.026029342167534313,True,1,1
2025-09-18,653.37994384765625,0.037846227408739219,1,Sideways,0.020813623462630087,0.93235572374645226,0.046830652790917693,0.026017029328287606,True,1,1
2025-09-19,656.61602783203125,0.047187602572433818,1,Sideways,0.020803782505910164,0.93238770685579198,0.046808510638297871,0.026004728132387706,True,1,1
2025-09-22,659.72259521484375,0.036229063588403498,1,Sideways,0.020793950850661626,0.93241965973534968,0.04678638941398866,0.025992438563327034,True,1,1
2025-09-23,656.1312255859375,0.035143573692463681,1,Sideways,0.020784128483703354,0.93245158242796411,0.046764289088332543,0.025980160604629189,True,1,1
2025-09-24,654.043701171875,0.027547986942787706,1,Sideways,0.020774315391879131,0.93248347497639283,0.046742209631728045,0.025967894239848913,True,1,1
2025-09-25,651.02630615234375,0.020482231326839351,1,Sideways,0.020764511562057573,0.93251533742331283,0.046720151014629542,0.025955639452571969,True,1,1
2025-09-26,654.75604248046875,0.022706758401669358,1,Sideways,0.020754716981132074,0.9325471698113208,0.046698113207547166,0.025943396226415092,True,1,1
2025-09-29,656.59619140625,0.031733930743203853,1,Sideways,0.020744931636020744,0.93257897218293262,0.046676096181046678,0.025931164545025934,True,1,1
2025-09-30,659.0694580078125,0.043351853027429277,1,Sideways,0.020735155513666354,0.93261074458058435,0.046654099905749292,0.025918944392082938,True,1,1
2025-10-01,661.3153076171875,0.041263979354219771,1,Sideways,0.02072538860103627,0.93264248704663211,0.046632124352331605,0.025906735751295335,True,1,1
2025-10-02,662.0770263671875,0.033823244756745696,1,Sideways,0.020715630885122412,0.93267419962335218,0.046610169491525424,0.025894538606403013,True,1,1
2025-10-03,662.06719970703125,0.036810652149373402,1,Sideways,0.020705882352941178,0.93270588235294116,0.046588235294117646,0.025882352941176467,True,1,1
2025-10-06,664.4415283203125,0.037979040588717039,1,Sideways,0.020696142991533398,0.93273753527751646,0.046566321730950141,0.025870178739416744,True,1,1
2025-10-07,661.9781494140625,0.031745397558517574,1,Sideways,0.020686412787964268,0.93276915843911612,0.046544428772919602,0.025858015984955334,True,1,1
2025-10-08,665.925537109375,0.034906055721370732,1,Sideways,0.020676691729323307,0.93280075187969924,0.046522556390977444,0.025845864661654137,True,1,1
2025-10-09,663.99639892578125,0.02340346571327645,1,Sideways,0.020666979802724285,0.9328323156411461,0.046500704556129639,0.025833724753405354,True,1,1
2025-10-10,646.04998779296875,-0.0039237462969032855,1,Sideways,0.020657276995305163,0.93286384976525827,0.04647887323943662,0.025821596244131457,True,0,0
2025-10-13,655.9630126953125,0.0060042193531983923,1,Sideways,0.020647583294228063,0.93289535429375881,0.046457062412013139,0.025809479117785077,True,1,1
2025-10-14,655.16168212890625,0.0061605979128167565,1,Sideways,0.020637898686679174,0.93292682926829273,0.046435272045028141,0.025797373358348967,True,1,1
2025-10-15,658.0703125,0.011884629754642662,1,Sideways,0.02062822315986873,0.93295827473042658,0.046413502109704644,0.025785278949835913,True,1,1
2025-10-16,653.58868408203125,0.00031947756636929725,1,Sideways,0.020618556701030927,0.9329896907216495,0.046391752577319589,0.025773195876288662,True,1,1
2025-10-17,657.29864501953125,0.0010395987282763031,1,Sideways,0.020608899297423888,0.93302107728337236,0.046370023419203744,0.025761124121779857,True,1,1
2025-10-20,664.1348876953125,0.0066881027154024331,1,Sideways,0.020599250936329586,0.93305243445692887,0.046348314606741575,0.025749063670411989,True,1,1
2025-10-21,664.12493896484375,0.012183101591861867,1,Sideways,0.020589611605053813,0.93308376228357515,0.046326626111371082,0.025737014506317268,True,1,1
2025-10-22,660.6722412109375,0.010134705107909259,1,Sideways,0.0205799812909261,0.93311506080449014,0.046304957904583721,0.025724976613657621,True,1,1
2025-10-23,664.5899658203125,0.020834272808624155,1,Sideways,0.020570359981299673,0.93314633006077607,0.046283309957924262,0.025712949976624589,True,1,1
2025-10-24,670.02130126953125,0.023314422164371074,1,Sideways,0.020560747663551402,0.93317757009345792,0.046261682242990654,0.025700934579439252,True,1,1
2025-10-27,677.92608642578125,0.032485560072848418,1,Sideways,0.020551144325081736,0.93320878094348436,0.046240074731433913,0.025688930406352176,True,1,1
2025-10-28,679.72662353515625,0.031342926418991945,1,Sideways,0.020541549953314659,0.93323996265172737,0.046218487394957986,0.025676937441643326,True,1,1
2025-10-29,680.0531005859375,0.028334128596334551,1,Sideways,0.020531964535697621,0.93327111525898276,0.046196920205319646,0.025664955669622024,True,1,1
2025-10-30,672.57391357421875,0.015854480353483247,1,Sideways,0.020522388059701493,0.93330223880597019,0.04617537313432836,0.025652985074626867,True,1,1
2025-10-31,674.780029296875,0.019201720906079078,1,Sideways,0.020512820512820513,0.93333333333333335,0.046153846153846156,0.025641025641025644,True,1,1
2025-11-03,676.04638671875,0.017465582604046848,1,Sideways,0.020503261882572229,0.93336439888164024,0.046132339235787509,0.02562907735321528,True,1,1
2025-11-04,668.03277587890625,0.009146263317305614,1,Sideways,0.020493712156497437,0.93339543549138337,0.046110852352119237,0.0256171401956218,True,1,1
2025-11-05,670.34783935546875,0.0066408359488507873,1,Sideways,0.020484171322160148,0.93342644320297952,0.046089385474860335,0.025605214152700187,True,1,1
2025-11-06,663.15545654296875,-0.0012664863607287913,1,Sideways,0.02047463936714751,0.93345742205677062,0.0460679385760819,0.025593299208934391,True,0,0
2025-11-07,663.808349609375,0.027487597170417377,1,Sideways,0.020465116279069766,0.93348837209302327,0.046046511627906975,0.025581395348837209,True,1,1
2025-11-10,674.1666259765625,0.027750975175341752,1,Sideways,0.020455602045560205,0.93351929335192929,0.046025104602510462,0.025569502556950258,True,1,1
2025-11-11,675.7099609375,0.031363676126209716,1,Sideways,0.020446096654275093,0.93355018587360594,0.046003717472118962,0.025557620817843869,True,1,1
2025-11-12,676.0859375,0.027376443911531156,1,Sideways,0.020436600092893636,0.93358104969809563,0.045982350209010682,0.025545750116117046,True,1,1
2025-11-13,664.86700439453125,0.017255990789284414,1,Sideways,0.020427112349117919,0.93361188486536673,0.04596100278551532,0.025533890436397401,True,1,1
2025-11-14,664.75811767578125,0.011348681018547246,1,Sideways,0.020417633410672854,0.9336426914153132,0.045939675174013921,0.025522041763341066,True,1,1
2025-11-17,658.56494140625,-0.0083867696039751083,1,Sideways,0.020408163265306121,0.93367346938775508,0.045918367346938778,0.025510204081632657,True,0,0
2025-11-18,653.03466796875,-0.016699073239712869,1,Sideways,0.020398701900788133,0.93370421882243859,0.045897079276773299,0.025498377375985166,True,0,0
2025-11-19,655.557373046875,-0.0077419147423047896,1,Sideways,0.020389249304911955,0.9337349397590361,0.045875810936051899,0.025486561631139944,True,0,0
2025-11-20,645.56524658203125,-0.02862625109724426,1,Sideways,0.020379805465493284,0.93376563223714681,0.045854562297359888,0.025474756831866605,True,0,0
2025-11-21,651.995849609375,-0.026902803875044401,1,Sideways,0.020370370370370372,0.93379629629629635,0.04583333333333333,0.025462962962962958,True,0,0
2025-11-24,661.59228515625,-0.024093778948156008,1,Sideways,0.020360944007403979,0.93382693197593702,0.045812124016658955,0.025451180009254976,True,0,0
2025-11-25,667.81512451171875,-0.017523955382956147,1,Sideways,0.020351526364477335,0.93385753931544868,0.045790934320074007,0.025439407955596672,True,0,0
2025-11-26,672.4254150390625,-0.01121630875633528,1,Sideways,0.02034211742949607,0.93388811835413776,0.045769764216366159,0.025427646786870088,True,0,0
2025-11-28,676.09588623046875,0.0052365585182057028,1,Sideways,0.020332717190388171,0.93391866913123844,0.045748613678373386,0.025415896487985215,True,1,1
2025-12-01,673.0091552734375,-0.0026243723088289483,1,Sideways,0.020323325635103928,0.93394919168591228,0.045727482678983834,0.025404157043879907,True,0,0
2025-12-02,674.25567626953125,-0.002648798195505675,1,Sideways,0.020313942751615882,0.93397968605724835,0.045706371191135735,0.025392428439519853,True,0,0
2025-12-03,676.59051513671875,0.012810358363859242,1,Sideways,0.02030456852791878,0.93401015228426398,0.045685279187817257,0.025380710659898477,True,1,1
2025-12-04,677.08514404296875,0.010050460808492812,1,Sideways,0.020295202952029519,0.93404059040590404,0.04566420664206642,0.0253690036900369,True,1,1
2025-12-05,678.37127685546875,0.022944575306399706,1,Sideways,0.020285846011987092,0.93407100046104197,0.045643153526970952,0.02535730751498386,True,1,1
2025-12-08,676.33331298828125,0.018868342626718437,1,Sideways,0.020276497695852536,0.93410138248847929,0.045622119815668202,0.025345622119815666,True,1,1
2025-12-09,675.74957275390625,0.0023480052502611315,1,Sideways,0.02026715799170889,0.93413173652694614,0.045601105481345001,0.025333947489636112,True,1,1
2025-12-10,680.231201171875,0.0066910960260258001,1,Sideways,0.020257826887661142,0.93416206261510126,0.045580110497237571,0.025322283609576429,True,1,1
2025-12-11,681.81414794921875,0.0084726070037786094,1,Sideways,0.02024850437183617,0.93419236079153245,0.045559134836631383,0.025310630464795213,True,1,1
2025-12-12,674.4832763671875,0.014463451952189121,1,Sideways,0.020239190432382703,0.93422263109475623,0.045538178472861082,0.025298988040478379,True,1,1
2025-12-15,673.46417236328125,0.013096575214364137,1,Sideways,0.020229885057471263,0.9342528735632184,0.045517241379310347,0.025287356321839084,True,1,1
2025-12-16,671.62408447265625,0.01982969673198931,1,Sideways,0.020220588235294119,0.93428308823529416,0.045496323529411763,0.025275735294117644,True,1,1
2025-12-17,664.23382568359375,0.017149407625905111,1,Sideways,0.020211299954065228,0.93431327514928797,0.045475424896646764,0.025264124942581536,True,1,1
2025-12-18,669.24969482421875,0.020886534634955156,1,Sideways,0.020202020202020204,0.93434343434343436,0.045454545454545456,0.025252525252525252,True,1,1
2025-12-19,675.31536865234375,0.046083834636120313,1,Sideways,0.020192748967416244,0.93437356585589715,0.045433685176686556,0.025240936209270311,True,1,1
2025-12-22,679.5224609375,0.042218997781376721,1,Sideways,0.020183486238532111,0.93440366972477062,0.04541284403669725,0.025229357798165139,True,1,1
2025-12-23,682.62823486328125,0.031795941668308902,1,Sideways,0.020174232003668042,0.93443374598807882,0.045392022008253097,0.025217790004585055,True,1,1
2025-12-24,685.02947998046875,0.025777127287041512,1,Sideways,0.020164986251145739,0.93446379468377638,0.045371219065077913,0.025206232813932174,True,1,1
2025-12-26,684.96002197265625,0.018640888124173083,1,Sideways,0.020155748969308291,0.934493815849748,0.045350435180943657,0.025194686211635366,True,1,1
2025-12-29,682.51904296875,0.0095003635861374836,1,Sideways,0.020146520146520148,0.93452380952380953,0.045329670329670328,0.02518315018315018,True,1,1
2025-12-30,681.685546875,0.012891936957436068,1,Sideways,0.020137299771167048,0.93455377574370713,0.045308924485125857,0.025171624713958809,True,1,1
2025-12-31,676.635009765625,0.0035288297597402263,1,Sideways,0.020128087831655993,0.93458371454711797,0.045288197621225983,0.025160109789569989,True,1,1
